x1,y1,x2,y2,x3,y3,x4,y4,x5,y5,x6,y6,x7,y7,x8,y8,x9,y9,x10,y10,x11,y11,x12,y12,x13,y13,x14,y14,x15,y15,x16,y16,x17,y17,x18,y18,x19,y19,x20,y20,x21,y21,x22,y22,x23,y23,x24,y24,x25,y25,x26,y26,x27,y27,x28,y28,x29,y29,x30,y30,x31,y31,x32,y32,x33,y33,x34,y34,x35,y35,x36,y36,x37,y37,x38,y38,x39,y39,x40,y40,Shape,Size,PairID,deleted_points
45.9023478,4.924055201,56.69394844,13.6518669,62.82242418,24.67221853,64.77153235,37.33763568,64.24657082,50.61570413,63.18207875,63.60496037,62.26384778,76.01488445,65.32642977,88.2515088,68.339662,100.7949089,70.39429861,113.3830646,73.57643263,125.8737691,75.82124922,138.4114034,75.93858331,151.0325965,74.10303489,163.6187011,70.03614264,175.8488198,64.45858349,187.7397968,57.93255782,199.256218,50.62426611,210.0060032,39.88275048,217.556044,25.63687957,220,12.90826245,215.8896604,2.620293342,206.490835,0,195.1925685,6.987568538,183.6544696,6.262103106,170.1198399,5.447984372,157.2701158,5.44387371,144.6751881,7.020898727,132.0576839,10.67786459,119.6581864,15.9945856,107.5813976,19.48999922,95.56669215,17.47139409,83.37352171,11.95836741,71.16936681,7.765230077,59.01989316,4.076122412,46.8640305,1.366844412,34.56295257,3.06200937,21.61002589,9.592005473,9.548306788,19.50791629,1.386677635,32.29336578,0,A_wide_forefoot,220,pair_001,
47.38664177,5.293225676,55.48410677,16.48015629,61.74571254,28.55724482,68.61006603,38.66048175,70.13381935,51.97818687,66.40236187,64.32966364,62.99421916,76.80230577,63.97051062,89.4961567,65.53914582,102.2817032,67.74570848,115.0460171,71.09043315,127.5071772,73.43660013,140.5568046,73.82093928,153.9296267,72.7383089,166.9364286,70.29162292,179.5932603,66.70583496,191.9641541,61.7890489,203.9347304,54.3438213,214.1619157,41.61123782,219.164219,28.15814333,220,16.86645995,214.7159626,9.018657164,205.0040469,4.464435593,193.6578841,2.654239495,182.1251872,0.128024997,170.4929522,0,158.6124946,1.650979967,146.3980537,4.842287553,134.3801131,10.23404609,122.9621407,16.92770976,112.132892,20.48011182,101.0662548,17.89822007,88.11475287,12.9852689,74.99608575,10.20415244,62.86807306,6.681728538,49.55809507,3.218049711,35.5702802,3.737259494,22.03674804,10.08395281,10.31866183,21.74221363,2.196187092,35.40544804,0,A_wide_forefoot,220,pair_002,
45.08679283,4.860464262,55.90812582,13.59311122,62.16075965,24.65669914,64.08854878,37.38027313,63.32997987,50.66997893,61.96835209,63.62951566,60.90772157,76.10470287,63.66483343,88.45482139,66.39243536,101.0510497,68.45470806,113.6709578,71.67591026,126.2127615,74.00120965,138.7910926,74.25061926,151.4346651,72.52616356,164.0145656,69.027862,176.3861053,64.03325327,188.4321462,57.97725856,200.0915128,50.68521445,210.7574495,39.56575746,217.8461421,25.35722083,220,12.84375092,215.6001238,3.126306784,206.0041164,0,194.6275009,4.715726266,183.2529131,3.328566368,170.1808142,2.776749873,157.4252773,3.343909425,144.754929,5.370504907,132.1403471,9.406340926,119.8314536,15.08361826,107.8832124,18.91294122,95.92104494,17.13128741,83.65402189,11.75902374,71.36008601,7.625507673,59.21003153,3.83849136,47.04241959,1.009095928,34.67575002,2.64411745,21.66650751,9.112611645,9.582743074,18.94823202,1.44517544,31.62829533,0,A_wide_forefoot,220,pair_003,
56.82990117,5.195724102,66.84390419,14.46982389,73.11405862,25.69446778,76.04318731,38.02469682,76.05704493,50.73128337,74.38221178,63.37796758,73.5365016,75.9027547,75.06365908,88.34540071,77.09187332,100.9025796,78.59742049,113.4977853,80.19632406,126.0732539,81.22705932,138.6591364,81.2031985,151.2813002,80.33527633,163.9669885,78.92427497,176.7427252,76.84623535,189.4741406,73.11447204,201.7000649,66.10671442,212.1343359,53.91632509,218.2776456,38.99926508,220,26.26236428,215.3409333,20.4860541,204.6560533,14.45758684,191.7682436,4.244543861,180.2289194,0,169.1931999,1.73962766,157.0020221,6.054370602,144.5824119,9.894466431,132.2655474,14.76520184,120.4045561,20.05411545,108.5916291,23.67206118,96.54584292,23.16308949,84.22909728,19.39598619,71.906642,15.22796889,59.70371855,12.47276223,47.27727287,11.95489213,34.59006508,13.93008351,22.02204005,19.49906004,10.61291062,30.21273819,2.03543877,43.91385577,0,A_wide_forefoot,220,pair_004,
45.8867494,5.384152364,56.13354064,14.50164738,62.08314621,25.68894263,64.55560843,38.0630952,64.26768465,50.83973923,62.29902445,63.55830124,60.38292431,76.00933537,62.5609121,88.31510651,65.1904242,100.8774844,67.26731477,113.4211052,70.47633353,125.7803176,72.98711917,138.2090018,73.60725016,150.8126926,72.30132244,163.4201639,68.93305157,175.7588241,63.88390792,187.7365755,57.76454041,199.3423139,50.54744522,210.0523068,39.42834609,217.378603,25.23223204,220,12.5647617,215.6771458,3.337706523,206.1544806,0,194.0379555,2.801434894,181.1524961,2.96197095,167.6368975,2.635887862,154.9376671,3.115201617,142.4481338,5.563362376,129.950251,10.30140838,117.7669203,16.29092547,106.0213947,19.49913423,94.27942434,16.82435043,82.11541746,11.50077432,69.83798424,7.467901443,57.79836008,3.553251133,45.7232038,1.061775544,33.33857745,2.745953679,20.46451945,9.177260183,8.772960304,19.51852727,0.950537929,32.55112919,0,A_wide_forefoot,220,pair_005,
45.81480986,5.105469067,56.34500187,14.08508872,62.54984383,25.29930108,64.61276516,37.91556735,63.57248112,50.89257734,61.21405155,63.59917478,59.20717136,76.12143965,60.99974851,88.58506371,63.17798016,101.22696,65.3064843,113.8221187,68.72058476,126.2627675,71.47855748,138.7583479,72.35284013,151.4008005,71.38163603,164.0609495,68.72487999,176.5867103,64.57333233,188.8374879,59.1803363,200.6960239,51.99518072,211.2761781,40.31205372,217.8405796,26.19508829,220,13.90816694,215.2117937,5.41611642,205.4487185,1.346014686,193.3174743,1.119724301,180.7268876,0.026558556,167.9591941,0,155.4274516,1.318690845,142.8234053,4.402569692,130.3371922,9.699012835,118.3227718,16.335537,106.8187141,20.25929022,95.17778695,18.08417043,82.8890263,12.91199591,70.47753788,8.897722558,58.45601012,4.725248122,46.37602661,1.8838312,33.91754811,3.482350086,20.93786812,9.846990228,9.115044183,19.87195872,1.213597157,32.62346357,0,A_wide_forefoot,220,pair_006,
46.57747477,5.155248671,56.86136047,14.24817606,63.20185777,25.48046897,66.14861282,37.93072915,66.21904321,50.79974373,64.53839635,63.61421926,63.30306266,76.23355129,65.54706854,88.75831422,67.91688915,101.4002724,69.79079679,114.0924914,72.4411654,126.7915967,74.24802869,139.5026371,74.27565905,152.2124096,72.71585064,164.8685,69.85801528,177.4130444,65.85691346,189.7363143,60.59393277,201.6232348,53.28565887,212.1254113,41.58825876,218.4696309,27.30982102,220,15.01427123,215.2126262,6.632524914,205.0960606,2.607693188,193.3669147,2.506175927,182.2991669,0,170.1082698,0.20458528,157.485503,1.99449131,144.7232403,4.772731034,132.1692126,9.086442721,119.9655933,14.71673139,108.0488981,18.60672179,96.02050017,17.27110319,83.63803221,12.43191225,71.21210085,8.563325764,58.95085529,5.161952389,46.63192203,2.77122366,34.05303121,4.328016508,21.00174189,10.56744276,9.092381553,20.7464868,1.213992943,33.58985439,0,A_wide_forefoot,220,pair_007,
51.57246336,4.350368039,62.42948723,12.36663533,68.28503769,23.13557753,69.5390543,37.15913163,66.59192833,51.40559232,64.13882926,64.09456996,63.222976,76.31687262,65.01390181,88.58636474,66.98787794,101.1595185,68.94351736,113.6198149,72.23722488,125.8676183,75.01477898,138.1559393,76.10488127,150.6120677,75.63116123,163.1618824,73.84564828,175.7133698,70.83523066,188.1172743,66.35152106,200.1080699,59.42546982,210.6568299,47.66095897,217.3712675,32.9990631,220,20.28268402,215.4903405,12.80145258,205.5570602,7.583886051,193.2052439,2.187640389,180.871127,0,169.1341369,0.637563908,156.946595,3.10638075,144.4785988,6.960456294,132.2616584,12.58990774,120.5371073,19.42108598,109.2212728,24.05309384,97.67232345,22.26065068,85.18340387,17.09247336,72.76882429,13.06855963,61.1882658,8.590680622,49.04229959,5.66790612,36.35059078,6.99193724,23.52195671,13.2408754,11.76280907,23.66433568,2.764256007,37.28151732,0,A_wide_forefoot,220,pair_008,
44.49279596,4.851910377,55.22058369,13.63604206,61.6519062,24.7577409,64.09260152,37.44107937,63.79381017,50.67837775,62.51577441,63.68913296,61.6311836,76.2926885,64.48413853,88.78395902,67.13181748,101.436834,69.1315773,114.1555103,72.16923224,126.9039519,74.19719075,139.6597106,74.11567932,152.3816497,72.1518441,164.9953977,68.62804809,177.422594,63.82293619,189.5684018,57.92639519,201.3045179,50.52115051,211.870242,39.17095495,218.4760456,25.03582689,220,12.79036251,215.3223631,3.135557601,205.497896,0,194.4753357,4.900911693,184.1051316,2.441822777,171.4263374,1.947107923,158.6212831,2.84216793,145.7799281,4.814131087,133.0653248,8.554135152,120.6735717,14.066072,108.6025449,18.18572191,96.48928247,16.86316744,84.10086159,11.58788507,71.70333451,7.656667743,59.40988691,4.080697177,47.1240903,1.041228918,34.65846802,2.518650255,21.46355141,8.998599343,9.222470021,18.778368,1.289160689,31.27131502,0,A_wide_forefoot,220,pair_009,
49.12650165,5.583771776,58.67407069,15.03547721,64.66291209,26.17896467,68.82427153,38.06832958,70.92752346,50.50933363,70.42532472,63.25867657,70.34403434,75.6610417,73.02041627,87.79575403,75.9416103,100.1640828,77.22259882,112.7738894,78.77811617,125.7057105,79.07304995,138.5150023,77.86545163,151.1614711,75.58520316,163.7041006,72.40800803,176.1013299,68.33376443,188.2505391,63.00544447,199.9250847,55.76564335,210.5555657,44.74662658,217.9784076,29.67334134,220,16.32979468,216.1654532,8.46595981,205.7507384,4.35868299,193.6735158,2.349074231,183.1493204,0,171.227848,0.926023861,158.512698,3.106411435,145.8921417,5.460751071,133.5121149,8.2127496,121.107186,11.95871851,108.676808,13.94374025,95.96878504,13.15861261,83.73491804,9.08296245,71.5949586,4.995886655,59.15916294,3.16709186,46.55535928,3.126116734,33.91741435,5.134024399,21.34636109,10.89474438,9.908869595,22.02804455,1.534714574,36.01776301,0,A_wide_forefoot,220,pair_011,
48.62477766,4.697883393,59.49945397,13.43463415,65.84317477,24.46496655,67.52942651,37.23860038,66.48637406,50.59721114,65.29144218,63.52420638,64.78274411,75.95568502,67.21213212,88.30850522,69.6906861,100.8797574,71.50450551,113.4773504,74.03869147,126.0357815,75.7992628,138.6098342,75.91312289,151.216066,74.57718448,163.8103214,72.08227743,176.3425342,68.52863106,188.6946334,63.62951075,200.6104161,56.5191079,211.1865357,44.99245898,217.9493116,30.36024626,220,17.64762955,215.5942584,9.597248362,205.4808202,5.070671292,193.5899737,2.768093234,182.4992187,0,170.676859,0.452953317,158.1893739,2.585606134,145.5279329,5.540740325,133.113536,9.777542043,121.0050943,15.18724062,109.0903499,19.1268515,97.05450497,18.27256529,84.76391859,13.6276606,72.49122173,9.259866284,60.33965178,5.922821292,48.04517957,4.198107969,35.55904269,5.784128173,22.70372727,11.99909119,10.89778082,22.09615805,2.208852549,35.18800741,0,A_wide_forefoot,220,pair_012,
45.40143373,4.90996396,56.0230134,13.7472611,62.16055508,24.71792624,64.38779006,37.25003699,64.38903531,50.45906715,64.01718781,63.45174658,64.06805779,75.78982645,67.20360664,87.95886599,70.2986055,100.4316399,71.96948441,113.010727,74.026698,125.5878242,75.17597475,138.1835674,74.6810486,150.7832057,72.67398319,163.3034079,69.34990044,175.6539006,64.84630512,187.7251808,59.18372536,199.368685,52.00765875,210.069204,41.16447158,217.6249105,26.35011551,220,13.18353571,216.148212,4.245260694,206.1962897,0.582080898,194.5383312,2.007441644,183.7754397,0,171.3822158,0.154181451,158.6726069,1.491540632,146.0673962,3.551647173,133.6218031,6.698761547,121.2830456,10.95101651,108.977528,14.13642165,96.68863123,13.14828415,84.48120668,8.438917956,72.35531618,4.02026243,60.11040207,1.240330678,47.72085194,0.067882049,35.27155507,2.077450046,22.622236,8.127111054,10.82131364,18.39796874,2.069120963,31.79636002,0,A_wide_forefoot,220,pair_013,
52.99522882,5.527973158,60.74326431,16.74957461,66.81381407,28.89746675,73.9614646,39.28386164,76.11108269,52.94019855,72.89378403,65.47817581,70.10609331,78.19008903,71.04154684,90.92036859,72.62978749,103.7802546,74.38758252,116.4273915,76.64735567,128.5156882,77.90915982,141.1751888,77.59370438,154.2883901,76.23073874,167.1888231,74.08427668,179.9646215,71.11449133,192.5691581,66.6647698,204.681942,59.23556976,214.8017832,46.59336951,219.6130195,32.69659333,220,21.0833143,214.5383302,14.56452371,204.1819075,9.482747553,191.9433499,3.17921104,180.3239794,0,169.1274363,1.020034983,157.023201,4.060671227,144.5839199,7.810666136,132.444627,12.84259584,120.7357968,18.59313887,109.2877433,21.86835078,97.58456518,19.87372417,85.34527288,15.48283495,73.01702393,12.50200928,60.99283585,9.804399123,48.05417273,7.791456299,34.59175728,8.799504448,21.2429902,14.96202892,9.533876272,26.93616785,1.74982353,41.03694453,0,A_wide_forefoot,220,pair_014,
53.80279084,4.892450901,63.89529327,14.00657954,70.53657329,25.08738438,74.56074536,37.35297341,76.38140017,50.31697264,75.87700123,63.09767033,75.79635997,75.20936687,78.33152249,87.42196943,81.08580575,99.92345124,82.17141535,112.6909775,83.38177957,126.1044515,83.40354639,139.4032794,82.09034111,152.3333711,80.53522448,165.2633435,78.0832162,177.9227108,75.5581479,190.5983827,71.50659001,202.7112485,64.22860658,213.097787,52.50913255,219.3188538,37.29188037,220,24.3762244,215.6666858,17.5308326,204.5517374,12.38011429,193.1307291,6.427970477,185.1991204,0,175.1326187,1.53593228,162.5923687,5.49109388,149.657989,8.214058906,137.215942,10.55840476,124.8403093,14.62011225,112.4031831,16.79716344,98.89283607,18.1062573,86.45242676,14.6100143,74.2088701,10.50665796,61.52117501,9.244521258,48.66542018,9.264463938,35.88377536,11.15515809,23.14616589,16.617466,11.27376957,27.23458464,2.409616282,40.90713885,0,A_wide_forefoot,220,pair_015,
49.06910134,5.31444559,57.91577543,16.74315339,64.32764834,28.82139573,69.92659764,38.34968109,70.79465892,51.3535368,68.53424648,64.28537595,66.85941094,77.4441208,68.66551053,90.43628676,70.50844966,103.2901238,72.47980968,115.9116901,75.35847641,128.1320123,77.04360172,140.8631599,76.74362428,153.9147307,75.16411287,166.6838691,72.77472702,179.3363191,69.65962616,191.8773974,65.12037859,203.9864414,57.69381456,214.2202726,45.20312709,219.3568676,31.1563049,220,19.58239125,214.7183493,11.72710711,204.6372412,7.010341379,193.7175499,4.77489185,184.2186191,0,173.3711015,0.252974221,161.2813655,2.771737418,148.7171695,5.741315075,136.4804536,9.975360155,124.6873815,15.68944041,113.1838471,20.10811719,101.2593254,19.59902521,88.0143023,15.0734077,75.11235568,11.71572755,62.79512835,8.693271959,49.74308226,5.971450587,36.11400413,6.958927418,22.81019522,13.01485469,10.98279627,23.7195842,2.448144714,36.88273752,0,A_wide_forefoot,220,pair_016,
52.57431426,5.646170778,62.02818071,15.1804285,67.98953486,26.38568368,71.99830806,38.28885378,73.67124843,50.6394999,72.80631901,63.33694858,72.35356451,75.80216927,74.62860379,88.07665966,77.38991074,100.5444693,78.73040308,113.1254885,79.74614815,125.7248524,80.04357223,138.3374025,79.29641154,150.9546701,77.60338414,163.5400981,75.11651481,176.0518653,71.7608471,188.3677088,67.00060008,200.2019729,59.87418042,210.784919,48.46361826,217.9026221,33.38691784,220,20.13056879,215.9538298,13.24823103,205.436622,8.352636894,192.8108168,2.258660608,181.4102159,0,169.7855558,1.366491984,157.2670707,4.189540462,144.7217092,7.354917519,132.4603674,11.00571591,120.2694449,14.95286773,107.9696552,17.50736069,95.62730613,16.564713,83.40045702,12.68174381,71.217457,8.588335908,58.88969728,6.504018003,46.36406081,6.587853261,33.70136544,8.633015029,21.20623459,14.27000171,9.938855858,25.49572323,1.56838751,39.58176617,0,A_wide_forefoot,220,pair_017,
51.12728775,4.85961503,61.50767607,13.89044002,68.18948298,25.11803788,71.43346283,37.66267436,71.81420895,50.69794666,70.68973782,63.65127546,70.43757305,76.40160498,72.85400968,89.06683002,75.08762547,101.7361786,76.68212988,114.5294433,78.54275434,127.5004609,79.43800052,140.4205457,78.77843364,153.1724645,77.01186185,165.854678,74.67017333,178.5856105,71.79926087,191.2852826,67.45833872,203.4707284,60.13329128,213.7939089,48.02249647,219.3724649,33.51310421,220,21.35221342,214.9708519,13.98919478,204.2524173,9.117297601,192.7739928,5.194400156,183.4315895,0,172.6150672,0.875318159,160.1262943,4.094175801,147.1943053,7.207116804,134.6637833,10.92521885,122.4278277,15.89055233,110.2414474,20.28534921,97.8854693,20.42833932,85.38518939,16.20447111,72.91073462,12.34617825,60.43967969,9.64923174,47.87415042,7.82028798,35.13487592,9.392844866,22.05453593,15.33383263,9.999357848,25.44068164,1.777635439,38.33523096,0,A_wide_forefoot,220,pair_019,
51.23136606,5.247262984,61.32100798,14.48733512,67.65099109,25.78530183,70.69360315,38.17121878,70.67317882,50.87621837,68.6116927,63.53940472,67.14299793,76.1590893,68.80459737,88.7151436,70.83865777,101.3520473,72.6243703,114.0184142,75.02704965,126.6662756,76.74599189,139.3302492,76.96612987,152.0258537,75.87866129,164.7341024,73.77968501,177.4311395,70.70858782,189.9920897,66.18357346,202.0868907,58.9922206,212.5181136,46.89925338,218.504233,32.4867346,220,20.20029535,215.0545989,13.08393141,204.6838521,8.096359766,192.3422376,2.888166636,180.6478263,0,169.0619651,0.866520724,156.6652513,3.629553758,143.9775223,7.254950718,131.5929267,12.19516923,119.612652,18.09394782,107.8981235,22.00022609,95.97591152,20.82854114,83.58832894,16.39646701,71.13645172,12.51104294,58.92776797,9.166908608,46.59547131,7.281860658,33.93629169,8.925985827,21.01543699,14.92815589,9.332415703,25.31499504,1.360381813,38.40174134,0,A_wide_forefoot,220,pair_020,
44.81840836,4.108026958,55.97366108,13.26439214,62.42112764,25.88046625,64.64160034,41.09633353,64.35311055,57.40947511,63.5096459,73.44528221,62.80443123,88.75198371,66.15124241,103.2868142,69.45347137,118.2037781,71.78001244,133.3103101,75.25332364,148.1390694,77.77266331,163.1570632,78.12629386,178.5764927,76.48987897,194.2276916,72.57379895,209.7573643,67.11251728,225.0847442,60.67808869,240.0874431,53.43254854,254.2625629,42.63024508,265.0072425,28.1633575,270,15.12051949,266.7633331,4.465868228,256.7154681,1.587019969,243.266055,8.491218592,228.1719255,7.501143995,211.7208846,6.433462477,196.1199642,6.19565942,180.7167323,7.568135006,165.0634937,11.06348275,149.3843264,16.25560299,133.8663837,19.59351531,118.6805466,17.3110057,104.05202,11.46853732,89.90156849,6.971649857,75.63234347,2.988097151,61.28440996,0,46.62105766,1.486602789,30.54097475,7.91496166,14.8708089,17.8648804,3.494272089,30.86365257,0,A_wide_forefoot,270,pair_001,
45.12396062,4.441656572,53.67602975,16.74012134,60.36627278,30.43639945,67.62995025,41.61933509,69.49155131,57.63208818,65.94453211,73.35264921,62.73165465,89.16659065,64.01803961,104.509712,65.9136726,119.8647383,68.46273836,135.0859999,72.17166097,149.7445212,74.87024883,165.2907553,75.56512826,181.5634327,74.74804763,197.6368936,72.52486049,213.5133517,69.12759743,229.233013,64.3569807,244.6885744,56.95534389,258.4415925,44.01630955,266.7050346,30.2449583,270,18.55146556,265.4530253,10.28850415,254.9143945,5.364870361,241.8225041,3.249815442,228.0389195,0.398562723,214.2547525,0,199.7619809,1.417499489,184.5604866,4.418340624,169.3387063,9.688264629,154.4779822,16.30595987,140.1164524,19.69834851,125.9958505,16.76033786,110.6093397,11.4291023,95.41260618,8.305405308,81.06582971,4.395231447,65.40033903,0.53002204,48.89680244,0.757713435,32.27506392,6.999744762,16.88628317,18.76733056,4.992498535,32.72347531,0,A_wide_forefoot,270,pair_002,
44.38261092,3.976425606,55.58477079,13.07464104,62.17215142,25.69205187,64.38064945,40.97234505,63.86036163,57.33797989,62.71877474,73.38798667,61.8749161,88.8015602,64.92204805,103.5037827,67.94377644,118.5113391,70.28744634,133.6451686,73.81151619,148.5139647,76.42263102,163.5584713,76.91797483,178.9863923,75.39913607,194.6251314,72.0673389,210.2684645,67.20338751,225.7325272,61.24965314,240.8788843,54.01644709,254.990957,42.81182033,265.2874828,28.36285658,270,15.51762233,266.4487025,5.424763996,256.1330542,2.019678603,242.6755248,6.612020929,228.0735079,4.948219293,212.2878608,4.142343624,196.7672255,4.479235418,181.1871242,6.305538501,165.4617756,10.18671313,149.8164461,15.74872137,134.3721562,19.42590056,119.181113,17.37513499,104.4378553,11.66211415,90.18683925,7.215123821,75.93062737,3.12116298,61.60226204,0,46.89036796,1.419449333,30.73957958,7.785765833,15.01380826,17.66113019,3.622172072,30.56484838,0,A_wide_forefoot,270,pair_003,
54.35100602,4.362366216,64.81523878,14.16446133,71.49319658,26.93230953,74.7775091,41.56957403,75.08696472,57.11800782,73.66675604,72.854131,73.09227167,88.31292725,74.94436425,103.3044543,77.31191946,118.3587073,79.14544035,133.5402798,81.0740472,148.6832691,82.42141034,163.9268173,82.69030163,179.3777625,82.09682362,195.0369059,80.94962963,210.890189,79.11873262,226.7923263,75.58360349,242.331428,68.65405933,256.1841963,56.32069431,265.586612,41.09401439,270,27.9503046,266.2667179,21.79030928,254.0831164,15.32105528,239.242498,4.600478387,226.6989388,0,213.8492278,1.497106888,198.660548,5.62437938,182.794306,9.268267008,167.1271664,13.97754505,151.8586409,19.11591996,136.5843052,22.53874974,121.2832514,21.73163403,106.288436,17.5898861,91.79020006,13.04060474,77.50021377,9.932054965,62.71831666,9.10722355,47.27149748,10.83665848,31.58521655,16.27104412,16.76177057,27.03652047,4.608614457,41.01148189,0,A_wide_forefoot,270,pair_004,
45.20131471,4.668770999,55.82296393,14.34472741,62.09998674,27.16756046,64.85239057,41.94021566,64.79666707,57.60096802,63.02549244,73.43186196,61.30294701,88.92816191,63.75371015,103.6594712,66.66981221,118.6396987,69.02188498,133.6762841,72.52530621,148.3249961,75.31781598,163.1588176,76.18509699,178.47785,75.08784764,194.0778488,71.88197938,209.6451247,66.95488085,225.0123559,60.92921373,240.0783539,53.76716944,254.2068019,42.56201831,264.7585294,28.13065104,270,15.12918192,266.5328015,5.540128333,256.2152162,1.909964184,241.8816529,4.527469594,225.7272432,4.439493381,209.1813964,3.870365027,193.7033779,4.126655737,178.3661583,6.391036218,162.7362473,10.99698292,147.1623307,16.88759771,131.9440735,19.94131407,117.1292159,16.98645395,102.6424922,11.32768442,88.39714525,6.989875324,74.25733366,2.771992746,60.05712201,0,45.27439054,1.478103756,29.29421943,7.820353641,14.07854967,18.22286742,3.031909006,31.49855907,0,A_wide_forefoot,270,pair_005,
44.32576139,4.240723765,55.25598517,13.62286363,61.81041257,26.39413049,64.16042872,41.50862041,63.34716093,57.53530485,61.18208356,73.43141193,59.37260352,89.04874538,61.44350287,104.0176167,63.9118122,119.1459441,66.32842163,134.2246676,70.05541944,148.9192983,73.11317647,163.780701,74.24938867,179.1076468,73.50060099,194.7363754,71.02727823,210.4566344,67.02159724,226.0675415,61.740118,241.3872519,54.60320073,255.4157573,42.79397593,265.2164388,28.41366872,270,15.7693583,266.0099461,6.906227908,255.3603798,2.515010711,241.1436808,2.0417813,225.7817939,0.679551477,210.3349252,0.411498381,195.0146761,1.516355364,179.4018038,4.426784968,163.6650683,9.606629415,148.1693935,16.16530564,133.0943861,19.94999722,118.2638058,17.49165594,103.5668334,11.969179,89.17473502,7.637105088,75.08372673,3.142289929,60.94525138,0,46.14188508,1.383506413,30.02719621,7.658299024,14.60366136,17.74785282,3.419697697,30.75139561,0,A_wide_forefoot,270,pair_006,
44.17054136,4.257318153,54.87784523,13.7555444,61.59913569,26.49107222,64.87673693,41.25063374,65.22262445,56.97544496,63.77712811,72.90947526,62.78274695,88.53472334,65.34347443,103.4961135,68.03532346,118.5809832,70.22124289,133.8054487,73.20112788,148.915992,75.31890473,164.1740358,75.61764636,179.7108737,74.29231905,195.4321947,71.63757303,211.2216434,67.80929324,226.9206616,62.68163835,242.2849503,55.4334965,256.2782747,43.60961714,265.878925,29.04455029,270,16.37224317,266.0834641,7.587816201,255.0338487,3.223384539,241.3259144,2.884050357,227.8085452,0.062397378,213.2967065,0.002914326,197.8296681,1.561223567,181.9422669,4.134392735,166.1537638,8.28481733,150.5517951,13.78735781,135.0932239,17.50831781,119.772275,15.87931327,104.8417498,10.66748792,90.41011805,6.451470085,76.02692694,2.711882333,61.4995804,0,46.49512234,1.31383358,30.29103705,7.439285207,14.74545617,17.67821448,3.508101732,30.78286296,0,A_wide_forefoot,270,pair_007,
49.52155636,3.304154306,60.75335907,11.58335243,66.93276693,23.94122923,68.47742773,40.93580187,65.73871559,58.79801768,63.47478123,74.68313696,62.77090868,89.77920072,64.83039939,104.5498923,67.08244157,119.6665112,69.31363838,134.64753,72.9064215,149.1789379,75.97319635,163.8330242,77.32096856,178.9314598,77.07451153,194.3659819,75.48930255,209.9882421,72.65119884,225.6031753,68.30168783,240.9208005,61.43234948,254.8183524,49.55258515,264.7056157,34.6386603,270,21.57546961,266.2779035,13.7527137,255.1734316,8.19452311,240.7869887,2.45431126,226.447512,0,212.385035,0.420513763,197.3709295,2.704662648,181.7541809,6.407313776,166.2487649,11.93116886,151.0949759,18.68919557,136.2715578,23.19840063,121.4739887,21.13321733,106.4348192,15.62424683,91.96453033,11.29883452,78.35353917,6.499438386,64.11445728,3.276836977,48.98697227,4.385834905,33.09066587,10.5412695,17.80682162,21.00925389,5.312451307,34.8544097,0,A_wide_forefoot,270,pair_008,
43.75809673,3.883434726,54.89036194,12.96212086,61.6834345,25.56549227,64.43377918,40.69726696,64.39831908,56.93119799,63.3584106,73.03991648,62.71192601,88.58967954,65.87928656,103.4226615,68.84034648,118.4850924,71.1412042,133.7284437,74.5023863,148.8472787,76.83279091,164.1316052,77.00868261,179.7016274,75.26046878,195.4311809,71.91569448,211.1744611,67.25693182,226.7722928,61.47544697,242.0383369,54.12969789,256.1070436,42.675396,265.9448753,28.27409933,270,15.67588646,266.1783587,5.617975567,255.6611134,2.191984572,242.6680001,6.984726337,229.2266629,4.215693874,214.103297,3.449767174,198.5209734,4.102097663,182.6787875,5.856556133,166.82464,9.422806429,151.0911817,14.80477899,135.4752116,18.76432987,120.0234531,17.1616431,105.07897,11.52293209,90.7361829,7.258666582,76.3122883,3.357273155,61.84267235,0,47.06997194,1.239735422,30.70513369,7.606610225,14.7311267,17.43042681,3.513396362,30.15979583,0,A_wide_forefoot,270,pair_009,
46.34985251,4.9435199,56.3096239,15.13039083,62.67621597,27.89855984,67.19482563,41.84197213,69.62564916,56.75623344,69.40453638,72.4225108,69.60504952,87.6038301,72.6137782,102.0609952,75.87768866,116.768678,77.47321228,132.0077152,79.35626547,147.6011159,79.95003379,163.2260244,79.00667653,178.867969,76.96625641,194.5372411,74.00713709,210.1577259,70.12686914,225.6039216,64.95590871,240.649985,57.81032909,254.6940579,46.7345686,265.3585565,31.39778492,270,17.69242964,267.229783,9.428976495,255.6227723,4.961266914,241.4418052,2.669822007,228.8585639,0,214.6151234,0.654427596,198.929687,2.591153893,183.1794692,4.710904021,167.6984197,7.235914408,152.1296957,10.77473622,136.3868291,12.5100834,120.5577384,11.42920155,105.7071759,6.992334516,91.44492342,2.537045324,76.82247072,0.382597075,61.66959578,0.05192177,46.21772526,1.813755745,30.55287258,7.431418759,15.73454052,18.60206717,3.890025224,32.84414874,0,A_wide_forefoot,270,pair_011,
46.23846632,3.779119543,57.51686468,12.87791849,64.21739368,25.44893039,66.19967193,40.83714403,65.40810241,57.34182322,64.45268623,73.34046445,64.18758083,88.63188818,66.91977738,103.3959765,69.7066229,118.4202238,71.81551106,133.5742383,74.65887816,148.57463,76.71293471,163.7076422,77.08684787,179.1216361,75.9807042,194.7336736,73.69033085,210.4398026,70.31561843,226.0807931,65.55865914,241.3851065,58.51725435,255.3740234,46.89022688,265.3431225,31.99702046,270,18.93116722,266.4722353,10.50738991,255.2739387,5.644032267,241.3830145,3.067069946,228.1451567,0,214.0800726,0.207061745,198.7282724,2.125039868,182.9171084,4.887576307,167.2876713,8.964567472,151.8447032,14.24269618,136.4667526,18.01782813,121.1562484,16.89461307,106.2372509,11.90267245,91.89628155,7.196054956,77.66292254,3.538604005,63.10341996,1.522944955,48.07276045,2.879010992,32.10448156,8.981298631,16.74156329,19.10977475,4.624488558,32.42749626,0,A_wide_forefoot,270,pair_012,
45.5785927,4.126316652,56.58056467,13.47195654,63.05664996,26.04903254,65.57988098,41.07820357,65.84860988,57.24386242,65.73278911,73.19637105,66.0344487,88.2892527,69.47586939,102.748384,72.88212112,117.584851,74.83939523,132.7485048,77.19029107,147.8562608,78.61640742,163.1124808,78.36721523,178.6009995,76.57559563,194.2015567,73.43854339,209.77667,69.09395398,225.1732958,63.55973675,240.2067745,56.46423356,254.2956263,45.568381,265.0431807,30.52114253,270,17.02684908,267.1080481,7.717538627,256.1653347,3.748828272,242.4047044,4.983292917,229.0353251,2.686836122,214.1457143,2.586594213,198.5697621,3.694084449,182.9578442,5.541261884,167.441257,8.498226932,151.9049956,12.58196607,136.2564805,15.57895771,120.7759419,14.32489963,105.9726655,9.280685747,91.78413361,4.530286227,77.40970532,1.446762414,62.63149097,0,47.55770556,1.791555262,31.7987827,7.71700781,16.51908234,18.00544912,4.386413457,31.61606249,0,A_wide_forefoot,270,pair_013,
50.25777847,4.635256164,58.50414745,16.96363393,65.05094934,30.71889681,72.65919628,42.13388014,75.21666281,58.42282717,72.23218901,74.29462964,69.69349186,90.30285761,70.97998777,105.6759249,72.94039502,121.0918922,75.06954253,136.2182362,77.70007384,150.573814,79.3200144,165.8028502,79.3312641,181.8642372,78.26098361,197.8509344,76.38264345,213.8238859,73.65413787,229.7332137,69.39274437,245.3037044,62.0196221,258.9678878,49.15552849,267.0732253,34.8894995,270,22.8197155,265.3847377,15.8582522,253.8952691,10.32488243,239.8547059,3.552251761,226.7856943,0,213.6809608,0.738352817,198.7266522,3.543868004,183.0065179,7.08576627,167.527256,11.95558175,152.3469927,17.5702848,137.3581069,20.63559818,122.4950122,18.27358639,107.9083029,13.44765969,93.63624069,10.07804254,79.48626404,6.975984293,64.17007908,4.563880641,48.09368874,5.258096225,31.62245044,11.28934543,16.24215652,23.39113433,4.626259947,37.83188095,0,A_wide_forefoot,270,pair_014,
50.64598089,3.951446631,61.20221513,13.51655035,68.27940956,26.03620284,72.71051569,40.42087778,74.90600929,56.00949261,74.71891221,71.74146677,74.94799108,86.58709124,77.85489658,101.1424496,80.99333183,116.0169235,82.43202714,131.4812137,84.01492718,147.7168414,84.37927757,164.0001115,83.36884217,180.0430049,82.11099648,196.1240245,79.92892223,212.0155376,77.67254755,227.9385773,73.84052649,243.4138676,66.6643735,257.2854204,54.83867631,266.7583159,39.29323184,270,25.97268425,266.7364777,18.68586264,254.2073029,13.12434214,241.0351926,6.832947637,232.2632479,0,220.9520375,1.248250429,205.3513354,4.960553215,188.8852101,7.42533013,173.2169755,9.504594595,157.6899776,13.33865481,141.8159686,15.21763538,124.9257844,16.23646218,109.4832423,12.34584563,95.04202684,7.822898334,80.15293766,6.201395962,64.60852441,5.893006278,48.95203542,7.499001521,33.05350616,12.78000843,17.64951931,23.41031756,5.114109765,37.33150892,0,A_wide_forefoot,270,pair_015,
46.34206488,4.446767167,55.67309331,16.93301181,62.52518887,30.62359139,68.48461208,41.33275411,69.67941067,57.08884713,67.6677276,73.28371411,66.26123773,89.65744913,68.41668235,105.241279,70.60661476,120.6497442,72.9226429,135.7525415,76.15868214,150.2118692,78.18406809,165.4968749,78.18345613,181.5080187,76.86546082,197.3892554,74.71509316,213.2641797,71.81869047,229.1251208,67.45324872,244.6975615,60.08599423,258.4630551,47.41130874,266.8480029,33.03694188,270,21.05658815,265.4901994,12.77279916,254.4849677,7.684384452,241.9257078,5.171199677,230.6860214,0.024936852,218.2248106,0,203.3977998,2.284974805,187.6090129,5.039456255,172.1447797,9.099675077,157.0101345,14.68283641,141.9803206,18.92910204,126.6538348,18.09636252,110.5423693,13.15718026,95.52684072,9.428165538,81.02967592,6.025286183,65.57745626,2.916815712,49.3689628,3.615770824,32.93358328,9.541508053,17.45015107,20.30682226,5.21051551,33.73355031,0,A_wide_forefoot,270,pair_016,
49.91800903,5.009403746,59.79532737,15.29117802,66.14353692,28.1267234,70.51325242,42.10098815,72.50719562,56.96359584,71.91665875,72.62090191,71.7418076,87.93398231,74.34904908,102.6155391,77.45748336,117.4625666,79.11714057,132.6554919,80.44548551,147.9182654,81.04035599,163.3020352,80.56827189,178.8440739,79.12923198,194.4852542,76.87756748,210.1522282,73.73388757,225.7063912,69.14428995,240.8765588,62.10872612,254.8615986,50.61686457,265.2335254,35.26412361,270,21.62913867,266.9861683,14.35600395,255.1266703,9.063708307,240.3979725,2.575514921,227.3428493,0,213.453749,1.107022452,197.9421215,3.701325218,182.1849775,6.651877236,166.7252593,10.09992148,151.2808088,13.84818426,135.6599315,16.17283709,120.190311,14.92775866,105.3725119,10.68009703,91.03760377,6.214127746,76.55635295,3.795916405,61.53976052,3.589352522,46.03899501,5.39018815,30.45685466,10.88847361,15.85208486,22.16260818,3.974808032,36.51558039,0,A_wide_forefoot,270,pair_017,
48.27997832,3.803743141,59.12945909,13.11530623,66.24480211,25.73430456,69.8716529,40.5406213,70.57833917,56.42683233,69.74161975,72.46487983,69.79325036,88.10843802,72.57558795,103.200909,75.1708085,118.3290454,77.11455989,133.7158481,79.3351507,149.2755782,80.56591029,164.934674,80.20038032,180.6484108,78.69953052,196.4622642,76.6109177,212.4320541,73.97959462,228.4522311,69.8304147,244.0894061,62.58009116,257.9477093,50.31362973,266.8020276,35.47057,270,22.89501875,265.8831045,15.09445613,254.0012125,9.826451451,240.7721678,5.582177525,229.997818,0,217.6326926,0.59286456,202.204806,3.574854331,185.8420896,6.458136886,169.9883484,9.968291805,154.3936832,14.75687602,138.6507847,18.95708195,122.7959228,18.79972799,107.4766109,14.17113031,92.92028613,9.916981862,78.30689275,6.849811571,63.38339106,4.667295158,48.10191627,5.959789149,31.83340956,11.7506784,16.08764189,21.90076928,4.334773632,35.06220297,0,A_wide_forefoot,270,pair_019,
48.81941696,4.362622256,59.3516786,14.04711416,66.08097966,26.8504359,69.46931732,41.51074286,69.72932493,57.05180875,67.89913648,72.86860545,66.67477923,88.53726815,68.65324665,103.6268104,71.01476017,118.7555806,73.1227113,133.9601553,75.86179281,149.0432939,77.90134363,164.2556348,78.40738789,179.7466859,77.57521956,195.4626078,75.70740389,211.3268068,72.84149692,227.1802568,68.47702452,242.69646,61.34645226,256.6051644,49.10020616,265.8626256,34.38033672,270,21.69434701,265.9195562,14.18059218,254.3761291,8.802334648,240.0814794,3.212554581,226.6136693,0,212.9070705,0.612889894,197.6075293,3.16065311,181.6483681,6.597851679,165.9218254,11.38986756,150.4791909,17.16896045,135.208046,20.90389828,120.0020013,19.43064209,105.0400368,14.61856494,90.52157902,10.37142681,76.21299515,6.67563052,61.66655155,4.466156586,46.48667479,5.86342886,30.42159666,11.74905197,15.17242651,22.20496171,3.759486126,35.57073743,0,A_wide_forefoot,270,pair_020,
52.23999491,2.667199301,63.74626339,10.9863538,70.10729709,22.44123755,71.46837746,37.10279847,68.42530095,51.59397764,65.82560371,64.14336969,64.67124872,76.08734035,66.1480182,88.23698839,67.79408048,100.8599808,69.37600458,113.3608297,72.28932443,125.6974086,74.70078648,138.065128,75.43320094,150.5090034,74.63321,162.9750332,72.57468472,175.3984249,69.36599645,187.6258866,64.81232023,199.3246097,58.15321571,209.3278928,46.9654126,215.6162104,33.01945552,218.1243535,21.21566939,213.9385049,14.18531771,204.5662407,8.924829112,192.4081082,3.433973029,180.2444137,1.17563899,168.8210653,1.663770744,156.8324364,3.954398933,144.4497252,7.628171382,132.2818299,13.08189323,120.5662363,19.74322942,109.1778644,24.16183574,97.53139477,22.14414034,85.09294517,16.80851528,72.78973002,12.61541666,61.30284907,7.949590741,49.22423925,4.796670162,36.43079436,5.937397642,23.25668004,12.17903694,11.01841424,22.91211932,1.473243374,37.24821743,0,A_wide_forefoot,220,pair_021,
49.22355288,4.284532407,60.12854865,12.35208814,66.13426429,24.39267596,67.72537648,41.18055965,65.1698761,59.00933087,63.19847186,74.95565498,62.88445861,90.05962439,65.36784059,104.7312364,68.05167894,119.7370874,70.72062872,134.5306763,74.72362141,148.8626315,78.18933812,163.5361866,79.87370399,178.8091311,79.85119962,194.4442313,78.35885339,210.2631349,75.46789441,226.091326,70.88399418,241.7199005,63.44301562,256.1699116,50.70262019,266.382081,34.88001939,270,21.09155771,267.181107,13.39249545,255.4739369,8.305518009,240.8183271,3.047304768,226.3234702,1.051595984,212.3393012,1.82970285,197.5147493,4.355088502,182.092638,8.17314977,166.8126135,13.69589856,151.870972,20.45603825,137.0204023,25.0264537,121.7199302,22.82948836,106.1208923,17.15627915,91.56928994,12.70043188,78.04142236,7.784911059,63.9027759,4.470637132,49.02218781,5.45073259,33.42600243,11.43654697,18.39135886,21.63616714,6.150600178,34.99560912,1.027548435,A_wide_forefoot,270,pair_021,
48.1608617,5.53991226,59.07191506,13.75643663,65.69915974,24.43705609,67.74307037,37.13615247,66.95788769,50.52832033,65.89121427,63.45951597,65.37217218,75.82483415,67.67378159,88.16633938,69.94714817,100.8323409,71.48265395,113.5328644,73.70551261,126.2027497,75.13992182,138.8226373,74.9650884,151.3802696,73.4374369,163.8829398,70.87933152,176.3181313,67.4065245,188.5771368,62.73926704,200.4027724,56.00816362,210.9245587,44.83061431,217.9058969,30.25218737,220,17.09770062,216.3828069,8.352020361,206.2783719,3.269223292,194.273249,0.611052203,183.1791718,-2.405078246,171.1451032,-2.018629832,158.1964957,0.27473381,145.3262465,3.563569891,132.7886669,8.276323814,120.6293168,14.2203153,108.8885807,18.75949541,97.11724284,18.54689759,84.75435369,14.42822061,72.19114147,10.53514665,59.88381815,7.598514789,47.61476282,6.151163079,35.44187891,7.742949788,23.20733336,13.57046647,12.02149491,22.88737833,3.716593257,35.10086325,1.363133869,A_wide_forefoot,220,pair_022,
45.92570488,4.11642712,56.52167799,13.5264763,62.40674481,25.85838212,63.79119815,40.77317674,62.61979693,57.03152561,61.4481968,73.05764366,61.15373643,88.71065767,64.07903367,103.7468329,67.19558047,118.6517992,69.77349174,133.7353194,73.17239513,148.646909,75.82306276,163.619727,76.79316305,178.970302,76.21475511,194.633042,74.33540978,210.4540385,71.22520752,226.2465645,66.55774623,241.7484171,59.35344457,256.0281801,47.30518401,266.1839282,31.94200485,270,18.57833427,266.7673709,10.29263008,255.2050931,5.683671493,241.1714021,3.289430836,227.8752313,0.321258109,213.8104695,0.518638408,198.5024319,2.276760516,182.6902345,4.762655982,167.0164057,8.482501863,151.4672839,13.32138908,135.9895573,16.55926411,120.8605339,15.0050598,106.4961689,9.748544909,92.52526085,4.821871633,78.29039426,1.0695836,63.55269437,-0.863164912,48.13370773,0.841919749,31.66148531,7.556242732,15.97835876,18.45043028,3.856496548,32.30898123,0,A_wide_forefoot,270,pair_022,
49.22199796,5.57161267,58.30581884,15.35545772,63.74519028,26.58076937,67.4128364,38.39979691,69.12548928,50.57532835,68.38504318,63.15866807,68.19306916,75.84541552,70.91761696,88.25566198,73.93758522,100.5151719,75.41606821,113.0294291,77.24362804,125.9142691,77.83962693,138.6098675,76.94512485,151.2083336,74.95584144,163.7655657,72.02272734,176.1975559,68.12997668,188.3757157,62.91270251,200.0606605,55.71287005,210.6727521,44.70330333,218.0437102,29.67614971,220,16.42535896,216.1538403,8.644676942,205.8152124,4.571921629,193.8245778,2.552154249,183.3642814,0.103675767,171.5038382,0.836017803,158.7981348,2.791236128,146.1267314,4.87481145,133.6575951,7.31955915,121.0984875,10.74347331,108.5656994,12.39532407,95.99240384,11.3570395,84.12661496,7.10540853,72.21884313,2.82573428,59.58342157,0.931285673,46.59211076,1.013627555,33.59643267,3.373296516,20.60183097,9.810765652,8.773262816,21.74767291,0.439677952,36.21706985,0,A_wide_forefoot,220,pair_023,
45.8133767,6.088522516,55.46819301,15.91989215,61.77521441,28.41676741,66.31203098,42.18243442,68.74872917,56.93067765,68.51426009,72.52243989,68.6699236,87.79971193,71.59321498,102.3738818,74.69358511,117.0533864,76.11021914,132.2549688,77.82817632,147.8167141,78.28843937,163.3003792,77.29059803,178.7923878,75.29388067,194.3473197,72.48912536,209.8830497,68.88269634,225.2685128,64.1054969,240.2897002,57.46268478,254.3893466,46.84437293,265.3850178,31.56630385,270,17.14820042,268.3711207,7.89496299,256.6129431,2.784985366,242.2398609,0.069078233,229.6073513,-2.925925184,215.0870046,-2.417827919,198.9497474,-0.431488792,183.0465526,1.888734671,167.5091429,4.754834767,151.8451627,8.726045325,136.1926071,10.96807351,120.6189313,10.46384663,105.9306707,6.567844501,91.56152269,2.595878279,76.74518002,0.89459973,61.52235959,0.939226707,46.11904313,2.960472681,30.66209888,8.622033779,16.27394311,19.46993341,4.944557353,32.97284894,1.337764214,A_wide_forefoot,270,pair_023,
53.70158859,5.01685353,62.05463403,16.22899094,68.54173366,28.14525258,76.12714364,38.68724318,78.55200651,53.25636543,75.27898269,66.25192846,72.45841398,78.53992471,73.12267616,90.8646617,74.26879471,103.6802615,75.47768994,116.3264567,77.13138886,128.4808469,77.77305586,141.1716065,76.88115821,154.1923704,75.04008945,166.936496,72.55181669,179.5296284,69.42031099,191.9006118,65.0876194,203.6387211,58.31957111,213.2453362,46.4920264,218.0311814,33.14377856,218.822316,21.7961959,214.0363469,15.03920962,204.1635503,9.599652142,192.0975417,2.982048669,180.5956428,-0.495536865,169.3324039,0.388347297,157.0603694,3.457520496,144.5417612,7.358861012,132.3841431,12.63390718,120.7247916,18.69298038,109.3870428,22.34997431,97.64406997,20.67693362,85.14715977,16.54563553,72.6806573,13.76828757,60.66446442,11.14741956,47.74804954,9.088882004,34.45093907,9.871890014,21.42634041,15.59196406,9.922474755,27.18391061,1.936181969,41.26497237,0,A_wide_forefoot,220,pair_024,
51.55757861,3.118409891,59.93052001,16.16993986,66.13532787,30.09447439,73.47925606,41.79939677,75.7771552,58.39022837,72.52912505,74.30911712,69.7947548,90.28672212,70.95838605,105.6859955,72.86489853,121.1473635,74.99062556,136.3200787,77.63996014,150.7162348,79.26572986,165.9795412,79.25495231,182.0687534,78.12093295,198.0672151,76.12188985,214.0230702,73.20750309,229.8631795,68.7129431,245.2438044,61.21500792,258.4271055,48.57803418,265.9041039,34.96743627,268.3443686,24.14230587,263.8877214,17.96253224,252.9903834,12.67225538,238.9819446,6.055691678,226.0428487,2.591177593,213.6870354,3.106313314,199.2860191,5.562800618,183.7075712,8.648550357,168.2327746,12.97924409,152.9496631,18.05718872,137.6943723,20.55270274,122.6254947,17.59396455,108.1545004,12.18788515,94.01890539,8.278264847,79.84990368,4.750505539,64.4897003,2.032999249,48.13050831,2.666833275,30.96397317,9.129641627,14.6621424,22.14137815,2.404400648,37.90348494,0,A_wide_forefoot,270,pair_024,
46.81338396,3.551447935,58.15171059,12.52533831,64.71060528,24.09393303,66.79488629,37.26257722,66.21958089,50.75260219,65.0021922,63.75572007,63.83004428,75.8888702,66.51796443,87.98160264,69.12630826,100.67815,70.71389654,113.3834506,73.40582347,126.0049239,75.13811585,138.592128,74.76794917,151.0871059,72.54446772,163.3943536,68.23347035,175.2774069,62.53613551,186.8825,56.01060583,198.168864,49.02379431,208.494252,39.11000371,215.609838,25.81817214,218.106745,13.8474542,214.5361625,3.857320175,205.9343448,0.968624262,195.6142659,7.626725124,184.0925049,6.729968176,170.3857704,5.679142462,157.5609081,5.471138748,144.9629123,6.893504051,132.2923208,10.46530622,119.8051633,15.76934576,107.6642033,19.29022942,95.64669906,17.28702608,83.45831701,11.73966278,71.21764399,7.480084672,59.01589441,3.693394413,46.82299056,0.863710781,34.41508963,2.47343491,21.22221947,9.00921306,8.833924838,19.2233929,0.257879812,32.63227765,0,A_wide_forefoot,220,pair_025,
44.60250713,4.760545892,55.99549659,13.42746499,62.93627617,25.89152087,65.6629818,41.21697891,65.80295747,57.65785628,65.30215836,73.74139301,64.85737949,88.78301162,68.31142393,103.0157856,71.63897447,118.0031503,73.88940972,133.0998906,77.21464711,147.9278183,79.54954246,163.148941,79.6711222,178.7752872,77.78434066,194.5674904,73.63858042,210.1621112,68.00191204,225.482789,61.44386655,240.4606888,54.06948186,254.6986841,43.05892023,265.595066,28.29233658,270,14.88841091,267.4102642,3.982446759,257.1559348,1.006029893,243.3492278,8.028851404,228.2709717,7.269357901,211.933301,6.456910913,196.3260295,6.527360312,180.9405228,8.245772425,165.3823005,12.09969573,149.885973,17.7044043,134.4707722,21.55048594,118.9289067,19.58980063,103.5738981,13.96178717,89.13831105,9.669923619,74.94530826,5.766777208,60.6969463,2.762474475,46.53243143,3.96190654,31.17171017,9.824272004,16.00356626,18.87605681,4.957487508,30.91951335,1.254980376,A_wide_forefoot,270,pair_025,
48.5276952,5.143803847,59.20895907,13.85968381,65.35095228,24.76162706,66.8947904,37.36571326,65.74561856,50.62631929,64.42953647,63.53104985,63.77962498,76.06363975,66.05573492,88.52555931,68.34758477,101.0526651,69.98594172,113.6361103,72.36703547,126.1710238,74.01345741,138.5515515,74.10172098,150.9012827,72.83559951,163.2881033,70.49945305,175.6799089,67.1994797,187.9412273,62.67140848,199.7971303,56.10037294,210.375172,45.04612515,217.4339704,30.53778559,219.9907649,17.50417179,216.0274904,8.866893142,205.9928348,3.831182149,193.9929523,1.145986708,182.8447083,-1.932180137,170.8059641,-1.648145504,157.8834449,0.444286699,144.9747202,3.470153439,132.3655147,7.888013521,120.0891387,13.45934463,108.2550456,17.48823222,96.697222,16.88818533,84.9272198,12.5646703,72.73836831,8.477569261,60.45081537,5.413657158,48.02310441,3.956307315,35.44012018,5.793388466,22.58117103,12.18553,10.89093252,22.32419542,2.400534821,35.28179304,0.37590606,A_wide_forefoot,220,pair_026,
45.44784821,5.207411177,56.42681482,13.78846572,63.11733219,25.85194581,65.32054483,40.97751006,64.83535338,57.45996389,64.22416694,73.51215133,64.34378325,88.82139221,67.46025213,103.5114894,70.60737797,118.4891291,73.06373379,133.5756176,76.22729677,148.5103205,78.56740962,163.7287512,79.16903056,179.3164023,78.22094793,195.1005622,76.01550111,210.9644257,72.63981819,226.7800329,67.75559595,242.3480658,60.29159347,256.8369233,47.86995911,267.2389629,32.01993121,270,17.96660253,267.7893188,9.323023057,255.8480648,4.697656895,241.60144,2.465089496,228.2411958,-0.242404587,214.0932669,0.323896869,198.7495149,2.576930923,183.0274635,5.637899155,167.5314248,9.962751556,152.2667865,15.48154124,136.990667,19.55384748,121.4798488,18.64471692,106.0958876,13.7675066,91.52086714,9.181037106,77.35547857,5.609443765,62.97294637,3.613783347,48.28113874,4.843589196,32.81009859,10.62298421,17.94189775,20.10650234,6.288720602,32.37790892,1.805351215,A_wide_forefoot,270,pair_026,
44.37589712,5.309080392,55.18176284,13.88506428,61.76125557,24.92430601,64.32888777,37.63584114,64.08672119,50.9144381,62.78634177,63.91872842,61.80657018,76.45659785,64.44800492,88.9276711,66.77646537,101.5786086,68.41240807,114.3073548,71.07036525,127.0605491,72.73721373,139.6419995,72.40355604,152.0523484,70.33853767,164.3518715,66.86446785,176.5344945,62.24813584,188.5432441,56.69226537,200.2317347,49.89142581,210.7848591,39.17000772,217.7108666,25.23510107,219.8679561,12.64298332,215.7706366,2.270785018,206.1035186,-1.590017575,194.3495373,2.880314795,183.8444072,0.101487105,171.6094858,-0.550759924,158.4669662,0.381651091,145.3746064,2.577958345,132.4260277,6.71016108,119.8548848,12.61586635,107.9282365,17.09141327,96.30348702,16.28293,84.2247076,11.49944314,71.73461511,7.994460095,59.32712567,4.762032417,46.97368726,1.973886103,34.63153214,3.509121721,21.79063105,9.806277126,9.862494256,19.16602265,2.113568747,31.25639063,0.711738395,A_wide_forefoot,220,pair_027,
44.86827902,1.921095157,56.6776517,11.65857297,63.74117941,25.05644696,66.41473977,40.75564204,66.17416767,57.2427198,64.90993698,73.37851748,64.04783829,88.71760773,66.94921597,103.4080692,69.61763047,118.4987573,71.61097227,133.7223296,74.65512412,148.8261137,76.66932206,164.0789813,76.54540818,179.5456437,74.52381212,195.1219775,70.93342277,210.6902242,66.05716272,226.1075316,60.11078165,241.1606053,52.82968634,254.8018457,41.88285869,264.0818856,28.38729036,267.8390439,16.94211316,264.312896,7.611239603,254.5305856,4.461446665,242.7391769,9.172850574,229.2879754,6.229810835,213.743853,5.286584514,198.3713456,5.685804001,182.6575178,7.128669293,166.9153121,10.33369464,151.2598259,15.34040092,135.5913007,18.91732883,120.0426395,16.94041,105.1928832,10.961092,91.0371911,6.337829152,76.71271216,2.104907296,62.31111383,-1.605388753,47.33281448,-0.6027539,30.41076082,5.796454133,13.76981598,16.19868901,1.720172875,30.20002802,0,A_wide_forefoot,270,pair_027,
50.86523705,5.514448919,61.33039326,14.23142682,68.23382207,25.32471524,71.82030855,37.81077293,72.1643751,50.7780751,70.25850261,63.56476408,68.76211019,75.97507258,70.21357288,88.3791334,71.93941466,101.1110517,73.31465124,113.8910284,75.25412281,126.6810197,76.49166544,139.4638631,76.25810026,152.1728646,74.8119013,164.8209385,72.4926648,177.4271704,69.36533721,189.8658044,64.97434583,201.7733166,58.16448227,211.9615261,46.50709195,218.0181162,32.29099912,219.8761456,19.80828444,215.2821208,12.20678485,205.0160613,6.801525849,192.8135235,1.262603636,181.1839034,-1.89189428,169.2315071,-1.03625711,156.4293599,1.912439832,143.6000658,5.883158213,131.1822525,11.29106022,119.2738988,17.70487277,107.8034939,22.21488171,96.05142691,21.65040473,83.44306665,17.71800708,70.72138573,14.26877689,58.43438106,11.24300139,46.18599193,9.512625314,33.94845254,10.97396686,21.70424134,16.34986868,10.61421373,25.77799215,2.804620492,38.11964023,0.968575905,A_wide_forefoot,220,pair_028,
49.78834474,2.856178099,60.50437889,13.17503761,67.07254629,26.43613567,70.1440425,41.33170743,70.04968985,56.92805511,67.87011405,72.69265564,66.29268881,88.35278668,67.95700518,103.5208818,70.0627294,118.6904695,71.95478189,133.9511601,74.51594227,149.0766322,76.4090312,164.2230946,76.80265961,179.5968797,75.88670458,195.2066785,73.95854891,210.972559,71.06444348,226.690973,66.7481953,241.9478862,59.92750581,255.3353085,48.31228578,264.1342041,34.44186992,268.1369271,22.84326724,264.5454465,15.70816874,253.6911777,10.22734453,239.5897555,4.454133131,226.2721238,1.013038515,212.8584516,1.297198438,197.6954647,3.479419447,181.6961985,6.534032433,165.8539543,10.94666599,150.2304705,16.32648655,134.8042272,19.58623928,119.725958,17.71167025,105.186955,12.60024392,90.89875159,8.084115237,76.56708041,4.188287963,61.88147877,1.882941472,46.28510524,3.404882862,29.59333124,9.733096879,13.68093022,21.10085331,1.699252619,35.74247955,0,A_wide_forefoot,270,pair_028,
51.1310272,5.736420807,60.64733153,15.24534703,66.34692811,26.47707587,68.90301586,38.54196941,68.64131277,50.8543032,66.55482315,63.38893385,65.23589726,76.30128778,67.25138186,89.06512322,69.7457668,101.6330455,72.09602471,114.2156867,75.1118616,126.7545433,77.44168746,139.3679586,78.21760671,152.1455499,77.56950735,165.0053367,75.75215913,177.8710579,72.76716255,190.6337101,68.06620081,203.0368883,60.261853,213.9130748,47.40679505,219.9300618,32.49458002,220,20.0494609,215.5306159,13.26917899,204.8218211,8.760280092,192.3155528,3.965400467,180.5401259,1.369847257,169.2071608,2.310008134,157.1335351,4.995524427,144.5763145,8.396798938,132.2264911,12.99637413,120.1837326,18.54114269,108.2415592,22.05805128,96.08380269,20.44289995,83.72981007,15.60807953,71.40827303,11.38385668,59.21868844,7.82030464,46.79554045,5.883498023,33.8351935,7.754107497,20.50327087,14.2709044,8.575213768,25.26144588,0.758958319,38.58853616,0,A_wide_forefoot,220,pair_029,
49.8958295,2.652807472,60.99234324,12.79712684,67.98149105,26.1064265,71.38623753,41.19239459,71.49042835,57.01434899,69.39324491,72.85526497,67.80212359,88.3282275,69.32498898,103.3318157,71.20972177,118.5213915,72.80889368,133.8053523,75.03618819,148.9758184,76.58587549,164.1807529,76.65100697,179.5601316,75.45451643,195.1292408,73.31928723,210.8342649,70.31089651,226.4752427,65.99685222,241.6158152,59.35522355,254.8208011,48.04233894,263.5541626,34.44406936,267.6854308,22.97523246,264.357038,15.69930615,253.6680604,10.02539553,239.6297713,4.097567194,226.3383373,0.561158381,212.8452114,0.847387004,197.5933286,3.11375242,181.5709381,6.32583919,165.7470418,10.95082141,150.1875995,16.57591598,134.8496253,20.11574203,119.7470785,18.4875709,105.0158031,13.57282173,90.60008364,9.218983582,76.27253951,5.408923038,61.66472947,3.090089757,46.283906,4.441313564,29.86697471,10.43398006,14.14577565,21.36394607,2.1598622,35.719938,0,A_wide_forefoot,270,pair_029,
44.81087599,4.429123313,56.13709967,13.00239488,63.23199807,24.34506153,66.12983756,37.47796466,66.05336509,51.04907988,64.83803222,64.13973826,63.88665225,76.37766018,66.45041151,88.61685097,68.67138564,101.4010024,70.12881489,114.1806817,72.56171472,127.0168586,73.95308131,139.8304027,73.27878047,152.4283912,70.85605268,164.7898842,67.04756658,176.9310548,62.14052628,188.8266803,56.344076,200.3439094,49.4002111,210.594737,38.79244263,217.1268652,25.21332744,219.0197851,13.13615516,214.9219243,3.209738693,205.5379095,-0.407277921,194.5204417,4.133646396,184.1095649,1.457447226,171.6353707,0.849127679,158.7103387,1.797467044,145.7843328,3.971103699,133.0147191,8.025771885,120.6399709,13.91653028,108.7288088,18.52511334,96.71644735,17.69586325,84.0832358,12.77906199,71.47327626,9.129407048,59.16493254,5.697589899,46.88038099,2.657658378,34.71892831,3.844528581,22.01011625,9.795731441,9.973757929,18.98363745,1.882264817,31.27572891,0.072549353,A_wide_forefoot,220,pair_030,
44.64297412,2.30626527,56.61674176,11.50872174,64.13441604,24.62972816,67.28053375,40.30546724,67.37704363,56.84182502,66.28492556,72.9806703,65.38642571,88.14387032,68.12167725,102.744885,70.61407246,117.9858545,72.32755881,133.3535962,75.05168216,148.6367557,76.73648225,164.0811446,76.27793426,179.652007,73.97153657,195.24795,70.19185026,210.787772,65.24595768,226.160803,59.35558134,241.1596759,52.25663384,254.6960777,41.58423048,263.9605352,28.26912338,267.9243847,16.68620424,264.6784489,6.959337987,254.9942933,3.358229091,242.8485146,7.849425995,229.4289252,4.859475815,214.1774759,3.905870277,198.6573956,4.451717428,182.8181512,6.179617406,166.9519195,9.787722508,151.2150793,15.27046742,135.5714242,19.34943567,119.9626494,17.77134659,104.7560398,12.12799345,90.29487375,7.853218281,75.87357522,3.849025967,61.42822801,0.342372964,46.75825379,1.349828013,30.45185335,7.42578725,14.34790553,17.13927125,2.728470348,30.30027992,0,A_wide_forefoot,270,pair_030,
13.6293185,5.39747697,20.41819516,18.12764153,23.13300318,32.33329665,24.45341159,46.16430144,25.09904622,60.95960562,25.74468085,75.88862511,26.7131328,90.8568089,28.81144534,104.8612922,30.74834923,114.8076171,32.50348206,125.4748687,33.62265834,137.3091098,32.84666178,145.8318392,31.23608462,157.9418807,28.68873284,167.9844042,25.21684485,179.0392953,20.64614937,188.8339704,16.06016141,199.6979827,8.175626828,210.8559212,-2.693522105,218.4363385,-14.57880609,220,-26.9880568,213.349434,-31.81822776,202.8699601,-34.13793103,194.4450742,-35.42920029,183.4681911,-37.52751284,171.8342024,-37.85033015,156.504037,-35.26779164,141.7087328,-29.29567131,128.3174394,-26.25603012,118.8503529,-28.92103087,108.5991452,-30.2441271,95.17039968,-29.77989729,80.45023583,-26.92068324,68.24129953,-24.12775041,57.86784753,-26.7131328,46.85969763,-30.26412326,40.51974986,-30.74834923,26.15328495,-23.5544137,13.55832722,-14.00752251,4.484411721,0,0,,,,
12.65135329,4.029989068,21.84926736,15.01185453,26.82765682,29.42696558,29.34862388,44.86483495,30.81376274,60.50289041,32.0150662,76.15761943,33.26659828,91.81704788,34.96141871,107.4211485,37.27584606,122.9278358,40.02982459,138.3727464,42.40605918,153.8577856,43.26709775,169.4314645,42.37312181,185.0045351,39.7377687,200.4299162,35.71517421,215.5144526,30.69301684,230.3379957,24.26744814,244.5595504,15.84883885,257.4069918,4.36544485,266.8540471,-9.144237611,270,-21.58553609,265.4341942,-30.46887775,254.3378793,-35.42050517,239.9038369,-38.30021124,224.5082826,-39.94134519,208.9303032,-40.0045345,193.3584639,-37.51191658,178.0867836,-33.3478221,163.046007,-31.22176003,148.0941043,-31.64642907,132.8038497,-33.56766469,117.2672536,-33.26273502,101.6572426,-30.9928061,86.15653513,-30.15374699,70.86865062,-31.68065817,55.86126037,-33.76130161,40.95842628,-31.8461128,26.61117227,-24.77252921,13.61401761,-13.52613919,3.686948198,0,0,,,,
11.48864646,5.291417829,18.94414904,15.43959428,24.53413616,26.72125779,28.36264501,38.74041312,30.99232626,51.105695,32.64430227,63.63336017,32.93839869,76.25516746,31.60862464,88.80960279,29.18754444,101.2185199,26.42488202,113.5617311,23.67483014,125.9077588,20.94812249,138.2590002,18.67992993,150.6967691,16.93588217,163.2233004,15.60157721,175.7997387,14.1707383,188.3657577,11.821486,200.7802112,6.498020365,212.0860751,-2.739199449,219.8975594,-14.67608226,222.3466191,-25.95582256,217.8608651,-34.19554411,208.7631041,-37.17428811,196.570289,-36.62554895,183.9378008,-35.27679223,171.365428,-33.39802696,158.8581363,-31.81935298,146.308404,-30.42386226,133.7419336,-29.93728021,121.1131436,-30.83989053,108.5271523,-33.11242424,96.08603877,-34.95126931,83.57282353,-36.15951505,70.99825339,-35.67108222,58.38931904,-33.60919923,45.91103952,-30.86094881,33.58482301,-26.87697865,21.58058519,-21.61261785,10.33092609,-12.55297786,1.552690243,0,0,,,,
11.34874992,5.297810271,18.68290486,15.37219353,24.3830649,26.47176683,28.69439836,38.21057442,31.67617357,50.35096106,33.35209976,62.74800188,33.59234579,75.24265223,32.59852362,87.72063373,30.99289412,100.1399767,28.94809561,112.4941308,26.71903954,124.8185554,24.74285031,137.1843896,23.41052815,149.6309204,22.20139297,162.0951264,20.81428348,174.5424894,19.18867853,186.959271,15.62639199,198.8657687,8.838833724,209.1541848,-0.883000563,216.0988107,-13.19190552,216.5577561,-24.56732806,211.9663872,-33.12504236,203.3532751,-35.10484459,191.0141373,-34.96593952,178.4904947,-34.82703445,165.9668521,-34.68812938,153.4432095,-34.61468201,140.9199291,-34.9592142,128.4011872,-35.71821406,115.900723,-36.89767085,103.4332145,-38.46255401,91.00697969,-39.67294944,78.55738382,-39.30027573,66.04802717,-37.91316624,53.60066418,-36.28646566,41.19203273,-33.46160632,28.9993531,-29.42111517,17.16432988,-23.49786991,6.322544084,-12.51413619,0.304362311,0,0,,,,
