Type,side,size,x1,y1,x2,y2,x3,y3,x4,y4,x5,y5,x6,y6,x7,y7,x8,y8,x9,y9,x10,y10,x11,y11,x12,y12,x13,y13,x14,y14,x15,y15,x16,y16,x17,y17,x18,y18,x19,y19,x20,y20,x21,y21,x22,y22,x23,y23,x24,y24,x25,y25,x26,y26,x27,y27,x28,y28,x29,y29,x30,y30,x31,y31,x32,y32,x33,y33,x34,y34,x35,y35,x36,y36,x37,y37,x38,y38,x39,y39,x40,y40,x41,y41,x42,y42,x43,y43,x44,y44,x45,y45
Type00,L,230,59.557985,237.396736,47.120780,236.746694,36.061001,230.715701,28.984516,220.736552,25.383033,208.878319,24.072660,196.423886,23.242983,183.914410,21.491772,171.525587,18.853344,159.282640,15.534838,147.186198,12.015175,135.146876,8.791761,123.034977,5.930180,110.823278,3.339054,98.564242,1.327468,86.178837,0.659246,73.795917,2.580791,61.475190,6.418665,49.552567,11.090909,37.894661,15.860879,26.333017,22.052656,15.521587,30.280386,6.179991,41.726130,0.923858,54.215806,-0.901878,66.019891,3.591832,73.812949,13.124055,78.804828,24.522559,81.705200,36.655641,84.421920,48.908129,85.693210,61.268944,84.939451,73.737707,83.813060,86.204571,83.747034,98.743242,84.530721,111.314024,85.370244,123.855344,85.816923,136.386512,86.183052,148.933382,86.615916,161.473713,86.745789,173.998878,85.338616,186.423566,82.280514,198.809014,80.235412,211.357492,77.992152,223.337562,70.761335,233.389555,59.242451,236.696711
Type00,L,235,58.705148,238.557608,46.250729,237.405466,35.832829,230.507755,29.031459,220.218147,25.303716,208.333939,23.634961,195.902092,22.438440,183.395230,20.564146,170.976195,17.951053,158.680765,14.829757,146.493753,11.564897,134.347192,8.468314,122.159786,5.609516,109.908053,2.982172,97.612843,1.031770,85.190469,0.666973,72.734006,2.707875,60.370281,6.421234,48.360979,10.906906,36.601455,15.821563,25.053321,22.233025,14.318257,30.956045,5.338608,42.636809,0.637756,55.165557,-0.355477,66.730322,4.622366,74.265746,14.339531,78.971018,25.914972,81.855984,38.116209,84.354449,50.446254,85.439155,62.895887,84.777432,75.431128,83.740282,87.960649,83.381405,100.535852,83.659947,113.127817,84.285348,125.700699,85.036726,138.245627,85.760010,150.797151,86.148082,163.369294,86.051646,175.938044,84.809949,188.442707,82.514299,200.907235,80.780561,213.459095,77.984433,225.361208,70.386867,235.196830,58.520037,238.092630
Type00,L,240,58.671341,241.163662,46.117258,239.699943,36.044042,232.189991,29.333105,221.627387,25.522544,209.637469,23.506753,197.144142,21.938565,184.562208,19.941168,172.034724,17.393455,159.600703,14.517223,147.235396,11.497340,134.905702,8.444886,122.584852,5.473233,110.243672,2.731184,97.851784,0.772538,85.325792,0.632696,72.717441,2.710104,60.221973,6.211003,48.025705,10.469575,36.070696,15.521495,24.448383,22.128291,13.678763,31.199509,4.825279,43.112856,0.470280,55.746371,0.167852,67.187020,5.546576,74.679274,15.398213,79.273970,27.149600,82.231890,39.474093,84.553616,51.950972,85.491215,64.561532,84.899460,77.231226,83.810704,89.881177,83.038958,102.552317,82.743489,115.238847,83.078929,127.922489,84.069356,140.566087,85.158094,153.201628,85.625272,165.878069,85.466300,178.564573,84.582127,191.221081,83.231782,203.841309,81.978342,216.477731,78.699319,228.408208,70.774670,238.148232,58.590946,240.895109
Type00,L,245,59.618388,245.019777,46.881977,243.535945,36.767413,235.796421,29.934559,225.042303,26.078968,212.876459,23.773879,200.237208,21.886643,187.503376,19.779373,174.795946,17.318494,162.149144,14.677878,149.538420,11.830837,136.972524,8.722433,124.471972,5.542644,111.993035,2.632369,99.445856,0.604026,86.752137,0.556123,73.926819,2.560279,61.218128,5.796132,48.753469,9.839741,36.532997,15.000522,24.748118,21.736921,13.819203,30.923517,4.796047,43.023299,0.469879,55.822701,0.547878,67.301904,6.153310,74.984819,16.072018,79.686672,27.973274,82.812695,40.462765,85.049479,53.140408,85.915057,65.966805,85.352211,78.826581,84.064191,91.644401,82.834789,104.466439,82.021313,117.318951,82.055860,130.187629,83.168624,143.012168,84.552157,155.811451,85.201481,168.661107,85.165939,181.532356,84.791167,194.397919,84.396594,207.236744,83.700165,220.040985,80.123477,232.125579,71.997447,241.940982,59.589706,244.860533
Type00,L,250,61.387631,249.813153,48.400221,248.587353,37.909787,240.962626,30.800823,230.090132,26.919731,217.694455,24.410716,204.837950,22.295581,191.887538,20.096928,178.945345,17.710594,166.035271,15.232075,153.142480,12.440577,140.314780,9.191335,127.600818,5.764034,114.937271,2.678726,102.182136,0.551302,89.265199,0.451849,76.178576,2.285301,63.195774,5.267126,50.415411,9.168514,37.895589,14.404976,25.875750,21.191552,14.678732,30.273774,5.229568,42.503710,0.619652,55.520170,0.719008,67.192309,6.375808,75.229048,16.325934,80.222476,28.352454,83.587777,41.035738,85.852390,53.949104,86.728369,67.025031,86.142234,80.113590,84.548467,93.134836,82.910114,106.154808,81.753700,119.233401,81.564401,132.345216,82.678307,145.416466,84.222147,158.447893,85.089728,171.528041,85.317229,184.636056,85.513566,197.748798,85.909474,210.848936,85.708001,223.891546,82.055318,236.244198,73.884857,246.306992,61.355955,249.658079
Type00,L,255,63.491408,255.177906,50.211950,254.344304,39.195846,246.974297,31.788958,235.995733,27.886480,223.333417,25.269049,210.210913,23.031544,196.999697,20.759570,183.790606,18.397517,170.596700,15.958004,157.417620,13.094820,144.327010,9.666008,131.376595,6.027374,118.484590,2.814042,105.478934,0.601972,92.297660,0.347770,78.929264,1.969420,65.641987,4.786131,52.540653,8.668015,39.726771,13.959349,27.429167,20.737685,15.900150,29.615945,5.908568,41.951020,0.834455,55.221794,0.699842,67.170671,6.335276,75.579618,16.354982,80.943523,28.511013,84.563425,41.408719,86.947897,54.575322,87.891080,67.914626,87.231121,81.253350,85.307591,94.503092,83.393934,107.757952,82.144154,121.103528,81.894308,134.491781,82.935407,147.847983,84.476523,161.158551,85.505697,174.508346,86.030323,187.885317,86.735526,201.264381,87.626175,214.646058,87.708164,227.970672,84.134015,240.659407,76.030156,251.083420,63.432085,254.944148
Type00,L,260,65.241782,260.738758,51.666215,260.197216,40.228013,252.926895,32.662059,241.767016,28.743612,228.815412,26.112738,215.404605,23.852131,201.912916,21.523727,188.429003,19.108193,174.960360,16.568036,161.517772,13.537310,148.179723,9.953292,134.978605,6.209435,121.821813,2.957176,108.538023,0.712261,95.071026,0.277573,81.423594,1.732757,67.836294,4.542537,54.449321,8.549539,41.379612,13.897639,28.797794,20.657340,16.935792,29.420061,6.484582,41.896096,0.988042,55.441342,0.588723,67.637407,6.302464,76.267767,16.516898,81.936669,28.849650,85.750926,41.979422,88.288795,55.403463,89.307186,69.004474,88.539215,82.599554,86.361749,96.094102,84.356406,109.608481,83.267100,123.237435,83.175449,136.906300,84.152091,150.552588,85.542999,164.161290,86.592184,177.797380,87.318475,191.453680,88.344466,205.101852,89.382712,218.763695,89.422884,232.377373,85.930513,245.399826,77.892153,256.194593,65.184160,260.399649
Type00,L,265,65.980223,266.125219,52.143504,265.537415,40.611945,257.948205,33.152228,246.458870,29.244367,233.207013,26.689868,219.511159,24.486824,205.744137,22.121060,191.999780,19.569349,178.289640,16.812890,164.623732,13.581662,151.061934,9.925268,137.605240,6.222127,124.162390,3.035353,110.593102,0.824831,96.843061,0.269528,82.939610,1.690449,69.089399,4.687913,55.482779,8.949308,42.215920,14.377644,29.378380,21.163396,17.245544,30.080955,6.606212,42.796186,0.961158,56.616126,0.524410,68.913799,6.586572,77.485267,17.181173,83.262389,29.772826,87.138689,43.150562,89.787703,56.826226,90.837858,70.675717,89.955982,84.520325,87.684638,98.266749,85.770704,112.049585,85.028425,125.951665,85.316268,139.876735,86.321554,153.785985,87.468222,167.681688,88.351864,181.596102,89.078420,195.520411,90.147472,209.426614,91.020823,223.348110,90.655643,237.219298,87.072494,250.498327,78.963795,261.556627,66.011197,265.722988
Type00,L,270,65.318189,270.970537,51.287795,269.853380,40.101505,261.408651,33.053778,249.421329,29.213468,235.871288,26.816224,221.915851,24.728344,207.901136,22.350206,193.929372,19.601027,180.027001,16.569817,166.185740,13.177193,152.427245,9.564625,138.723064,6.044377,124.996344,3.011192,111.158770,0.890431,97.154457,0.335960,83.034542,1.908374,68.983418,5.275864,55.238700,9.871568,41.839833,15.413345,28.801711,22.308380,16.505528,31.749908,6.057896,44.834797,0.690187,58.907611,0.628140,71.087006,7.398705,79.280145,18.559894,84.899382,31.499018,88.662805,45.134109,91.316612,59.045745,92.322800,73.120306,91.353999,87.195113,89.188367,101.187730,87.499836,115.228103,87.176488,129.367690,88.009244,143.500899,89.188821,157.620231,90.069961,171.764031,90.617372,185.924578,91.100457,200.085375,91.911597,214.225406,92.408042,228.369674,91.328600,242.434726,87.356937,255.837371,78.943197,266.964002,65.560779,270.601771
Type00,L,275,63.285878,274.920717,49.148194,272.804464,38.701008,263.049347,32.307681,250.443712,28.612886,236.615860,26.437086,222.444676,24.498680,208.228693,22.139248,194.077109,19.172535,180.039708,15.879123,166.072233,12.419756,152.147425,8.964406,138.221594,5.724591,124.242329,2.892196,110.179522,0.884180,95.974079,0.467964,81.689882,2.374801,67.513400,6.233374,53.711893,11.174579,40.241517,16.855843,27.072512,23.948771,14.736468,34.253354,4.848149,47.819973,0.194595,62.101687,0.953012,73.939675,8.752511,81.501441,20.598869,86.714251,33.942918,90.194507,47.829164,92.719283,61.948595,93.605504,76.213497,92.604136,90.485653,90.725344,104.701072,89.317084,118.965142,89.362292,133.285868,90.805175,147.563525,92.303433,161.824374,92.966300,176.155745,93.075586,190.509215,93.108139,204.857522,93.413520,219.193344,93.450024,233.510002,91.482025,247.686563,86.806306,261.060358,77.836314,272.032275,63.859435,274.700461
Type00,L,280,60.324927,277.670709,46.168219,274.259680,36.677554,262.992424,31.037249,249.751658,27.561484,235.690487,25.642802,221.361968,23.865475,207.005207,21.556932,192.731663,18.399724,178.617855,14.918073,164.571642,11.507365,150.517286,8.286006,136.416171,5.355502,122.244517,2.720817,108.021896,0.810505,93.686636,0.637757,79.298649,3.000963,65.073731,7.377678,51.283954,12.607834,37.791865,18.433129,24.563876,25.782295,12.296926,37.136499,3.208973,51.228856,-0.428844,65.656612,1.463063,76.999408,10.447644,83.822822,22.979775,88.476256,36.724856,91.556334,50.831735,93.837437,65.115289,94.557827,79.523046,93.590992,93.945402,92.111217,108.339341,90.956270,122.770831,91.228724,137.203074,93.231130,151.555342,95.137769,165.884605,95.674619,180.330176,95.341811,194.808456,94.817700,209.282201,94.483875,223.761767,94.095789,238.190548,91.240802,252.393972,85.647639,265.607693,75.948669,276.242332,61.302265,277.690227
Type01,L,230,46.994464,231.424326,34.965789,229.885133,25.039592,222.887731,19.439567,212.452663,16.620126,200.683569,14.919746,188.654526,13.514124,176.585772,12.151165,164.512831,10.671225,152.453732,8.856709,140.442712,6.857130,128.457667,4.683151,116.503164,2.590754,104.535658,0.953426,92.496932,0.176045,80.396981,0.617611,68.264365,2.095418,56.224855,4.779360,44.384555,8.445378,32.815881,13.302724,21.691156,19.592873,11.416541,28.980180,3.728122,40.581706,0.165480,52.575952,1.695865,62.097545,8.887158,69.237085,18.577617,74.103719,29.635219,76.935878,41.414685,78.198476,53.479484,78.492155,65.623239,78.430398,77.773697,78.278781,89.923454,78.162197,102.073945,78.265029,114.223168,78.443873,126.371733,78.288261,138.517885,77.538410,150.631848,76.470241,162.730142,75.878489,174.864037,75.558921,187.011219,74.809863,199.132500,72.769438,211.050529,67.773325,221.766477,58.466932,229.298077,46.515147,231.223487
Type01,L,235,48.908634,235.316236,36.645104,233.997086,26.399821,227.162103,20.415632,216.632373,17.398708,204.720424,15.686910,192.477792,14.509419,180.168263,13.212875,167.871011,11.559365,155.618685,9.503155,143.429814,7.289289,131.265464,4.982614,119.117455,2.849709,106.939696,1.168842,94.690571,0.251343,82.379984,0.392135,70.028005,1.523804,57.732066,3.805073,45.589023,7.283312,33.744237,12.200344,22.417396,18.650163,11.977937,28.002327,3.928870,39.790644,0.212100,52.010678,1.603200,62.146943,8.372051,69.776796,17.915834,74.777191,29.115358,77.582496,41.115186,78.776177,53.400521,78.978360,65.760774,78.838335,78.126821,78.778644,90.497068,78.834379,102.868700,78.918238,115.236347,78.981830,127.606695,78.880914,139.975578,78.480137,152.322223,77.881396,164.659489,77.493793,177.015819,77.208541,189.378014,76.481584,201.717507,74.595159,213.879929,69.737400,224.964323,60.800061,233.179820,48.645489,235.256347
Type01,L,240,50.872439,240.213461,38.332932,239.056381,27.905271,232.094662,21.633019,221.375177,18.353532,209.274976,16.545121,196.787263,15.437664,184.208037,14.139100,171.648176,12.319140,159.155636,10.071476,146.732270,7.666227,134.336707,5.233366,121.946064,3.061628,109.508941,1.335380,97.002808,0.319319,84.431016,0.257736,71.815632,1.237001,59.238789,3.372031,46.800707,6.817730,34.674656,11.822178,23.106620,18.469471,12.476450,27.882153,4.117155,39.893277,0.228844,52.385450,1.499139,63.059210,8.040612,70.930003,17.688837,75.960052,29.144457,78.752095,41.415564,79.918623,53.964262,80.086473,66.587240,79.861931,79.213760,79.775153,91.845763,79.870198,104.480128,79.939849,117.111019,79.990847,129.744094,79.995516,142.378234,79.884819,155.003279,79.707937,167.622270,79.540400,180.248069,79.297931,192.872914,78.601754,205.476946,76.811013,217.923561,72.056705,229.360489,63.193872,238.048270,50.790848,240.265711
Type01,L,245,52.827141,245.510279,40.004629,244.438760,29.499928,237.147847,23.051198,226.186483,19.486609,213.874368,17.511158,201.139754,16.299021,188.297134,14.897332,175.474259,12.914149,162.728610,10.529516,150.047557,7.975006,137.399105,5.438528,124.747437,3.226214,112.036382,1.452079,99.259802,0.375974,86.410799,0.227561,73.521783,1.270492,60.676696,3.547931,47.992168,7.130287,35.618969,12.238194,23.799378,19.061613,12.953745,28.572778,4.319625,40.799158,0.217048,53.580071,1.339678,64.661888,7.848264,72.515097,17.824020,77.498447,29.603759,80.311039,42.157570,81.503920,54.978136,81.692564,67.877125,81.372898,80.775037,81.119467,93.674986,81.086966,106.579039,81.135646,119.483893,81.297534,132.386320,81.482435,145.291996,81.600471,158.202998,81.734163,171.110026,81.748353,184.017288,81.553457,196.919152,80.915829,209.801885,79.196167,222.541773,74.528900,234.292869,65.519940,243.259951,52.860064,245.615578
Type01,L,250,54.725245,250.739202,41.635945,249.681867,31.090968,241.994173,24.563950,230.782249,20.742798,218.249340,18.566360,205.283276,17.113499,192.203816,15.504640,179.142968,13.354857,166.156779,10.872529,153.223082,8.215312,140.324433,5.606806,127.416904,3.346126,114.444151,1.522398,101.408211,0.414776,88.292476,0.282624,75.143830,1.564193,62.063759,4.215059,49.193889,8.067505,36.623942,13.283957,24.563159,20.218833,13.476845,29.804571,4.565825,42.209899,0.190235,55.272685,1.108253,66.622780,7.731938,74.276430,18.171641,79.177304,30.292912,82.044245,43.113032,83.311061,56.190150,83.555381,69.353993,83.122745,82.509117,82.580808,95.658529,82.269106,108.815137,82.276523,121.979854,82.653507,135.134780,83.101423,148.292151,83.420415,161.467478,83.721082,174.642809,83.823605,187.816978,83.677865,200.985199,83.144856,214.137149,81.514026,227.158591,76.933100,239.186059,67.697409,248.332304,54.797893,250.827469
Type01,L,255,56.477484,255.698578,43.144374,254.607426,32.526334,246.577721,25.990829,235.132021,21.988931,222.372647,19.624576,209.191287,17.875500,195.901706,15.990232,182.633038,13.672358,169.427531,11.110359,156.260027,8.389260,143.125157,5.740484,129.976878,3.418259,116.766183,1.546251,103.491216,0.426556,90.130147,0.381134,76.743974,1.987328,63.460935,5.113941,50.448143,9.295671,37.721032,14.619571,25.437399,21.593998,14.089163,31.196252,4.865983,43.741993,0.169434,57.067450,0.836239,68.569662,7.658842,75.970720,18.586335,80.785130,31.030184,83.716344,44.092763,85.083165,57.404165,85.387926,70.812079,84.820387,84.200941,83.924004,97.574115,83.247338,110.959343,83.185946,124.361107,83.824967,137.745498,84.598362,151.126365,85.136449,164.532649,85.465613,177.947783,85.527606,191.363530,85.428718,204.777327,85.050648,218.179716,83.550352,231.463814,79.054057,243.745607,69.651071,253.085658,56.534610,255.713419
Type01,L,260,57.943638,260.464710,44.381293,259.321191,33.620086,251.063637,27.117000,239.399782,23.042911,226.400781,20.544906,213.007346,18.534441,199.517973,16.367608,186.057152,13.897360,172.644364,11.261895,159.258137,8.502235,145.897742,5.836048,132.519836,3.436775,119.090152,1.520705,105.590512,0.403641,92.000165,0.475834,78.390769,2.388522,64.917347,5.941371,51.764392,10.426075,38.889050,15.857179,26.396751,22.831701,14.776751,32.403338,5.199274,45.074771,0.175180,58.643315,0.596985,70.222572,7.649844,77.445762,18.992567,82.179956,31.728865,85.148758,45.021994,86.615276,58.554293,86.957183,72.190735,86.236732,85.796795,84.999199,99.378107,83.970474,112.978004,83.819202,126.601483,84.690925,140.202562,85.801336,153.788581,86.602880,167.399928,86.859708,181.034819,86.754793,194.672722,86.693402,208.316501,86.499447,221.955311,85.158219,235.487859,80.725401,248.021302,71.293233,257.650108,57.968747,260.383258
Type01,L,265,58.981964,265.282679,45.188997,264.090783,34.223395,255.700058,27.771914,243.811659,23.746355,230.547954,21.189600,216.927883,19.015764,203.226745,16.632751,189.564584,14.056004,175.936411,11.360005,162.329921,8.574545,148.741861,5.897499,135.133409,3.406868,121.488470,1.449536,107.763977,0.346568,93.945204,0.531600,80.110106,2.649561,66.432382,6.461157,53.100445,11.157521,40.050920,16.702677,27.353383,23.694153,15.468475,33.237256,5.519644,46.056411,0.219515,59.856680,0.473378,71.480017,7.762795,78.676727,19.400682,83.328268,32.411293,86.279987,45.944165,87.828955,59.700717,88.169013,73.564049,87.290516,87.387581,85.802828,101.181372,84.534635,115.001150,84.294936,128.848013,85.303401,142.671831,86.692747,156.465603,87.784823,170.276981,87.925269,184.130251,87.574884,197.987564,87.529529,211.860190,87.500023,225.734035,86.296532,239.511269,81.880629,252.307170,72.547512,262.332249,59.000955,265.122013
Type01,L,270,59.528498,270.382154,45.490555,269.153698,34.304296,260.650108,27.908343,248.504997,24.043176,234.944333,21.496033,221.071321,19.268525,207.131230,16.784635,193.237145,14.179122,179.366342,11.458652,165.519203,8.652736,151.688343,5.951436,137.837744,3.358731,123.965937,1.354299,110.003599,0.269147,95.942842,0.535977,81.864496,2.720709,67.948854,6.580606,54.375224,11.374977,41.103573,17.050381,28.194869,24.128092,16.068196,33.705139,5.775830,46.724023,0.301331,60.755150,0.515288,72.422177,8.046581,79.744680,19.870240,84.298299,33.158716,87.178663,46.956143,88.795302,60.953631,89.095600,75.055075,88.072277,89.112574,86.476571,103.141432,85.149010,117.203128,84.855721,131.290873,85.873647,145.359363,87.417746,159.383718,88.764543,173.413066,88.803391,187.501176,88.212596,201.592271,88.145620,215.706452,88.195131,229.825105,87.041805,243.851557,82.583987,256.923924,73.397013,267.400304,59.596800,270.189752
Type01,L,275,59.652236,275.797480,45.353961,274.537785,33.985976,265.860612,27.635876,253.416279,24.016996,239.532013,21.518586,225.382439,19.306910,211.177760,16.848186,197.015581,14.310576,182.868662,11.629153,168.751450,8.806454,154.659143,6.049592,140.554207,3.348727,126.438592,1.276962,112.223655,0.197622,97.903902,0.499195,83.561315,2.625471,69.372113,6.363199,55.499665,11.165200,41.960117,16.992870,28.833421,24.248798,16.498701,33.961255,5.934037,47.238209,0.406846,61.504964,0.710499,73.234587,8.495300,80.769505,20.447591,85.209295,34.031215,87.998777,48.116240,89.689584,62.371735,89.927392,76.725234,88.790254,91.038625,87.238256,105.330733,86.045530,119.660341,85.766228,134.010947,86.681072,148.348747,88.216412,162.634427,89.695968,176.912515,89.693163,191.258375,88.961032,205.604702,88.819330,219.976845,88.801545,234.351279,87.558496,248.631030,83.014179,261.986965,73.916704,272.883843,59.831366,275.630466
Type01,L,280,59.544109,281.269909,44.984821,279.970799,33.513130,271.017524,27.184514,258.247811,23.860910,244.034999,21.411769,229.604779,19.216524,215.130496,16.879097,200.679905,14.501594,186.236662,11.938992,171.828830,9.105186,157.468051,6.251854,143.110236,3.441945,128.744196,1.268782,114.275513,0.162694,99.692453,0.445340,85.077789,2.437307,70.598555,5.978779,56.404612,10.750432,42.578660,16.749561,29.237935,24.257295,16.732330,34.203237,5.990855,47.773276,0.514703,62.275821,0.985723,74.093444,9.031553,81.830813,21.116582,86.159484,35.005727,88.894898,49.378674,90.694802,63.893061,90.868901,78.500550,89.660606,93.080712,88.272730,107.651520,87.368446,122.260981,87.189523,136.884175,87.940763,151.500804,89.305433,166.067578,90.723198,180.619584,90.759867,195.235378,90.057355,209.849114,89.780418,224.484041,89.517660,239.112415,88.031944,253.637460,83.395802,267.269354,74.257474,278.477331,59.877483,281.172605
Type02,L,230,62.860546,230.888338,50.579441,229.508263,40.963682,221.841162,35.223217,211.131101,31.632978,199.332947,28.981815,187.267349,26.382817,175.186468,23.677217,163.128988,20.698038,151.137477,17.281220,139.264725,13.398592,127.536955,9.121671,115.946735,5.125941,104.262718,2.081114,92.299157,0.376022,80.097660,0.293014,67.761548,1.708638,55.513282,4.574597,43.510888,8.756022,31.905517,14.408735,20.966823,21.994684,11.330602,32.060934,4.246961,43.794060,0.433936,56.147675,-0.027159,66.828789,6.148339,73.883919,16.084550,78.862255,27.351033,82.160373,39.233776,84.138451,51.421942,86.342234,63.576320,85.954185,75.759679,82.805928,87.663090,78.609027,99.282488,74.376462,110.891871,71.765531,122.858643,71.969984,135.146782,74.260468,147.273106,77.583400,159.173646,81.130266,171.010495,84.246783,182.960329,86.294754,195.125153,86.342776,207.406485,83.155545,219.112983,75.332229,228.562085,63.237164,230.893847
Type02,L,235,63.014704,234.158420,50.524900,233.209117,41.005427,225.263011,35.462603,214.306933,31.988292,202.313393,29.385773,190.082713,26.855357,177.834239,24.134701,165.627261,21.097125,153.495568,17.609477,141.487059,13.832619,129.567247,9.820091,117.731580,5.956486,105.845376,2.811995,93.748763,0.699492,81.450880,0.148313,68.994687,1.464817,56.606892,4.527099,44.496495,8.823177,32.771215,14.498483,21.666255,22.007976,11.792199,32.010085,4.389912,43.796247,0.302689,56.317981,-0.070012,66.983747,6.380545,74.010642,16.482593,78.665117,28.016914,81.854526,40.090240,83.778758,52.442467,85.838750,64.775906,85.504016,77.130643,82.275478,89.145954,77.861999,100.842934,73.329168,112.510869,70.424151,124.552030,70.673313,136.990739,72.972103,149.274226,76.242374,161.342735,79.949911,173.287105,83.435549,185.280917,85.636505,197.570083,85.942802,210.021270,83.253045,221.987059,75.707559,231.725203,63.456629,234.014521
Type02,L,240,63.324315,238.749313,50.604100,238.010095,41.174633,229.673188,35.725070,218.436618,32.309863,206.202418,29.787029,193.740101,27.369864,181.253153,24.654233,168.829226,21.548439,156.496349,17.960175,144.296309,14.196358,132.148812,10.338597,120.037849,6.563124,107.899155,3.324250,95.604716,0.918279,83.134204,0.052856,70.486619,1.305614,57.892255,4.499486,45.596964,8.900082,33.681511,14.621348,22.359019,22.167331,12.249562,32.191798,4.535550,44.104108,0.181559,56.838152,0.068177,67.554396,6.826190,74.574225,17.158103,78.928957,29.019960,82.008244,41.346982,83.991836,53.905100,85.911953,66.475803,85.578012,79.066048,82.216960,91.244026,77.567476,103.077593,72.851728,114.904871,69.810042,127.124043,70.078817,139.778131,72.333484,152.287428,75.529376,164.592264,79.331249,176.727872,83.122859,188.850901,85.544627,201.309976,86.070693,213.977251,83.619776,226.202421,76.212605,236.211365,63.750484,238.529165
Type02,L,245,63.810557,244.256173,50.858656,243.461242,41.479899,234.680776,35.989839,223.162265,32.567159,210.663415,30.139161,197.922831,27.845424,185.150502,25.141050,172.462072,21.963148,159.882592,18.265354,147.446603,14.424702,135.052792,10.584495,122.663480,6.834000,110.245827,3.522851,97.702386,0.992668,84.991625,0.028268,72.094136,1.271444,59.242375,4.516874,46.698438,9.006302,34.539228,14.807621,22.972287,22.506322,12.651990,32.642115,4.662157,44.752567,0.092138,57.726043,0.367665,68.558455,7.429407,75.599055,18.034920,79.735199,30.247301,82.719856,42.868093,84.865391,55.658865,86.677994,68.503790,86.289243,81.371291,82.753335,93.751510,77.872325,105.771627,73.119241,117.850173,70.137557,130.343933,70.407060,143.261104,72.575265,156.045851,75.688308,168.634971,79.506684,181.032023,83.489742,193.367755,86.164414,206.033077,86.835457,218.945362,84.318752,231.404554,76.861475,241.631086,64.149719,244.045165
Type02,L,250,64.491261,250.217212,51.313631,249.141314,41.911124,239.940608,36.253037,228.162690,32.770235,215.390824,30.427930,202.347860,28.215144,189.272478,25.500823,176.296794,22.250117,163.443408,18.462363,150.738227,14.494618,138.086960,10.553970,125.429872,6.764373,112.726471,3.413615,99.899800,0.930548,86.898213,0.076285,73.711303,1.370850,60.571830,4.606125,47.737900,9.178248,35.305957,15.107665,23.493225,23.044363,12.987007,33.355931,4.755911,45.725571,0.046766,58.952848,0.752060,69.949978,8.089597,77.040595,18.990047,81.075622,31.543707,83.992099,44.475387,86.353298,57.515819,88.113102,70.651217,87.628400,83.812905,83.891028,96.421893,78.793832,108.662167,74.124122,121.055814,71.382646,133.896900,71.655095,147.105006,73.722635,160.192161,76.762027,173.090285,80.538620,185.794410,84.585782,198.410468,87.497205,211.311143,88.227675,224.484013,85.397413,237.148873,77.697304,247.530627,64.714115,250.082299
Type02,L,255,65.365031,256.174741,51.962923,254.708424,42.436639,245.185320,36.524717,233.181747,32.962736,220.137607,30.670998,206.790454,28.441988,193.423848,25.664749,180.164057,22.341098,167.028312,18.511064,154.032109,14.430804,141.111803,10.332212,128.197806,6.457311,115.215379,3.101197,102.090249,0.784959,88.771420,0.177821,75.278838,1.576813,61.843751,4.785795,48.707089,9.454546,36.001974,15.570804,23.964292,23.772645,13.278705,34.278681,4.813807,46.947618,0.045388,60.434874,1.108245,71.614496,8.684834,78.779426,19.879924,82.836531,32.743090,85.713871,45.982676,88.270587,59.284649,90.042242,72.708929,89.448917,86.158158,85.502872,99.008360,80.202603,111.480860,75.666720,124.210811,73.276171,137.434135,73.582652,150.940543,75.573620,164.333576,78.565959,177.542281,82.286835,190.567013,86.299008,203.502217,89.382533,216.660907,90.103796,230.100900,86.856437,242.960020,78.765299,253.451479,65.503990,256.139123
Type02,L,260,66.393903,261.707614,52.759807,259.892010,43.004957,250.197556,36.817781,238.002726,33.198513,224.693049,30.903036,211.060731,28.524374,197.440260,25.608547,183.923354,22.211415,170.515790,18.405255,157.220749,14.293657,144.018404,10.059021,130.852246,6.082931,117.606787,2.748709,104.188617,0.633804,90.555068,0.299594,76.766098,1.835301,63.050112,5.056115,49.628588,9.855533,36.677697,16.217029,24.451990,24.643605,13.568982,35.310114,4.842437,48.289357,0.076765,62.035855,1.323042,73.379730,9.104923,80.632678,20.574669,84.810479,33.703083,87.672674,47.230482,90.330754,60.800935,92.173699,74.497274,91.492305,88.207060,87.350726,101.295612,81.851783,113.988791,77.411388,127.028430,75.382378,140.623583,75.778603,154.415355,77.752347,168.095201,80.736112,181.594458,84.439258,194.918910,88.373312,208.174878,91.529375,221.605051,92.208830,235.310864,88.621062,248.377316,80.072056,258.964769,66.540395,261.741511
Type02,L,265,67.494516,266.443855,53.618393,264.451059,43.552012,254.754078,37.134512,242.398615,33.512577,228.838244,31.153649,214.958785,28.490548,201.140582,25.358633,187.413096,21.888407,173.763227,18.174192,160.180428,14.154906,146.689028,9.874379,133.272969,5.813252,119.789471,2.515736,106.105562,0.550121,92.190054,0.405670,78.139444,2.082795,64.178728,5.393587,50.518179,10.366280,37.371739,17.014706,25.004336,25.570487,13.890905,36.321245,4.853500,49.588596,0.123360,63.583489,1.322446,75.042576,9.282506,82.383482,20.989309,86.735640,34.332878,89.597277,48.112491,92.215160,61.948224,94.170326,75.885523,93.448028,89.812413,89.142473,103.119648,83.443686,115.999888,78.987981,129.280766,77.233879,143.193285,77.784153,157.237641,79.819011,171.164692,82.835159,184.914908,86.596994,198.487237,90.470169,212.027000,93.588269,225.726748,94.233089,239.686160,90.531235,252.988762,81.551622,263.688275,67.772875,266.475530
Type02,L,270,68.545618,270.072972,54.428212,268.140947,44.012917,258.589223,37.457967,246.101990,33.900307,232.319476,31.429091,218.247524,28.385132,204.298407,24.983245,190.420579,21.444079,176.576009,17.873631,162.740231,14.071585,148.971010,9.867528,135.316017,5.760626,121.631234,2.501293,107.730497,0.575675,93.592914,0.469171,79.337886,2.265827,65.187225,5.753475,51.354525,10.932026,38.077403,17.876427,25.618211,26.440385,14.247450,37.180883,4.858280,50.682540,0.167718,64.899160,1.097220,76.407430,9.210674,83.822678,21.101650,88.352780,34.606760,91.218916,48.588132,93.651581,62.667840,95.733753,76.800599,95.028880,90.888706,90.604774,104.377464,84.710000,117.394104,80.099804,130.821361,78.470598,144.962687,79.225732,159.208347,81.395143,173.325600,84.476791,187.270307,88.383056,201.016335,92.254445,214.770659,95.240071,228.715825,95.885598,242.900271,92.361453,256.462893,83.058309,267.303459,69.072835,270.015480
Type02,L,275,69.412593,272.372152,55.078748,270.721449,44.335285,261.411295,37.753013,248.824676,34.314790,234.867210,31.706465,220.670119,28.253755,206.659350,24.571847,192.698245,20.974358,178.721614,17.569653,164.692641,14.068940,150.685571,10.050401,136.823415,5.944817,122.988491,2.714935,108.938158,0.708676,94.657824,0.479592,80.271771,2.355113,65.999476,6.080206,52.072521,11.469632,38.734459,18.677372,26.232447,27.138501,14.605814,37.784190,4.863549,51.442428,0.197738,65.834023,0.704409,77.325853,8.940765,84.791712,20.951315,89.462747,34.560676,92.332111,48.680024,94.475739,62.958344,96.673321,77.227482,96.037135,91.413053,91.547293,105.030397,85.477368,118.123386,80.598161,131.595866,78.930806,145.859518,79.908692,160.240170,82.258611,174.478154,85.423168,188.548258,89.536349,202.383435,93.475341,216.263395,96.271279,230.404053,96.960516,244.764729,93.868572,258.583873,84.394416,269.584617,70.259452,272.154703
Type02,L,280,69.981328,273.243895,55.486079,272.008701,44.490153,262.971216,37.976786,250.325227,34.683058,236.258730,31.942427,222.010326,28.131286,208.002081,24.210239,194.024161,20.572384,179.987076,17.320986,165.845012,14.137852,151.671299,10.363758,137.660439,6.299033,123.740019,3.084985,109.618573,0.909379,95.283019,0.443413,80.846301,2.349814,66.526715,6.322195,52.583204,11.891125,39.249318,19.290013,26.749045,27.575965,14.909267,38.074552,4.870320,51.800080,0.209082,66.300691,0.245133,77.725945,8.562182,85.214028,20.621684,89.966855,34.274697,92.836309,48.459175,94.657362,62.867057,96.938706,77.203626,96.401150,91.420685,91.898474,105.103027,85.697846,118.211739,80.500452,131.640936,78.666267,145.920807,79.842816,160.361523,82.378633,174.645371,85.624798,188.765636,89.961119,202.607802,94.016928,216.520402,96.612633,230.783812,97.376182,245.252914,94.852385,259.284400,85.363935,270.436690,71.149577,272.835493
Type03,L,230,50.738615,231.307229,38.685122,229.594084,29.398860,221.767019,24.238493,210.976870,20.797581,199.309484,18.609011,187.354666,16.804095,175.316376,14.947080,163.285040,12.771472,151.311066,10.287505,139.393861,7.662820,127.508183,5.109974,115.609159,2.796329,103.660462,1.093391,91.617280,0.249344,79.481393,0.382664,67.324923,1.765453,55.246810,4.449744,43.400624,8.568003,31.967964,14.023328,21.133428,21.228797,11.421659,30.353052,3.631477,41.906812,0.058898,53.865415,1.534235,64.304421,7.877349,70.423983,18.336558,74.703502,29.702886,77.060940,41.618063,78.150487,53.733957,78.558059,65.900244,78.262197,78.065208,76.975241,90.156185,74.969230,102.159827,73.011314,114.173940,71.706525,126.271271,72.021466,138.383737,73.696149,150.438971,75.473396,162.482016,76.891426,174.570865,77.968293,186.694415,78.629474,198.843201,77.368456,210.737111,71.598405,221.217933,62.546693,229.281999,50.570079,231.459915
Type03,L,235,51.511996,235.090954,39.257942,233.452684,29.866160,225.499498,24.637987,214.546220,21.004378,202.742090,18.557889,190.649940,16.558513,178.456941,14.716466,166.237240,12.564385,154.074648,10.196885,141.942950,7.617061,129.860566,4.988691,117.794122,2.659750,105.664137,0.983270,93.434494,0.241166,81.109773,0.417574,68.770942,1.816819,56.513246,4.485861,44.477825,8.653879,32.877120,14.172256,21.866142,21.429654,11.991639,30.436945,3.893037,42.043398,-0.060854,54.255395,0.876076,64.901919,7.372139,71.044588,18.071201,75.517722,29.560209,77.838939,41.662441,78.794747,53.986772,79.248948,66.335716,79.025335,78.681054,77.703811,90.946246,75.610949,103.120540,73.639695,115.314229,72.432337,127.597666,72.854567,139.894447,74.521242,152.132003,76.192960,164.369197,77.488934,176.655520,78.653349,188.952183,79.421892,201.272306,78.077197,213.352513,72.489231,224.182957,63.659443,232.829419,51.525483,235.280637
Type03,L,240,52.325318,239.834089,39.824379,238.277916,30.319914,230.117013,24.931990,218.975317,21.058501,206.999391,18.453088,194.702364,16.362104,182.287800,14.532690,169.829015,12.395321,157.427236,10.098327,145.039622,7.538587,132.713361,4.871767,120.417415,2.554733,108.047701,0.925458,95.576248,0.247139,83.010645,0.420175,70.437947,1.795671,57.943271,4.465874,45.671988,8.747769,33.867421,14.394667,22.656413,21.752077,12.574508,30.674888,4.079494,42.455054,-0.120168,54.959087,0.519178,65.740791,7.274402,71.893769,18.252320,76.530339,29.933370,78.830219,42.271020,79.707705,54.846686,80.265721,67.425356,80.150006,80.002023,78.757662,92.487645,76.549918,104.880652,74.590198,117.307925,73.512091,129.830529,74.037639,142.363059,75.691344,154.834697,77.253469,167.317501,78.428159,179.851965,79.666572,192.374734,80.526064,204.919860,79.125828,217.237322,73.601221,228.385916,64.806457,237.453942,52.451657,240.089085
Type03,L,245,53.160639,245.057235,40.387934,243.604458,30.751665,235.202782,25.159158,223.858028,21.062743,211.679819,18.394028,199.133492,16.298269,186.456773,14.471846,173.733382,12.348629,161.064674,10.076718,148.404535,7.497111,135.815645,4.810884,123.257118,2.505503,110.619399,0.917208,97.879416,0.260516,85.046162,0.393655,72.212025,1.717496,59.448352,4.405950,46.918512,8.846325,34.891567,14.640669,23.461941,22.101226,13.131673,30.989063,4.202804,43.037640,-0.102716,55.840681,0.454192,66.703169,7.503806,72.883928,18.754554,77.645065,30.672972,79.954511,43.267657,80.811916,56.111769,81.487882,68.945515,81.472026,81.780781,79.986325,94.512582,77.665019,107.152419,75.728708,119.842425,74.761470,132.630498,75.355023,145.425518,76.996388,158.158602,78.477794,170.911254,79.569862,183.716421,80.869490,196.494207,81.800529,209.294680,80.399375,221.877787,74.830283,233.297860,65.956881,242.662094,53.349307,245.409844
Type03,L,250,54.071792,250.401846,41.016528,249.088322,31.201770,240.474790,25.411782,228.918338,21.170135,216.506855,18.498601,203.689789,16.440678,190.735410,14.605214,177.740754,12.505316,164.794549,10.227910,151.861083,7.582542,139.011597,4.866468,126.183779,2.536576,113.276411,0.947818,100.265894,0.273218,87.158726,0.352125,74.054436,1.621915,61.011598,4.340576,48.217036,8.944984,35.956129,14.851119,24.284152,22.373212,13.665793,31.285351,4.316348,43.647378,-0.016920,56.737737,0.571633,67.674661,7.873779,73.942730,19.353748,78.801111,31.527750,81.161628,44.380949,82.043651,57.493206,82.804277,70.591708,82.839155,83.694565,81.259558,96.683975,78.854780,109.584046,76.932135,122.545439,76.006971,135.603813,76.611015,148.668876,78.246803,161.671719,79.702198,174.697439,80.779015,187.774413,82.133030,200.816878,83.122797,213.884062,81.792714,226.744431,76.120376,238.405615,67.167694,248.036817,54.305595,250.875908
Type03,L,255,55.150881,255.698602,41.807608,254.563723,31.736635,245.821526,25.788906,234.048986,21.512643,221.371928,18.851787,208.278918,16.824977,195.048030,14.973891,181.783770,12.911670,168.558091,10.618826,155.355103,7.869718,142.254886,5.087525,129.166994,2.668886,116.003939,1.008176,102.735404,0.280343,89.359528,0.315855,75.986242,1.559152,62.667347,4.310078,49.607689,9.035056,37.097087,14.977883,25.150421,22.497764,14.208891,31.494817,4.491107,44.157263,0.104299,57.521101,0.714675,68.580441,8.176611,75.031461,19.823393,79.984014,32.249001,82.436406,45.353671,83.365890,58.727848,84.148094,72.093744,84.166246,85.464181,82.516027,98.716829,80.074588,111.883411,78.134074,125.113350,77.153585,138.435934,77.707811,151.769095,79.348803,165.040481,80.840137,178.332640,81.975612,191.672941,83.382423,204.979904,84.429128,218.314807,83.242089,231.456034,77.474863,243.362684,68.537332,253.330761,55.437973,256.293740
Type03,L,260,56.470338,260.931207,42.833961,259.999092,32.411005,251.239142,26.343834,239.252962,22.134501,226.282255,19.462392,212.915503,17.429523,199.415332,15.569040,185.882509,13.555286,172.377455,11.253343,158.905862,8.384076,145.560952,5.491296,132.225586,2.913737,118.823644,1.097711,105.313005,0.283138,91.676802,0.303985,78.037757,1.571645,64.450535,4.345190,51.123000,9.102882,38.337407,15.000428,26.081482,22.467892,14.796027,31.603620,4.782750,44.504199,0.213099,58.137512,0.748378,69.400687,8.273909,76.142557,20.028938,81.210234,32.689491,83.781121,46.040624,84.761017,59.673192,85.504388,73.308286,85.453855,86.945178,83.774455,100.466752,81.340967,113.904308,79.338264,127.397009,78.212684,140.976870,78.676607,154.575171,80.333548,168.112677,81.906697,181.664995,83.154076,195.261440,84.611319,208.831492,85.721733,222.432648,84.729377,235.856855,78.933836,248.045036,70.133690,258.463320,56.818201,261.610680
Type03,L,265,58.027268,266.117698,44.094831,265.379300,33.232600,256.705184,27.051551,244.520116,22.963011,231.242394,20.249079,217.605999,18.174295,203.843127,16.326422,190.039744,14.359686,176.256789,12.060181,162.514712,9.083790,148.922954,6.051113,135.348071,3.265864,121.718812,1.224235,107.978889,0.288670,94.090696,0.327682,80.188911,1.678395,66.341667,4.455230,52.740035,9.132557,39.648792,14.931506,27.061051,22.341668,15.437487,31.655848,5.204452,44.704586,0.262563,58.614829,0.612956,70.158350,8.149087,77.277591,19.975036,82.492894,32.850042,85.184345,46.448599,86.207094,60.340065,86.886031,74.245532,86.759663,88.148697,85.099449,101.944568,82.698659,115.655471,80.591428,129.405644,79.274179,143.239303,79.643605,157.101382,81.322915,170.903909,82.989323,184.714307,84.360161,198.565284,85.857167,212.398759,87.038999,226.264846,86.256652,239.973176,80.526931,252.488310,71.931885,263.428611,58.413796,266.807019
Type03,L,270,59.716708,271.173943,45.495290,270.579354,34.145602,262.057458,27.811620,249.705395,23.831357,236.133035,21.063421,222.234115,18.939854,208.215307,17.138693,194.141935,15.201272,180.089513,12.909541,166.079915,9.866984,152.236208,6.698103,138.425732,3.698555,124.575955,1.396466,110.617536,0.306203,96.488945,0.386466,82.331669,1.868376,68.235857,4.624781,54.357500,9.111633,40.937696,14.809778,28.023455,22.214922,16.102991,31.727772,5.717476,44.832426,0.222856,59.028997,0.338451,70.886457,7.899331,78.417739,19.785709,83.806161,32.854710,86.592908,46.702814,87.651212,60.851145,88.291236,75.021400,88.137099,89.186580,86.538504,103.254945,84.166568,117.233387,81.929088,131.232805,80.436171,145.316524,80.746267,159.437899,82.447399,173.500947,84.178703,187.567085,85.637124,201.672011,87.150697,215.766513,88.404026,229.892142,87.805174,243.878674,82.224721,256.745009,73.792660,268.167698,60.075741,271.773757
Type03,L,275,61.347220,275.833685,46.863866,275.299522,35.040634,266.944980,28.484237,254.475623,24.541984,240.653077,21.740008,226.508868,19.599762,212.248820,17.881854,197.919379,15.942814,183.621737,13.652060,169.363583,10.601346,155.272121,7.336984,141.234582,4.164106,127.174555,1.613605,113.013819,0.342133,98.667324,0.468951,84.274736,2.105139,69.952402,4.819771,55.809995,9.037228,42.063174,14.683292,28.865686,22.178224,16.725138,31.886983,6.243008,44.973278,0.091362,59.451556,0.018752,71.592751,7.676333,79.503396,19.632250,85.067232,32.872580,87.902903,46.962407,88.996173,61.352021,89.666594,75.765454,89.573903,90.174860,88.063273,104.496744,85.691476,118.719939,83.323458,132.949182,81.728503,147.269342,82.041954,161.632903,83.757493,175.939122,85.495525,190.248044,86.970377,204.596478,88.466935,218.937256,89.779060,233.304172,89.302411,247.546415,83.914073,260.742653,75.492219,272.477021,61.578228,276.244253
Type03,L,280,62.692852,279.670528,48.001098,279.100270,35.786708,270.881842,28.941460,258.357612,24.940108,244.359478,22.151400,230.006108,20.054409,215.537461,18.446646,200.989460,16.470815,186.493733,14.163925,172.030783,11.163802,157.718018,7.870519,143.478227,4.601321,129.232814,1.858317,114.900548,0.396086,100.376922,0.557304,85.790122,2.339926,71.281647,4.999722,56.913557,8.919334,42.878488,14.591542,29.478206,22.278754,17.219962,32.157304,6.689028,45.178626,-0.106973,59.905427,-0.237577,72.240417,7.609653,80.435345,19.648450,86.146523,33.029354,88.976565,47.331552,90.110603,61.923722,90.897307,76.535387,90.963940,91.149006,89.547031,105.680420,87.135660,120.101957,84.662345,134.522149,83.070226,149.045058,83.455421,163.612019,85.173778,178.122267,86.851555,192.639781,88.261240,207.200012,89.704929,221.750436,91.050942,236.319090,90.617307,250.770304,85.412103,264.221939,76.789768,276.005346,62.691492,279.819580
Type04,L,230,54.790405,231.358130,42.510297,230.957418,32.155340,224.348127,25.885932,214.124849,22.517655,202.381030,20.424450,190.267380,18.541012,178.112194,16.515407,165.980968,14.240924,153.892578,11.799451,141.835544,9.261285,129.797716,6.740602,117.756308,4.199736,105.721230,1.924520,93.640083,0.466355,81.438638,0.307122,69.164781,1.660145,56.967557,4.475698,45.012035,8.560877,33.427739,13.909713,22.380175,21.018528,12.382154,30.059395,4.064676,41.718019,0.337191,53.932176,0.902655,65.088917,5.918744,73.156039,14.827753,78.213301,25.908339,80.711805,37.910288,81.491603,50.170322,81.138904,62.443324,80.064574,74.689235,78.871939,86.933545,77.776540,99.183475,76.897102,111.449915,76.408166,123.734644,77.014705,135.997052,78.393995,148.213520,79.598847,160.455179,80.716905,172.699831,81.389224,184.979430,81.542254,197.264003,80.072439,209.427060,75.851067,220.680902,66.989049,229.065697,54.962667,231.517823
Type04,L,235,56.572345,235.416937,44.178403,234.505904,33.677418,227.808675,27.198520,217.469865,23.444818,205.639311,21.214870,193.375129,19.395464,181.029673,17.378716,168.716310,14.994687,156.466513,12.475924,144.242559,9.845822,132.042314,7.214217,119.842240,4.643219,107.630087,2.325218,95.371075,0.664480,83.014882,0.214241,70.572996,1.436611,58.188038,4.282145,46.055166,8.401149,34.288793,13.632477,22.982543,20.434208,12.603722,29.760915,4.360244,41.534694,0.361179,53.954055,0.584639,64.994717,6.125577,73.240405,15.234478,78.378695,26.457208,81.426739,38.509746,82.737905,50.873452,82.726746,63.332600,81.875852,75.772605,80.573306,88.181454,79.181666,100.579088,78.112416,113.008582,77.600829,125.469617,78.100764,137.923792,79.326832,150.339564,80.586101,162.756526,81.733701,175.176872,82.434728,187.630395,82.902834,200.086081,81.770308,212.414647,77.390540,223.850803,68.794745,232.734808,56.675205,235.553164
Type04,L,240,58.173220,240.236794,45.594743,238.889970,35.031450,231.903497,28.434959,221.344841,24.488257,209.320639,22.232721,196.831044,20.479688,184.241826,18.436568,171.698272,15.926666,159.236775,13.268459,146.805846,10.469610,134.406825,7.669203,122.007567,4.994889,109.580414,2.593838,97.099343,0.801949,84.524781,0.190672,71.859221,1.434057,59.245186,4.401336,46.901665,8.622295,34.917546,13.760876,23.307880,20.353402,12.541821,30.087171,4.429076,42.087266,0.354331,54.750313,0.502249,65.718791,6.600186,74.063312,16.000401,79.289914,27.429162,82.785012,39.608973,84.509921,52.144620,84.671004,64.838207,83.870886,77.512745,82.394110,90.132678,80.760346,102.736406,79.573021,115.387465,79.103197,128.080135,79.567458,140.772835,80.738849,153.429691,82.060673,166.073753,83.223031,178.726338,84.022388,191.404283,84.738770,204.084492,83.804312,216.638202,79.218043,228.260515,70.577962,237.445253,58.255572,240.379640
Type04,L,245,59.308240,245.360171,46.496008,243.716315,35.948619,236.289751,29.361104,225.422247,25.421088,213.123212,23.218135,200.365402,21.511637,187.509697,19.421564,174.713181,16.806058,162.010298,13.994217,149.349727,11.007293,136.730189,8.030383,124.107568,5.216500,111.447341,2.709756,98.724233,0.858251,85.896348,0.235867,72.978280,1.629687,60.119687,4.756509,47.547978,9.091390,35.324115,14.187973,23.409611,20.716777,12.310365,30.874439,4.302374,43.175297,0.321181,56.093492,0.634659,67.050941,7.245465,75.372508,17.012480,80.667741,28.698522,84.429201,41.075916,86.409123,53.834277,86.589128,66.782343,85.679024,79.705168,84.003998,92.560151,82.219021,105.405465,80.993244,118.310385,80.611292,131.262368,81.100377,144.213860,82.295674,157.127923,83.686311,170.023534,84.874361,182.934196,85.814252,195.861169,86.655870,208.793766,85.739935,221.602936,80.944537,233.411744,72.035317,242.728573,59.427079,245.521498
Type04,L,250,59.903868,250.505541,46.830365,248.734893,36.330369,240.814732,29.861844,229.584312,26.073429,216.965999,23.941043,203.928973,22.240193,190.808740,20.101168,177.755321,17.429920,164.797341,14.501763,151.895027,11.370879,139.040529,8.261948,126.180226,5.318359,113.280715,2.704694,100.312664,0.838820,87.222797,0.329859,74.045661,1.943576,60.944013,5.197606,48.132680,9.593814,35.652015,14.711732,23.461031,21.328689,12.112479,31.820792,4.090477,44.446462,0.279411,57.613902,0.888709,68.635706,7.901245,76.819552,18.077567,82.147580,30.056465,85.978978,42.685644,88.062264,55.697738,88.166644,68.899607,87.044902,82.067198,85.194019,95.164855,83.359475,108.267368,82.159390,121.436175,81.875831,134.652577,82.419223,147.864104,83.673987,161.034442,85.138102,174.184663,86.387615,187.354008,87.471705,200.534703,88.297059,213.727132,87.237884,226.798004,82.285344,238.807166,73.042137,248.188344,60.106325,250.673196
Type04,L,255,60.123305,255.604612,46.776072,253.871180,36.285461,245.514820,29.979439,233.913922,26.392097,220.968322,24.287318,207.662338,22.540563,194.290920,20.365381,180.984312,17.697862,167.765514,14.723297,154.612108,11.534942,141.508475,8.371610,128.398499,5.345323,115.255398,2.643158,102.044908,0.771686,88.699670,0.439761,75.268129,2.266707,61.928659,5.561724,48.864102,9.926625,36.108669,15.123320,23.676882,21.941636,12.152408,32.612054,3.935199,45.540527,0.251807,58.947867,1.134706,70.116315,8.398736,78.107269,18.982007,83.437759,31.271500,87.191898,44.185018,89.267937,57.466134,89.274044,70.913844,87.923251,84.319219,85.956354,97.661309,84.157065,111.025248,83.014322,124.455780,82.798766,137.930440,83.387024,151.396273,84.690921,164.817196,86.229779,178.215745,87.586207,191.632476,88.785209,205.062824,89.480336,218.512591,88.186699,231.840342,83.175236,244.085478,73.693518,253.582513,60.430666,255.748320
Type04,L,260,60.286217,260.724934,46.659529,259.152959,36.079231,250.501857,29.887481,238.568009,26.449528,225.314468,24.293045,211.756555,22.455201,198.145038,20.262653,184.586824,17.643012,171.103134,14.691164,157.688061,11.534815,144.319219,8.395603,130.946089,5.348465,117.550606,2.590614,104.095591,0.695961,90.503346,0.529939,76.821892,2.496556,63.242855,5.736530,49.908027,9.987083,36.860668,15.297147,24.210220,22.357757,12.539620,33.048839,3.945085,46.232082,0.254352,59.877817,1.255555,71.268543,8.623320,79.102584,19.566053,84.433755,32.164141,88.054173,45.372169,90.062447,58.928623,90.002024,72.619115,88.484778,86.262909,86.479289,99.854124,84.763130,113.480896,83.670995,127.169025,83.461035,140.895717,84.053135,154.613319,85.366236,168.283907,86.974155,181.926745,88.469469,195.581686,89.740920,209.258918,90.256401,222.963430,88.734708,236.545562,83.782865,249.077608,74.244894,258.818468,60.686236,260.811531
Type04,L,265,60.717516,265.918703,46.808262,264.570712,36.015850,255.794501,29.811296,243.596370,26.398615,230.069673,24.112141,216.273176,22.161720,202.423487,19.967597,188.610135,17.405790,174.858445,14.512613,161.172605,11.440979,147.525338,8.374172,133.876901,5.357874,120.216794,2.585260,106.507816,0.647263,92.670177,0.572192,78.737742,2.566456,64.908120,5.697940,51.290014,9.813097,37.944003,15.238918,25.074065,22.499810,13.231986,33.114597,4.144964,46.504476,0.286772,60.397738,1.188249,72.061449,8.557362,79.860089,19.779876,85.231219,32.663389,88.755059,46.156299,90.671961,59.989966,90.596124,73.929425,89.026071,87.822254,87.054474,101.672135,85.425573,115.563652,84.344944,129.507740,84.065890,143.485095,84.607841,157.457861,85.886273,171.383607,87.547166,185.273715,89.179568,199.167034,90.491900,213.093024,90.856598,227.053179,89.202626,240.895633,84.413563,253.760967,74.978099,263.868224,61.168178,265.929553
Type04,L,270,61.596690,271.076887,47.407566,269.947812,36.307925,261.184100,29.931373,248.801048,26.397122,235.042585,23.936352,221.016064,21.885792,206.924402,19.697842,192.852946,17.165290,178.836946,14.317251,164.881296,11.324289,150.955278,8.331440,137.029508,5.370733,123.097718,2.626463,109.124455,0.646120,95.037614,0.552768,80.851341,2.459504,66.758618,5.507069,52.861298,9.556658,39.233324,15.069688,26.126333,22.421297,14.047137,32.955820,4.465061,46.523339,0.331067,60.676443,0.941219,72.621731,8.282827,80.550334,19.694484,86.035662,32.819101,89.560372,46.570853,91.376710,60.677994,91.322520,74.875710,89.823864,89.030195,87.936761,103.146491,86.362870,117.300970,85.237254,131.498019,84.825250,145.725446,85.271646,159.956374,86.489738,174.141866,88.176174,188.284435,89.902651,202.422158,91.251453,216.598058,91.558134,230.813443,89.918437,244.925675,85.347481,258.141110,76.057764,268.652095,62.039906,271.019200
Type04,L,275,62.878201,275.865873,48.426665,274.893859,36.992999,266.209270,30.313413,253.713069,26.538954,239.767959,23.909010,225.523271,21.802947,211.192021,19.621188,196.871647,17.062709,182.611243,14.203507,168.407152,11.229342,154.225562,8.269558,140.041345,5.359417,125.848359,2.683238,111.612567,0.693462,97.277865,0.474578,82.844191,2.205397,68.488706,5.272109,54.345184,9.405842,40.484570,14.957311,27.124679,22.257843,14.736925,32.791250,4.774668,46.530330,0.359334,60.944390,0.583021,73.129309,7.942837,81.337423,19.462497,87.022151,32.765381,90.653889,46.735830,92.357834,61.100339,92.331193,75.555009,91.001879,89.971109,89.221200,104.347521,87.651070,118.749872,86.425280,133.185544,85.845582,147.652407,86.175508,162.131892,87.335270,176.568092,89.011689,190.958491,90.757356,205.340130,92.165994,219.755131,92.535495,234.213336,91.055221,248.594675,86.693395,262.128714,77.447274,272.956146,63.258025,275.772706
Type04,L,280,64.315591,279.782248,49.643202,278.872516,37.930974,270.258805,30.893320,257.704234,26.822902,243.623183,24.072761,229.187409,21.974604,214.639225,19.795392,200.102727,17.151633,185.641835,14.207634,171.237785,11.166407,156.853091,8.177621,142.457501,5.292920,128.041423,2.715648,113.570073,0.773789,99.008136,0.354720,84.355267,1.864995,69.764100,5.096768,55.440423,9.495975,41.428747,15.032500,27.823227,22.150534,15.088639,32.800776,4.942472,46.716071,0.346998,61.366592,0.210695,73.704405,7.681142,82.273728,19.248635,88.221725,32.654237,92.028966,46.790197,93.602799,61.375148,93.581568,76.060600,92.471083,90.711455,90.793088,105.315911,89.176788,119.928123,87.813638,134.566388,87.068396,149.240441,87.290584,163.934586,88.416948,178.587216,90.046782,193.198036,91.727059,207.801941,93.232178,222.422241,93.770928,237.088169,92.548304,251.712657,88.328218,265.481905,78.921155,276.431539,64.594150,279.701592
Type05,L,230,55.307379,238.838933,42.728895,237.718527,32.377458,230.418495,26.246463,219.616904,23.129565,207.419320,21.041629,194.964594,19.618634,182.417624,18.614758,169.825507,16.926234,157.328305,14.684409,144.893596,11.097118,132.816376,6.608823,121.005485,2.587765,109.041573,0.344552,96.673190,0.164887,84.036039,1.476008,71.496857,4.215585,59.169695,7.775314,47.068266,12.507393,35.352663,17.984147,23.995053,25.668738,13.811029,35.023536,5.449603,46.702831,0.857246,59.336452,-0.085169,68.678539,6.769160,74.155837,17.845384,77.765394,29.911462,81.640142,41.898329,83.283571,54.357092,82.385242,66.907450,79.607346,79.222188,75.897703,91.316746,72.210336,103.404422,69.936820,115.782255,69.860174,128.400979,71.402433,140.947746,73.722124,153.368485,76.525890,165.683515,79.494253,177.958661,81.971819,190.337220,83.164867,202.847948,81.710161,215.286906,77.159264,226.877382,68.199267,235.902797,55.935768,238.949709
Type05,L,235,55.098635,238.968153,42.549842,237.684473,32.502009,230.075690,26.626024,219.141742,23.429334,206.948554,21.250214,194.502570,19.792999,181.952233,18.760410,169.354746,17.210275,156.825296,14.902861,144.402519,11.292509,132.318853,6.840630,120.487671,2.814080,108.517110,0.472123,96.160344,0.153041,83.529258,1.374192,70.977851,4.107243,58.640893,7.663878,46.528742,12.390127,34.806210,17.862863,23.435788,25.298296,13.134671,34.863198,4.944366,46.617345,0.598622,59.201059,0.204679,68.547759,7.211636,73.981338,18.319337,77.818959,30.331450,81.610637,42.350100,83.255014,54.826791,82.440600,67.386241,79.787312,79.733245,76.228752,91.869453,72.648694,103.992511,70.299077,116.368235,70.067793,128.978436,71.505113,141.538416,73.751200,153.976477,76.550240,166.300653,79.544970,178.578781,82.088827,190.952615,83.244886,203.470342,81.621731,215.924301,77.013569,227.487616,67.982246,236.381249,55.658381,239.156855
Type05,L,240,55.185727,240.981834,42.588193,239.460335,32.911815,231.353824,27.345791,220.171510,24.042235,207.908935,21.772609,195.395439,20.273167,182.766083,19.183474,170.089793,17.746862,157.454195,15.328198,144.976119,11.672998,132.811069,7.266110,120.875194,3.218423,108.821749,0.708427,96.410838,0.153304,83.719418,1.225225,71.076732,3.919804,58.646814,7.471685,46.443589,12.195545,34.633320,17.682743,23.170834,24.806953,12.636517,34.643559,4.560664,46.592950,0.533605,59.207561,0.843828,68.638171,8.137414,74.058175,19.343482,78.153220,31.374225,81.848703,43.510161,83.548848,56.075809,82.922370,68.721819,80.482974,81.190169,77.122127,93.457853,73.665326,105.700186,71.195426,118.145381,70.713088,130.815751,71.972929,143.467888,74.118774,156.003350,76.915160,168.414216,79.931257,180.774740,82.547495,193.220426,83.693588,205.820809,81.946378,218.369448,77.261948,229.974027,68.126015,238.787268,55.645133,241.248113
Type05,L,245,55.547900,244.634860,42.827831,242.832107,33.527694,234.110697,28.272632,222.591505,24.861596,210.179737,22.534501,197.515076,20.999247,184.727365,19.833578,171.896143,18.446913,159.085590,15.886433,146.478668,12.170982,134.155771,7.810052,122.032802,3.729580,109.818307,1.010509,97.280265,0.159918,84.456661,1.047583,71.643142,3.674198,59.036521,7.218040,46.661561,11.943682,34.682666,17.463390,23.050635,24.269882,12.193859,34.378630,4.131909,46.615770,0.439108,59.343683,1.463693,68.920011,9.148296,74.356359,20.518358,78.672116,32.659501,82.281805,44.992487,84.089471,57.717411,83.727101,70.529197,81.559115,83.203099,78.410655,95.685842,75.072565,108.126626,72.464191,120.717808,71.676913,133.523321,72.715615,146.347184,74.750953,159.059659,77.545994,171.636296,80.567218,184.162233,83.239378,196.762208,84.409060,209.523349,82.622557,222.245082,77.851764,233.967326,68.602182,242.785161,55.894210,244.955486
Type05,L,250,56.144219,249.450256,43.241046,247.370763,34.244585,238.025857,29.236472,226.136744,25.744728,213.512533,23.419904,200.629000,21.868095,187.622696,20.620943,174.579860,19.190424,161.551961,16.480881,148.757182,12.699723,136.220173,8.376580,123.852785,4.257387,111.419265,1.326116,98.694906,0.172447,85.682809,0.873924,72.641148,3.411029,59.796601,6.943604,47.191365,11.675840,34.984613,17.243259,23.128311,23.792473,11.912671,34.108692,3.737564,46.682178,0.328224,59.597605,1.915401,69.357622,10.035595,74.839221,21.612891,79.274711,33.952068,82.832212,46.533334,84.787402,59.465783,84.723008,72.501572,82.837861,85.436413,79.875033,98.187270,76.625811,110.877680,73.890038,123.674405,72.799560,136.674799,73.612403,149.727626,75.547872,162.673236,78.342351,175.473654,81.344442,188.228373,84.035902,201.047878,85.265005,214.027769,83.554817,226.977506,78.701508,238.882196,69.355221,247.807117,56.387533,249.781753
Type05,L,255,56.940835,254.876855,43.810318,252.577843,34.972433,242.708133,30.087462,230.472371,26.558619,217.594285,24.303165,204.446283,22.758329,191.184364,21.436479,177.895703,19.859338,164.633938,17.018744,151.609900,13.176571,138.825363,8.874034,126.184319,4.714729,113.497395,1.603578,100.545228,0.190338,87.306734,0.735433,74.004785,3.172678,60.887158,6.692808,48.018430,11.436277,35.549117,17.061421,23.438608,23.473249,11.880752,33.886140,3.457917,46.797660,0.217581,59.959853,2.089695,69.922417,10.621563,75.479999,22.423520,79.897168,35.033453,83.450977,47.884675,85.576515,61.049579,85.800455,74.343181,84.162136,87.563021,81.318256,100.601527,78.104473,113.562146,75.274714,126.602839,73.935581,139.838881,74.556164,153.152502,76.423079,166.360991,79.218956,179.418816,82.178290,192.441238,84.844379,205.522983,86.166306,218.756044,84.657598,231.963440,79.743141,244.100115,70.335264,253.238946,57.110778,255.166773
Type05,L,260,57.931707,260.457594,44.543573,258.040488,35.672351,247.818415,30.749768,235.299190,27.225160,222.146646,25.085747,208.710765,23.562818,195.176504,22.180038,181.626136,20.374407,168.130091,17.441163,154.850270,13.549952,141.802858,9.244378,128.881174,5.044928,115.926098,1.807648,102.720736,0.213227,89.233178,0.652187,75.658851,2.991065,62.254455,6.501757,49.109566,11.259978,36.362461,16.946352,23.986420,23.374043,12.139587,33.765156,3.352049,46.980552,0.123441,60.430993,1.960317,70.609454,10.820610,76.280043,22.842947,80.550108,35.773337,84.148495,48.895529,86.448634,62.301149,86.919903,75.866162,85.457307,89.371161,82.638712,102.690645,79.391727,115.918417,76.507660,129.222586,75.007775,142.718281,75.495751,156.304069,77.340079,169.784269,80.142594,183.113085,83.047559,196.420098,85.653988,209.785406,87.094904,223.286369,85.893028,236.762545,80.956420,249.166940,71.524325,258.614157,58.067284,260.661794
Type05,L,265,59.139452,265.934659,45.472236,263.524791,36.369801,253.141630,31.247038,240.414667,27.744902,226.982635,25.721401,213.253252,24.214436,199.442870,22.783997,185.624991,20.717932,171.896274,17.740561,158.343208,13.814707,145.026756,9.480503,131.828636,5.238474,118.601924,1.929610,105.129225,0.240963,91.378757,0.627050,77.530288,2.878999,63.837437,6.388814,50.414794,11.163341,37.384638,16.907879,24.739772,23.500264,12.667207,33.788597,3.440681,47.258162,0.057893,61.020779,1.601113,71.438737,10.671292,77.268596,22.897257,81.322138,36.170280,84.996106,49.557920,87.458999,63.206562,88.125815,77.045127,86.754794,90.824801,83.862113,104.406115,80.511442,117.887075,77.599649,131.461538,76.030664,145.229823,76.451905,159.088353,78.323882,172.838529,81.143047,186.440744,84.003931,200.034370,86.545024,213.688772,88.119830,227.460955,87.281266,241.209663,82.374848,253.907760,72.939879,263.728723,59.275439,266.034886
Type05,L,270,60.592062,271.246049,46.629224,268.965958,37.136125,258.575224,31.686038,245.701339,28.187700,231.994381,26.219619,217.978103,24.695704,203.893535,23.223894,189.805020,20.932514,175.836074,17.957352,161.996696,14.008706,148.406479,9.623650,134.936981,5.331816,121.438620,1.987405,107.691234,0.273283,93.667504,0.645690,79.544643,2.828521,65.564793,6.351301,51.865143,11.141267,38.548276,16.935404,25.630268,23.799373,13.379511,33.975638,3.700166,47.654948,0.026344,61.737301,1.166395,72.437778,10.323395,78.480492,22.733656,82.341735,36.343045,86.092486,49.996183,88.695096,63.893121,89.515418,78.004127,88.162743,92.049672,85.114149,105.874669,81.602337,119.596117,78.661671,133.441164,77.090089,147.489049,77.496527,161.618998,79.438982,175.636395,82.289434,189.511479,85.142260,203.386358,87.651220,217.325774,89.361150,231.368854,88.874678,245.395846,84.055722,258.406759,74.610129,268.624956,60.747027,271.260858
Type05,L,275,62.284323,276.421524,48.014940,274.365382,38.044775,264.044884,32.203613,251.053261,28.653407,237.082392,26.626887,222.794622,25.030057,208.440513,23.513528,194.078712,21.096324,179.850588,18.157167,165.716207,14.191888,151.846911,9.741765,138.107737,5.388558,124.338380,2.015725,110.314894,0.309270,96.010487,0.682798,81.611486,2.816712,67.345895,6.369310,53.369159,11.171519,39.761122,17.003021,26.562240,24.178581,14.150849,34.314085,4.069880,48.176789,0.027014,62.570317,0.839437,73.611896,9.983078,79.920012,22.561824,83.709923,36.474967,87.506108,50.402971,90.219618,64.558561,91.173254,78.940734,89.794074,93.250274,86.543334,107.308762,82.838098,121.265017,79.836437,135.376792,78.286177,149.706447,78.702690,164.107869,80.741676,178.392345,83.640370,192.539832,86.541862,206.686868,89.087562,220.900766,90.919950,235.213622,90.705536,249.528906,86.025322,262.863608,76.530512,273.455430,62.454948,276.405411
Type05,L,280,64.142908,281.436858,49.567543,279.653036,39.121783,269.397868,32.899655,256.285890,29.219938,242.069704,26.995328,227.534824,25.260419,212.921320,23.688506,198.288489,21.285891,183.779356,18.398648,169.351087,14.416936,155.201925,9.898225,141.195421,5.471226,127.160153,2.050455,112.868735,0.346912,98.284311,0.711902,83.610449,2.816241,69.064141,6.414664,54.813574,11.224255,40.914268,17.079318,27.429263,24.535023,14.847219,34.760368,4.470215,48.798357,0.052399,63.477166,0.768474,74.916562,9.837519,81.528180,22.572511,85.432748,36.734873,89.219112,50.949680,92.013219,65.373120,93.101188,80.021309,91.684542,94.595623,88.228550,108.882951,84.328771,123.072194,81.213189,137.439957,79.665550,152.044726,80.088217,166.714920,82.228653,181.264786,85.190796,195.680368,88.204999,210.084824,90.874914,224.554848,92.805247,239.131913,92.732276,253.743234,88.225314,267.398705,78.623026,278.297470,64.306761,281.466788
Type06,L,230,52.754823,231.669997,40.789110,229.612131,31.583742,221.809415,25.614872,211.367382,22.260066,199.725630,20.474950,187.701806,19.149232,175.602979,17.334297,163.581847,14.990106,151.644551,12.132051,139.820830,9.106107,128.032863,6.132402,116.230074,3.421990,104.367677,1.305282,92.384673,0.146993,80.295235,0.479342,68.148511,2.034453,56.098361,4.762570,44.254232,8.413031,32.656743,13.352765,21.565773,20.030755,11.452391,29.334168,3.613560,40.940133,0.187605,52.852626,2.302256,62.483156,9.394117,69.301132,19.235091,73.824127,30.484649,77.246209,42.167020,79.431018,54.124740,80.192968,66.249677,79.930655,78.409737,79.105572,90.553221,77.944989,102.673662,76.784148,114.793691,75.855349,126.932003,75.402026,139.098904,75.747778,151.272816,76.888807,163.384706,78.462841,175.450519,79.686023,187.557786,80.176110,199.697880,78.825320,211.705821,73.989495,222.476490,64.555165,229.936306,52.310684,231.325203
Type06,L,235,53.831082,235.741350,41.668225,233.802223,32.300274,225.952697,26.098617,215.431116,22.524317,203.635470,20.615452,191.430601,19.223795,179.140759,17.397202,166.922730,14.999537,154.795059,12.155132,142.766921,9.111492,130.782010,6.101289,118.786901,3.454476,106.713884,1.333739,94.531018,0.153600,82.245865,0.418799,69.900096,1.848918,57.639392,4.449809,45.561959,7.954809,33.705473,12.820301,22.350859,19.336954,11.871179,28.863488,3.889311,40.596374,0.322486,52.624987,2.654031,62.219099,10.017330,69.649416,19.630916,74.289808,31.016193,77.839590,42.876033,80.263396,55.006337,81.304891,67.312264,81.223532,79.662899,80.442643,92.009305,79.218179,104.323239,78.010132,116.634342,77.294532,128.979935,76.896226,141.362183,77.021420,153.758856,78.002948,166.084313,79.553108,178.347087,80.859985,190.644601,81.382248,202.971307,79.872269,215.214036,75.445995,226.416248,66.085363,234.190680,53.994537,235.367043
Type06,L,240,54.447835,240.636166,42.073245,238.619357,32.503445,230.678187,26.109684,220.011099,22.530393,207.967520,20.611871,195.516077,19.164889,182.987747,17.282153,170.531145,14.858772,158.159714,12.074230,145.871672,9.115545,133.621644,6.155854,121.368685,3.587416,109.034239,1.439298,96.606835,0.184422,84.084627,0.357386,71.494054,1.725093,58.983483,4.313696,46.650111,7.794721,34.525873,12.673978,22.897394,19.124115,12.062397,28.922441,3.979033,40.890936,0.428272,53.087672,2.936053,62.724389,10.566176,70.533663,20.166362,75.171719,31.793950,78.786666,43.894606,81.348228,56.255000,82.502442,68.797923,82.470544,81.388611,81.698563,93.983007,80.464567,106.543880,79.289457,119.102500,78.792734,131.703863,78.454417,144.343951,78.391672,157.004812,79.212784,169.590013,80.685869,182.102060,82.007963,194.643039,82.526364,207.207198,80.829297,219.710381,76.570990,231.266345,67.076928,239.205245,55.141505,240.290154
Type06,L,245,54.748682,245.824111,42.138872,243.663338,32.300920,235.640082,25.748242,224.789431,22.356166,212.437877,20.524369,199.704273,19.052813,186.914377,17.103316,174.200122,14.695877,161.556953,12.000192,148.984012,9.196059,136.434545,6.343993,123.891492,3.828997,111.279192,1.619404,98.591979,0.243580,85.816900,0.306010,72.962975,1.663640,60.188942,4.338005,47.601823,7.908697,35.227209,12.870288,23.336184,19.313910,12.167043,29.333235,3.949234,41.596987,0.491472,54.029058,3.003638,63.810954,10.829478,71.743449,20.620992,76.309026,32.554429,79.958922,44.922705,82.560965,57.542939,83.668625,70.351435,83.571212,83.205388,82.808018,96.068392,81.661912,108.906907,80.607887,121.744184,80.272249,134.620280,79.940387,147.532796,79.709152,160.472234,80.376667,173.336194,81.739674,186.121968,83.007842,198.932304,83.483125,211.759855,81.661997,224.531083,77.386782,236.352927,67.638554,244.392706,55.559550,245.541697
Type06,L,250,55.021570,250.969679,42.140097,248.739451,31.973091,240.664046,25.287539,229.611068,22.184718,216.930560,20.477352,203.908094,19.017052,190.852084,17.022637,177.876573,14.666069,164.955330,12.052501,152.098718,9.409752,139.247634,6.667926,126.412974,4.146256,113.532740,1.843543,100.590464,0.325492,87.563119,0.271748,74.446600,1.643476,61.411831,4.454209,48.583374,8.187860,35.983110,13.262516,23.845265,19.706254,12.352025,29.826771,3.895990,42.394560,0.515620,55.132009,2.803432,65.153143,10.728649,73.004831,20.860416,77.498278,33.115984,81.200984,45.746177,83.792881,58.631219,84.766027,71.710207,84.548282,84.830575,83.828757,97.965374,82.872649,111.092510,81.998856,124.216996,81.718778,137.364600,81.304294,150.545037,80.917270,163.758746,81.452592,176.900255,82.702857,189.962287,83.865121,203.046378,84.266885,216.143742,82.454323,229.184574,78.100941,241.218575,68.088441,249.406789,55.372313,250.756907
Type06,L,255,55.522616,255.994445,42.336478,253.825619,31.839568,245.689565,25.057180,234.414859,22.224519,221.416163,20.607551,208.117672,19.181208,194.800164,17.177726,181.566287,14.877902,168.374371,12.297084,155.251110,9.751695,142.118349,7.064671,129.010402,4.462808,115.883164,2.054795,102.696281,0.412119,89.421447,0.257526,76.050499,1.640413,62.762525,4.582044,49.701122,8.496172,36.889904,13.677017,24.512812,20.093055,12.694127,30.200069,3.883655,43.049723,0.515626,56.139139,2.427336,66.440697,10.396503,74.098932,20.942127,78.572591,33.502939,82.380452,46.372391,84.976885,59.512267,85.831088,72.852752,85.515353,86.233147,84.887864,99.635045,84.177427,113.048045,83.485075,126.453192,83.147769,139.859438,82.574702,153.296511,82.059277,166.772764,82.504492,180.181152,83.666536,193.511007,84.700221,206.862394,85.018030,220.225560,83.352105,233.538625,78.974414,245.781795,68.758815,254.218422,55.015620,255.831568
Type06,L,260,56.297976,261.008163,42.810692,258.938296,32.095610,250.639697,25.286402,239.102797,22.605223,225.812688,20.997988,212.257145,19.603686,198.683697,17.614225,185.194650,15.334453,171.745268,12.704055,158.376576,10.139030,144.990928,7.413367,131.634014,4.675356,118.276287,2.182402,104.848867,0.475001,91.326290,0.264274,77.706610,1.649708,64.170060,4.678556,50.873422,8.742813,37.848179,14.004398,25.229735,20.381052,13.096033,30.453358,3.895473,43.563847,0.506177,56.997695,2.106424,67.526740,10.170524,74.960817,21.141488,79.467760,33.982671,83.428013,47.071911,86.093041,60.453641,86.931816,74.043550,86.599724,87.677520,86.092465,101.341081,85.596299,115.029203,85.023444,128.701908,84.560377,142.356023,83.818930,156.041537,83.239339,169.770103,83.655735,183.434722,84.765326,197.023448,85.679640,210.634716,85.927803,224.257198,84.468422,237.843668,80.148717,250.322623,69.773636,259.035074,55.103125,260.858701
Type06,L,265,57.104669,266.144238,43.389995,263.976727,32.701536,255.300953,25.984274,243.431869,23.300991,229.876772,21.629695,216.078066,20.242832,202.252034,18.256236,188.510895,15.920196,174.818855,13.148864,161.222600,10.431540,147.611305,7.571334,134.025472,4.685564,120.441097,2.162662,106.766957,0.482758,92.989849,0.293625,79.121685,1.698444,65.338132,4.768379,51.797444,8.931272,38.542791,14.257823,25.681186,20.655710,13.288497,30.825946,3.825771,44.205322,0.491104,57.901753,2.136545,68.492650,10.485843,75.705877,21.866651,80.241176,34.978688,84.348848,48.286556,87.152484,61.902453,88.110835,75.733317,87.859220,89.618075,87.451145,103.538417,87.041541,117.485785,86.486188,131.412012,85.913765,145.310683,85.091150,159.242347,84.554878,173.217124,85.010663,187.131244,86.093406,200.974211,86.922270,214.841175,87.134863,228.716894,85.798763,242.565548,81.525510,255.288578,70.922854,264.101381,56.201030,265.963926
Type06,L,270,57.486119,271.383228,43.701557,268.637872,33.386144,259.291955,26.920605,247.002240,24.123820,233.199120,22.376820,219.162358,20.964733,205.088204,18.930794,191.103230,16.442574,177.186010,13.459172,163.376269,10.483454,149.561673,7.426338,135.760409,4.435887,121.943183,1.961198,108.012206,0.412049,93.974232,0.348801,79.857616,1.837931,65.832683,4.935925,52.045230,9.156958,38.549139,14.564962,25.458491,21.145216,12.931336,31.697457,3.523395,45.391571,0.460298,59.197554,2.761279,69.590853,11.702235,76.564440,23.485901,81.030640,36.883939,85.198991,50.430028,88.168199,64.278343,89.342596,78.344693,89.234588,92.477382,88.846553,106.645299,88.329218,120.829930,87.690837,134.994984,87.120184,149.138924,86.391184,163.315088,86.031117,177.529672,86.581737,191.687227,87.636864,205.781101,88.425354,219.899395,88.642478,234.019341,87.191711,248.093877,82.770114,261.003259,71.713913,269.478964,58.598233,271.125938
Type06,L,275,56.976135,276.454122,43.342378,272.454808,33.767129,262.149122,27.721227,249.360608,24.794776,235.319062,23.049963,221.046192,21.591277,206.737446,19.435679,192.530077,16.709811,178.412861,13.486464,164.405956,10.204240,150.409567,6.943152,136.405729,3.934652,122.351334,1.587992,108.162837,0.257773,93.870157,0.432483,79.515485,2.117478,65.269071,5.280600,51.252628,9.552258,37.524339,15.094930,24.247042,22.097173,11.772358,33.393511,2.868349,47.469652,0.396250,61.190940,4.062074,71.090956,13.937150,77.753001,26.140562,81.970938,39.854612,86.037814,53.667259,89.127176,67.744929,90.525484,82.036991,90.559685,96.405611,90.072002,110.799414,89.244483,125.189614,88.464471,139.573352,88.072592,153.956990,87.650289,168.366259,87.587676,182.805070,88.257409,197.192208,89.255178,211.525851,90.044958,225.881965,90.295926,240.226782,88.393009,254.459728,83.445452,267.412855,71.587366,274.914257,62.167780,276.075874
Type06,L,280,55.332904,280.863866,42.081287,274.943089,33.529655,263.490674,28.031831,250.170860,25.060322,235.904465,23.468328,221.406345,21.966474,206.894071,19.618786,192.505208,16.608692,178.226469,13.168989,164.049650,9.600556,149.900112,6.183701,135.716121,3.259332,121.437255,1.098670,107.013758,0.037850,92.496156,0.542757,77.934503,2.552514,63.508437,5.857485,49.309841,10.207197,35.391097,15.957462,21.999589,23.630252,9.788153,35.990991,1.844083,50.503115,0.286364,63.952453,5.905580,73.107857,16.980976,79.345372,29.632003,83.109191,43.682821,86.880523,57.777918,89.977617,72.069163,91.511289,86.562898,91.621872,101.136746,90.911676,115.715455,89.627241,130.266281,88.709765,144.836205,88.681491,159.435820,88.747438,174.046997,89.051826,188.676688,89.825784,203.262624,90.720022,217.806819,91.538837,232.368576,91.830040,246.901355,89.142670,261.199834,83.211508,273.993161,70.191873,279.859198,66.380028,280.327944
Type07,L,230,59.503190,252.396700,46.307661,250.792859,34.906377,244.080480,28.534279,233.080927,25.305715,220.443833,22.290786,207.667363,19.959351,194.786648,18.229941,181.820236,16.471592,168.847958,13.967621,156.012354,10.745055,143.326875,7.290047,130.701347,4.127444,118.004794,1.706917,105.147103,0.417942,92.143396,0.744965,79.088578,2.609648,66.161430,5.923128,53.496061,10.310725,41.161551,15.927953,29.320160,22.826568,18.240993,32.262417,9.167911,44.529048,4.146205,57.803088,3.629908,68.630085,11.335880,76.753275,21.742237,82.513201,33.501108,84.725470,46.324997,85.335321,59.419886,86.265690,72.468470,86.394606,85.521433,84.446944,98.477452,81.964222,111.400583,80.928799,124.422755,80.776859,137.495943,80.413013,150.576683,80.249221,163.649219,81.048651,176.690865,82.724720,189.676181,84.851458,202.639890,86.368394,215.659629,85.578207,228.618660,81.022765,240.726754,72.923824,250.670338,59.728307,252.734344
Type07,L,235,59.279366,250.185548,46.195212,248.606615,34.859308,241.928897,28.474847,230.961794,25.203079,218.337984,22.132983,205.570002,19.763138,192.692840,18.056269,179.720111,16.333629,166.739762,13.837025,153.902033,10.605350,141.219235,7.134133,128.598929,3.981207,115.900854,1.603611,103.033179,0.335870,90.022901,0.637994,76.963255,2.439739,64.026024,5.700838,51.355795,10.092040,39.038319,15.726273,27.227684,22.583617,16.154374,31.853298,7.005106,43.988560,1.924399,57.142557,1.381133,67.971395,8.931617,76.145658,19.260957,81.843322,31.022610,84.049339,43.852169,84.666252,56.948465,85.667806,69.999585,85.862904,83.056146,83.966694,96.015882,81.515862,108.940323,80.544641,121.965733,80.472934,135.043006,80.179787,148.127049,80.011791,161.205088,80.716593,174.256417,82.276598,187.254471,84.328839,200.227764,85.835358,213.250913,85.086242,226.214733,80.585831,238.334829,72.621072,248.359550,59.558924,250.492252
Type07,L,240,59.198959,248.908628,46.179648,247.402958,34.972346,240.624147,28.554478,229.672330,25.179174,217.075594,22.139482,204.305112,19.777982,191.424422,18.070360,178.447626,16.331116,165.467567,13.820177,152.630049,10.586665,139.946153,7.111384,127.325475,3.962610,114.624775,1.588220,101.753831,0.300965,88.742455,0.568270,75.679773,2.357668,62.737574,5.618352,50.072562,10.067473,37.783271,15.742582,26.003124,22.602077,14.939160,31.701357,5.661464,43.762842,0.557349,56.838425,0.011538,67.790415,7.218883,75.923585,17.489830,81.412040,29.314885,83.664640,42.147407,84.365441,55.234264,85.386122,68.289680,85.591441,81.351463,83.841365,94.325034,81.564666,107.263832,80.718901,120.297962,80.752596,133.380945,80.585103,146.469071,80.457890,159.553789,81.035842,172.618514,82.368916,185.638314,84.204462,198.631259,85.584104,211.662974,84.864164,224.636109,80.429923,236.773217,72.514203,246.872683,59.562374,249.113235
Type07,L,245,59.303310,248.986350,46.281093,247.595689,35.250871,240.575736,28.781598,229.615420,25.252691,217.056360,22.337956,204.270857,20.038154,191.378986,18.302615,178.401660,16.488669,165.431762,13.940832,152.597179,10.714461,139.907920,7.250274,127.280287,4.098386,114.576203,1.679924,101.710669,0.329241,88.704933,0.557130,75.642012,2.396218,62.702061,5.717734,50.053171,10.277037,37.799204,16.012897,26.042538,22.925208,14.990043,31.883471,5.549575,43.953797,0.469670,57.015693,-0.048937,68.208789,6.665875,76.200776,16.913278,81.349249,28.860332,83.701119,41.691961,84.559204,54.758502,85.533890,67.819331,85.681512,80.887095,84.159452,93.883562,82.189056,106.849180,81.515478,119.896651,81.662912,132.985994,81.660356,146.078208,81.618552,159.169584,82.057198,172.249321,83.078534,185.296995,84.573686,198.317397,85.714965,211.361985,85.004283,224.347799,80.635940,236.504191,72.659178,246.654452,59.768328,249.026088
Type07,L,250,59.606439,250.690483,46.498908,249.423520,35.658591,242.008736,29.125180,230.946001,25.415767,218.352230,22.705976,205.463484,20.513387,192.476753,18.719681,179.425839,16.774740,166.398046,14.167602,153.492039,10.953471,140.717300,7.512023,128.000464,4.344897,115.216588,1.831671,102.288599,0.375723,89.217722,0.564252,76.080652,2.512131,63.074998,5.949968,50.377360,10.651922,38.086921,16.454030,26.271063,23.464325,15.166235,32.349509,5.510381,44.525580,0.480342,57.655960,0.019321,69.176520,6.230563,76.943942,16.566586,81.681364,28.748199,84.176089,41.651262,85.245928,54.767184,86.110937,67.911174,86.136660,81.061872,84.889803,94.162838,83.314660,107.239658,82.831563,120.379730,83.078836,133.552190,83.252278,146.724998,83.333136,159.898875,83.655952,173.069511,84.343719,186.223198,85.436440,199.351351,86.266910,212.488591,85.543042,225.564691,81.227696,237.808808,73.074136,248.024997,60.169595,250.531876
Type07,L,255,60.087606,254.056857,46.810184,252.890789,36.125896,244.981580,29.528429,233.714679,25.650957,220.993605,23.195359,207.906506,21.140319,194.733445,19.264121,181.525604,17.149307,168.358915,14.469045,155.295940,11.270125,142.346484,7.860121,129.449457,4.665622,116.499862,2.016437,103.429921,0.428318,90.211276,0.587566,76.915770,2.691819,63.765754,6.286880,50.940435,11.135506,38.522604,16.993089,26.548862,24.133772,15.316192,33.053255,5.428323,45.432860,0.465591,58.720384,0.086481,70.594141,5.917910,78.088463,16.471310,82.431749,28.978944,85.088549,42.036334,86.385257,55.287054,87.087295,68.601132,86.940389,81.920691,85.957568,95.212299,84.788986,108.488265,84.470101,121.807254,84.773114,135.148461,85.090726,148.487836,85.310586,161.828820,85.579189,175.172801,85.993804,188.513867,86.710493,201.833479,87.218758,215.150420,86.456442,228.401552,82.163666,240.806284,73.730009,251.096441,60.718406,253.709079
Type07,L,260,60.692171,258.838067,47.172547,257.719165,36.563036,249.299064,29.916568,237.740953,25.926726,224.799717,23.731200,211.434647,21.821770,197.997655,19.850129,184.559186,17.553616,171.178789,14.798998,157.882237,11.615671,144.680707,8.241294,131.525091,5.009748,118.334701,2.201797,105.050699,0.476733,91.609393,0.626877,78.080847,2.913999,64.716033,6.683742,51.688342,11.650140,39.052491,17.535991,26.827066,24.819530,15.396429,33.907449,5.308674,46.572541,0.420631,60.097900,0.136516,72.276506,5.840578,79.497206,16.731072,83.560714,29.609723,86.367211,42.895154,87.857859,56.362286,88.364407,69.921830,88.018002,83.484594,87.222827,97.036391,86.380906,110.581444,86.153142,124.151859,86.440518,137.735793,86.826524,151.316671,87.174582,164.897761,87.483186,178.483776,87.768358,192.076204,88.231707,205.653406,88.477862,219.223344,87.652632,232.720848,83.336881,245.345204,74.551744,255.702713,61.334464,258.357402
Type07,L,265,61.341710,264.522919,47.533307,263.375603,36.883649,254.516228,30.215816,242.610781,26.203401,229.373177,24.228363,215.680898,22.448336,201.930715,20.382304,188.211220,17.922110,174.562277,15.105010,160.978650,11.934942,147.473956,8.594989,134.008535,5.321001,120.527068,2.354457,106.977606,0.511194,93.260316,0.679063,79.447641,3.149139,65.818849,7.083843,52.532055,12.110685,39.604381,17.985742,27.055582,25.401929,15.375152,34.795348,5.163683,47.796728,0.346069,61.617747,0.156144,73.985842,6.070971,80.981635,17.387192,84.958606,30.626094,87.872339,44.190449,89.480829,57.936835,89.786563,71.791660,89.243107,85.646559,88.506356,99.498421,87.832415,113.351330,87.588088,127.218329,87.773538,141.093549,88.121002,154.965909,88.560642,168.834919,89.019645,182.705048,89.378135,196.583366,89.787017,210.454240,89.893376,224.323031,88.986036,238.111517,84.594600,250.989537,75.432283,261.393987,61.923323,264.003608
Type07,L,270,61.950751,270.423324,47.841867,269.167094,37.029235,260.009861,30.373907,247.742888,26.442427,234.165162,24.612833,220.136364,22.926014,206.061702,20.779956,192.044125,18.199089,178.102876,15.341510,164.212498,12.180239,150.389902,8.868553,136.600727,5.552025,122.812664,2.449241,108.977391,0.525246,94.963087,0.738348,80.848888,3.365908,66.938042,7.431659,53.364947,12.446432,40.103744,18.268545,27.196637,25.787437,15.243400,35.596849,5.010630,48.944304,0.248843,63.084294,0.139049,75.486479,6.613075,82.343234,18.394593,86.461719,31.931377,89.420250,45.792546,91.045073,59.849397,91.172099,74.013915,90.461861,88.174813,89.630959,102.329378,88.924188,116.490452,88.545267,130.663062,88.546600,144.843136,88.741400,159.022104,89.218903,173.192238,89.930668,187.353814,90.578831,201.516659,91.163110,215.680494,91.285901,229.857629,90.286473,243.946294,85.771019,257.080576,76.255504,267.502598,62.399507,269.976086
Type07,L,275,62.445191,275.809016,48.061328,274.378407,36.985439,265.098506,30.374259,252.500579,26.615163,238.581711,24.839600,224.248673,23.199062,209.878390,20.996897,195.582692,18.352336,181.361818,15.480813,167.183152,12.322886,153.067325,9.029958,138.980559,5.676028,124.908413,2.475664,110.802554,0.517575,96.507172,0.797294,82.111501,3.538012,67.935592,7.685461,54.084773,12.618609,40.490216,18.353000,27.234655,25.932627,15.019623,36.215104,4.868508,49.875644,0.141375,64.318204,0.088078,76.598041,7.393870,83.416986,19.622207,87.882998,33.359125,90.819648,47.498121,92.359343,61.857819,92.351306,76.308051,91.524459,90.750884,90.461510,105.173497,89.529217,119.605128,88.916625,134.054594,88.675970,148.515311,88.625081,162.977987,89.083161,177.425136,90.116876,191.849484,91.231038,206.260520,92.194334,220.680580,92.484591,235.137424,91.394629,249.498346,86.723061,262.859912,76.921296,273.268569,62.706720,275.533458
Type07,L,280,62.776928,280.054422,48.175637,278.415603,36.784165,269.179824,30.238681,256.320105,26.708443,242.103355,24.901169,227.533252,23.260499,212.930460,21.030091,198.409825,18.379165,183.956433,15.518360,169.542687,12.358646,155.192825,9.073859,140.869512,5.691791,126.569438,2.439777,112.241119,0.492182,97.714758,0.848320,83.091312,3.649369,68.699274,7.825435,54.614054,12.627600,40.729427,18.255659,27.178991,25.852007,14.745528,36.595502,4.754191,50.500197,0.038990,65.192044,0.014522,77.230601,8.279255,84.103834,20.880679,89.049874,34.707626,91.910032,49.072144,93.288212,63.688939,93.200186,78.367257,92.315041,93.034816,90.931279,107.660938,89.636649,122.295720,88.735272,136.961447,88.234088,151.645637,87.889165,166.335582,88.280985,181.003132,89.654596,195.631551,91.326355,210.227359,92.795034,224.838844,93.361196,239.514533,92.193752,254.088434,87.358624,267.622908,77.365318,277.993281,62.828622,280.014134
