Type,side,size,x1,y1,x2,y2,x3,y3,x4,y4,x5,y5,x6,y6,x7,y7,x8,y8,x9,y9,x10,y10,x11,y11,x12,y12,x13,y13,x14,y14,x15,y15,x16,y16,x17,y17,x18,y18,x19,y19,x20,y20,x21,y21,x22,y22,x23,y23
Type00,L,230,57.848861,233.490067,35.780196,226.517944,25.334395,205.225478,21.895581,180.797188,16.993445,156.560644,10.703169,132.507264,5.234068,108.220441,1.834356,83.516458,3.941283,59.458726,13.018361,36.290732,24.547719,14.930994,43.894624,-0.039640,68.396947,5.825885,78.269188,26.653283,83.787076,50.827663,84.895094,75.498980,84.259798,100.387481,85.438142,125.207525,87.317895,149.949386,86.314132,174.632323,81.510347,199.348739,75.521263,223.509607,56.513316,233.467298
Type00,L,235,58.686009,238.929277,35.972966,231.844119,25.845255,209.984594,22.228365,185.012032,17.427000,160.191393,11.318566,135.554060,5.444485,110.843126,1.555900,85.773680,3.625281,61.082924,12.403503,37.264013,24.021577,15.383238,43.835091,0.044588,68.461707,6.857165,78.885468,28.002677,84.479084,52.697472,85.306156,77.878306,83.962437,103.228063,84.615118,128.540521,86.631767,153.806784,86.238449,179.026988,82.699746,204.279260,77.442844,228.541460,57.634654,238.813948
Type00,L,240,59.595725,245.133647,35.933450,237.774146,26.387888,215.926474,22.658253,190.339360,18.150006,164.933662,12.423671,139.669409,5.985203,114.534860,1.194098,89.078781,3.045988,63.676926,11.272329,39.007018,22.804012,16.311388,42.995642,0.358158,67.540632,7.735413,79.034473,28.672323,84.870558,53.708654,85.481841,79.344656,83.266553,105.193533,83.082026,131.126576,85.236137,156.967237,85.819416,182.675044,83.965643,208.478130,80.124699,233.318681,59.168812,244.285501
Type00,L,245,60.024176,249.289734,36.132164,242.171844,26.482547,217.674038,22.545232,191.670012,17.836075,165.661464,12.055449,139.856306,5.383582,114.360111,0.824614,88.623988,3.224908,62.735322,11.582416,37.797116,23.685440,15.211215,44.975199,-0.171880,69.701618,9.792077,80.524761,31.945751,85.932005,57.882035,85.992363,84.096934,83.115181,110.288947,82.622108,136.472712,84.982755,162.730172,85.801776,189.002904,84.839732,215.311930,80.598619,239.411730,59.414180,249.735375
Type00,L,250,60.472267,254.013731,36.236455,246.905146,27.239417,222.290189,22.935976,195.750613,18.173698,169.188238,12.377270,142.850340,5.442489,116.875917,0.726873,90.752836,3.032668,64.246416,11.261102,38.720116,23.467991,15.834544,45.105440,-0.260288,70.493921,10.569078,81.758906,33.974831,87.104644,60.644608,86.837938,87.483001,83.404008,114.157558,82.693124,140.808456,85.201960,167.594084,86.238797,194.534327,86.117943,221.434701,81.853904,244.982102,59.901547,255.592834
Type00,L,255,62.649771,259.574124,37.402836,252.720627,28.582721,229.436259,23.812435,202.416862,19.129952,175.307949,13.344742,148.442175,6.157133,121.934608,0.909367,95.277997,2.497478,68.110558,10.319327,41.803491,22.331766,17.966732,43.126905,0.175819,69.198167,9.490912,81.840419,32.448012,88.036660,59.274926,88.096519,86.624974,84.272934,113.872045,83.267384,141.051217,85.802465,168.389247,87.246702,195.862727,88.183340,223.287810,85.127248,247.898912,62.757694,260.358958
Type00,L,260,66.273419,265.676916,39.865065,259.549366,29.934155,236.703611,24.831178,209.212567,20.198348,181.530567,14.334340,154.127488,6.975056,127.072398,1.219716,99.791304,2.084430,72.015841,9.595664,45.011933,21.504389,20.028663,41.193998,0.712360,67.695330,8.021398,81.561713,29.524628,88.976227,56.333901,89.627926,84.019548,85.604451,111.791392,84.433387,139.483402,86.915931,167.375609,88.727721,195.305660,90.608863,223.208184,88.931560,249.911683,66.750364,264.353194
Type00,L,265,68.243612,271.267778,41.594875,265.386928,30.612885,241.253448,25.565016,213.162610,20.792483,185.013176,14.662854,157.153960,7.278450,129.576292,1.479268,101.701506,2.277987,73.480374,10.010292,46.038637,22.123490,20.516068,41.951671,0.811442,68.715519,8.308209,82.671208,29.914531,90.483693,57.211178,91.160593,85.141561,87.113690,113.294423,86.313029,141.531007,88.769619,169.952252,90.440791,198.431661,92.505443,226.874815,90.414203,254.727541,68.104798,269.296075
Type00,L,270,66.945851,275.660702,40.992826,268.619242,30.582145,242.880242,25.962064,214.142696,20.867779,185.609853,14.306567,157.358516,7.032067,129.253951,1.654818,100.800095,3.086775,72.285543,11.629788,44.561983,24.301610,19.188759,45.882654,0.366969,72.743389,10.784581,85.456867,34.556604,92.561662,62.760635,92.554559,91.099275,88.637930,119.682128,88.813117,148.495031,91.304160,177.382512,92.226344,206.439604,93.576125,235.452185,89.017991,262.775620,65.880711,275.372709
Type00,L,275,64.294642,279.088225,38.793024,269.673776,30.279514,243.315087,26.258121,214.187779,20.794595,185.228941,13.755022,156.594679,6.678083,127.986723,1.841044,98.951526,4.091926,70.260063,13.644552,42.319666,27.060357,17.165718,50.652837,-0.160329,77.282314,13.591741,88.198374,39.167201,94.501252,67.917029,93.871502,96.930351,90.229838,126.155496,91.565142,155.355072,94.068873,184.547287,94.084058,213.925791,94.430695,243.323353,87.405912,269.908618,63.555442,280.390253
Type00,L,280,61.096422,287.534368,36.704798,272.929311,29.320409,244.634863,26.651720,214.714211,20.830561,185.375611,13.461820,156.327770,6.665007,127.166183,1.880844,97.630432,5.293625,68.737624,15.787521,40.608830,29.449730,15.515326,55.302335,0.555059,80.899649,17.380969,90.724620,44.410484,96.361495,73.882490,94.926566,103.356208,91.791745,133.088752,95.056995,162.798318,97.396090,192.407064,96.381881,222.354992,95.577873,252.297097,87.091826,279.058822,61.020043,286.592186
Type01,L,230,47.744860,235.417674,24.845529,228.906832,17.094388,207.114483,14.253406,182.442110,11.448688,157.755723,7.391726,133.249561,2.892324,108.802020,0.439443,84.150060,2.012776,59.480778,8.352680,35.506844,19.532648,14.193255,40.133123,0.304945,61.918706,11.504777,74.105126,31.910924,78.287277,56.095591,78.526268,80.951808,78.558583,105.822020,78.765567,130.703903,77.803395,155.523899,76.457807,180.302399,75.550373,205.132030,69.156479,227.415084,47.256536,234.992243
Type01,L,235,49.727985,239.996689,26.488086,233.401844,18.261274,211.174970,15.228892,186.047114,12.094957,160.918261,7.694084,135.975509,3.096528,111.054683,0.539913,85.914517,2.149213,60.805985,8.728964,36.401350,20.157944,14.670947,40.868164,0.280162,63.415710,11.233793,75.469312,32.188231,79.697329,56.879355,79.780980,82.206599,79.462461,107.549422,79.727112,132.889206,79.330218,158.188253,78.338292,183.473060,77.566513,208.795640,71.393400,231.585028,49.269716,239.548041
Type01,L,240,51.612118,244.845908,28.012534,238.140171,19.375585,215.452771,16.144984,189.845568,12.704563,164.247642,7.993769,138.840118,3.285167,113.424843,0.622959,87.775824,2.285338,62.202285,9.119948,37.345955,20.816722,15.179607,41.662339,0.258907,64.936834,11.059875,76.856375,32.572780,81.134265,57.795558,81.071044,83.612998,80.412375,109.449842,80.741357,135.272493,80.871563,161.073077,80.196124,186.884157,79.527690,212.720487,73.541031,236.032825,51.175437,244.369352
Type01,L,245,53.368523,249.919004,29.393577,243.075603,20.420615,219.906028,16.988135,193.800337,13.269996,167.711083,8.288638,141.814983,3.456379,115.889227,0.687344,89.715996,2.417929,63.655821,9.517939,38.330900,21.499103,15.713953,42.506008,0.241592,66.462650,10.988502,78.250320,33.063163,82.581763,58.837353,82.382459,85.159153,81.401337,111.506442,81.800624,137.832434,82.409972,164.152242,82.009749,190.504129,81.408580,216.869847,75.568957,240.717882,52.944714,249.410956
Type01,L,250,54.971218,255.164263,30.609046,248.157168,21.381103,224.488615,17.746360,197.870480,13.784759,171.272517,8.576724,144.868977,3.608746,118.422240,0.732272,91.715106,2.543783,65.151298,9.914936,39.345384,22.194521,16.268032,43.388305,0.228551,67.973461,11.022838,79.634901,33.655523,84.023181,59.994942,83.700694,86.829912,82.421579,113.698683,82.896311,140.543515,83.927990,167.395018,83.758581,194.296450,83.185584,221.201642,77.449303,245.593938,54.551486,254.622308
Type01,L,255,56.397594,260.525456,31.640460,253.330000,22.243595,229.150933,18.409510,202.011954,14.243495,174.893219,8.856246,147.968801,3.741305,120.996408,0.757410,93.751622,2.659810,66.672251,10.302847,40.377759,22.891987,16.835327,44.297376,0.220036,69.449725,11.163628,80.993939,34.343591,85.441880,61.255726,85.010953,88.607062,83.464635,116.002662,84.018991,143.376461,85.408499,170.766580,85.423404,198.220242,84.837320,225.669147,79.157352,250.609801,55.973232,259.948355
Type01,L,260,57.628941,265.942828,32.473477,258.536329,22.996749,233.840806,18.969500,206.178409,14.642082,178.532511,9.125615,151.079585,3.853562,123.582876,0.762889,95.802794,2.763127,68.201348,10.673716,41.415758,23.580357,17.408883,45.220647,0.216211,70.872476,11.409164,82.311638,35.118801,86.821544,62.604539,86.298457,90.469668,84.521443,118.391551,85.158536,146.298759,86.835044,174.228630,86.986719,202.231013,86.345053,230.221835,80.672079,255.710237,57.191482,265.330496
Type01,L,265,58.650863,271.354211,33.098228,263.716560,23.631589,238.504466,19.420472,210.322065,14.977692,182.148532,9.383438,154.165551,3.945475,126.151950,0.749293,97.845084,2.851140,69.720726,11.019946,42.446735,24.248614,17.981447,46.145113,0.217145,72.223734,11.755322,83.572896,35.970476,88.146498,64.023956,87.548722,92.394491,85.582461,120.836130,86.304250,149.275301,88.192131,177.740136,88.433050,206.281509,87.693045,234.806341,81.976579,260.836983,58.192214,270.707649
Type01,L,270,59.453559,276.696208,33.509524,268.810410,24.141684,243.087590,19.758898,214.394634,15.248807,185.699045,9.628503,157.190706,4.017432,128.673677,0.717639,99.854619,2.921623,71.212338,11.334516,43.457926,24.886140,18.545621,47.057644,0.222810,73.486887,12.195677,84.763593,36.886071,89.402001,65.494677,88.747829,94.356480,86.637794,123.305389,87.445032,152.269090,89.465509,181.258158,89.749185,210.322661,88.868824,239.367520,83.058364,265.929863,58.966114,276.017408
Type01,L,275,60.031975,281.905432,33.706913,273.758082,24.523260,247.536370,19.983617,218.348273,15.455204,189.142281,9.859779,160.119555,4.070221,131.118429,0.669334,101.807666,2.972788,72.658320,11.611169,44.436714,25.482986,19.094017,47.945293,0.233086,74.647038,12.721674,85.870861,37.851482,90.574525,66.995968,89.882680,96.329322,87.677337,125.767196,88.569538,155.242024,90.642414,184.738733,90.924361,214.304587,89.863356,243.849574,83.909544,270.927978,59.508698,281.197247
Type01,L,280,60.385815,286.919757,33.694614,278.501444,24.775233,251.798585,20.095803,222.136533,15.597907,192.437761,10.076393,162.917800,4.104976,133.457499,0.606131,103.681108,3.003331,74.041353,11.844587,45.370896,26.030106,19.619418,48.795592,0.247757,75.691296,13.322872,86.883308,38.851388,91.651987,68.506141,90.941238,98.286033,88.690926,128.189002,89.666367,158.155711,91.711767,188.137808,91.950376,218.177634,90.671120,248.197200,84.526868,275.770927,59.820300,286.185753
Type02,L,230,63.447051,233.699350,40.845222,226.603905,32.433546,204.044693,27.086797,179.274433,21.428438,154.583490,13.724358,130.503947,5.265795,106.613435,0.582271,81.949450,2.289877,56.882624,9.961851,32.922672,23.898620,12.600816,45.335973,0.750344,69.590468,8.212940,79.156456,30.684183,85.283126,55.273147,86.493353,80.493009,78.157510,103.734546,71.649163,127.526389,74.523733,152.219966,82.032637,176.407745,87.065120,201.179850,83.599500,224.439575,62.887335,233.452449
Type02,L,235,64.269291,238.257577,41.747216,231.301206,33.022217,208.447687,28.015830,183.138828,22.277974,157.984559,14.454661,133.426368,6.107593,109.019653,1.045975,83.949887,2.413288,58.476248,10.239870,34.066157,24.302826,13.244621,45.877004,0.716810,70.295209,9.022888,79.671679,31.787868,85.732016,56.845477,86.919852,82.438893,78.393941,106.053429,71.547919,130.238011,74.279511,155.553876,81.792082,180.234384,87.361172,205.301460,84.250202,228.864970,63.447201,238.363787
Type02,L,240,65.039606,243.331690,42.445565,236.294364,33.512691,213.020411,28.769524,187.154004,22.925003,161.512387,14.992393,136.446532,6.722354,111.497458,1.384623,85.967863,2.536456,60.044270,10.552288,35.167267,24.816245,13.860114,46.570885,0.712871,71.196070,9.836035,80.392581,32.964007,86.448833,58.515840,87.584334,84.533262,78.833051,108.560311,71.742077,133.157903,74.369704,159.098972,81.857527,184.308316,87.940209,209.723308,85.159145,233.698864,64.117727,243.668092
Type02,L,245,65.760224,248.787021,42.941980,241.473688,33.904164,217.677247,29.320634,191.249233,23.342018,165.105323,15.321218,139.509065,7.088781,114.001713,1.584234,87.964944,2.656358,61.555101,10.895417,36.203004,25.434856,14.434035,47.411959,0.740430,72.290139,10.630452,81.322289,34.189350,87.436365,60.254042,88.482623,86.739982,79.471249,111.211320,72.242969,136.235881,74.829808,162.787893,82.269424,188.551049,88.811682,214.368811,86.294365,238.841190,64.868543,249.219379
Type02,L,250,66.439191,254.460688,43.251873,246.715096,34.203882,222.327117,29.656062,195.348422,23.517022,168.696655,15.439337,142.554167,7.203399,116.483590,1.641117,89.902881,2.771203,62.979356,11.265668,37.153423,26.150542,14.954773,48.388543,0.798815,73.564207,11.387584,82.451232,35.439842,88.679337,62.027853,89.594282,89.016927,80.290832,113.954346,73.039950,139.414091,75.671468,166.548662,83.046903,192.878327,89.965522,219.151636,87.606524,244.172155,65.663011,254.853417
Type02,L,255,67.089018,260.169832,43.402745,251.885193,34.426058,226.876549,29.777663,199.372379,23.454491,172.216525,15.359445,145.519537,7.080501,118.892159,1.561949,91.744834,2.880297,64.290760,11.659164,38.002078,26.950917,15.412426,49.483130,0.884748,74.994613,12.093289,83.756580,36.691592,90.144297,63.804068,90.883022,91.317267,81.260451,116.730648,74.100513,142.628783,76.880497,170.307201,84.185147,197.203181,91.371573,223.978370,89.031508,249.556841,66.460511,260.395786
Type02,L,260,67.724817,265.721750,43.431520,256.847290,34.590110,231.232970,29.701698,203.241393,23.174883,175.594208,15.107387,148.342628,6.750460,121.176305,1.362882,93.456545,2.983738,65.466904,12.071252,38.736235,27.819369,15.798771,50.672909,0.992573,76.547886,12.738369,85.202782,37.921710,91.781099,65.549517,92.298554,93.591090,82.336819,119.476992,75.372417,145.812471,78.417159,173.989779,85.654799,201.438931,92.980807,228.751549,90.494425,254.851092,67.219115,265.670906
Type02,L,265,68.362137,270.925116,43.381102,261.467968,34.718401,235.308059,29.457006,206.878003,22.712730,178.760628,14.719634,150.963119,6.256588,123.286835,1.067774,95.007428,3.082017,66.489785,12.496017,39.346884,28.735359,16.107199,51.930566,1.114718,78.182155,13.318560,86.743227,39.108940,93.525915,67.231999,93.779748,95.787291,83.467544,122.128194,76.787647,148.896367,80.218710,177.525265,87.403513,205.501988,94.728262,233.372908,91.914697,259.908333,67.898413,270.511368
Type02,L,270,69.014719,275.601391,43.296455,265.623714,34.833758,239.020978,29.082076,210.209796,22.113497,181.650979,14.239880,153.325429,5.650920,125.178645,0.705782,96.371508,3.175582,67.346157,12.925905,39.828609,29.675011,16.332673,53.225334,1.242348,79.849244,13.834000,88.322920,40.234082,95.305510,68.821094,95.258829,97.855620,84.594857,124.619927,78.267807,151.812959,82.203961,180.847116,89.359501,209.314335,96.537457,237.746727,93.211811,264.586844,68.462269,274.766912
Type02,L,275,69.563425,281.760756,42.769990,270.528111,34.695272,243.301787,28.606144,213.953176,21.410053,184.808655,13.479678,155.867378,4.676879,127.169667,0.151362,97.766689,3.230627,68.069698,13.327448,40.081992,30.785031,16.317803,54.965565,1.374873,81.895816,14.675595,90.096253,41.868281,97.371903,70.962769,96.949162,100.492165,85.844002,127.767015,80.065569,155.640959,84.462980,185.354684,91.505050,214.479719,98.552278,243.500509,94.691371,270.514832,69.097099,280.338198
Type02,L,280,70.169598,287.245408,42.553138,275.188297,34.726206,247.409744,28.289299,217.587677,20.876903,187.931103,12.965010,158.422035,4.015416,129.204645,-0.234325,99.238363,3.309374,68.962434,13.733665,40.543379,31.759725,16.491641,56.395102,1.496589,83.665201,15.359880,91.696169,43.225093,99.203005,72.813422,98.473584,102.838133,86.986389,130.582488,81.590983,158.988611,86.402391,189.245221,93.371423,218.943408,100.361478,248.525624,96.082635,275.842241,69.729959,285.384947
Type03,L,230,51.069363,234.723656,29.307173,226.654378,21.137999,204.357259,17.091295,179.896415,12.969979,155.422509,7.778704,131.171504,2.902760,106.865577,0.407881,82.248391,2.343563,57.668544,9.411789,34.060837,22.769657,13.806244,42.372904,1.076564,65.596747,10.236127,74.835425,32.451337,78.428008,56.846230,78.733812,81.658612,75.091536,106.044123,72.023444,130.537525,73.885570,155.135180,77.490425,179.632250,78.891779,204.370208,73.702263,226.346468,51.638259,234.463952
Type03,L,235,52.175858,239.669904,29.965070,231.576144,21.433383,208.863311,17.055795,183.971951,12.917180,158.995206,7.685584,134.269198,2.824092,109.482446,0.442590,84.370947,2.418277,59.317687,9.540307,35.256752,23.189600,14.581438,42.792235,1.147342,66.546173,10.326885,75.814111,33.124456,79.436457,57.973027,79.794434,83.250242,75.980645,108.102646,73.073589,133.018620,75.047657,158.086499,78.468995,183.101388,80.077629,208.284509,74.969731,230.797680,52.797006,239.353959
Type03,L,240,53.390266,244.764660,30.672355,236.704675,21.790933,213.583030,17.117093,188.230691,12.952610,162.730738,7.677424,137.506030,2.784187,112.223114,0.471946,86.603831,2.481140,61.052147,9.639244,36.505696,23.536424,15.363727,43.181266,1.191956,67.472338,10.420418,76.844658,33.776620,80.509022,59.098069,80.921982,84.862432,76.953119,110.208570,74.171142,135.568321,76.246547,161.126068,79.513690,186.680731,81.325132,212.333890,76.344354,235.390242,54.054197,244.403567
Type03,L,245,54.699904,249.961099,31.418914,241.991344,22.206223,218.469791,17.274990,192.630230,13.076009,166.592039,7.755008,140.849716,2.783304,115.060325,0.494735,88.925236,2.531782,62.855006,9.706352,37.795280,23.805455,16.145939,43.532281,1.209918,68.365063,10.512487,77.917477,34.397902,81.636151,60.206800,82.107402,86.476202,78.002281,112.338128,75.307087,138.158218,77.471824,164.220366,80.615360,190.331484,82.623898,216.475231,77.817805,240.079635,55.401719,249.568074
Type03,L,250,56.089769,255.210038,32.193445,247.383851,22.673477,223.472892,17.527303,197.124672,13.285287,170.538921,7.917366,144.265301,2.820888,117.964440,0.509838,91.311206,2.570105,64.707674,9.740026,39.112079,23.993652,16.920731,43.838319,1.201240,69.214827,10.598890,79.022105,34.978968,82.807176,61.284927,83.340502,88.072442,79.119979,114.466916,76.471664,140.758823,78.712547,167.334432,81.763704,194.012998,83.962530,220.663095,79.379833,244.819232,56.829538,254.800396
Type03,L,255,57.542811,260.460717,32.983704,252.827086,23.185690,228.538418,17.869917,201.665426,13.576570,174.528767,8.161788,147.715760,2.895591,120.903949,0.516264,93.736042,2.596285,66.590207,9.739340,40.441856,24.099663,17.680699,44.093369,1.166426,70.012939,10.675588,80.147385,35.511291,84.010484,62.318727,84.610094,89.632289,80.296689,116.570363,77.654510,143.340134,79.957418,170.432515,82.947428,197.683522,85.328788,224.850570,81.018364,249.561073,58.325806,260.051786
Type03,L,260,59.040269,265.661615,33.776785,258.264069,23.734781,233.610217,18.296875,206.202071,13.944298,178.517301,8.483890,151.162666,3.005309,123.846039,0.513182,96.172761,2.610760,68.481663,9.704074,41.769820,24.123845,18.418498,44.292527,1.106460,70.751697,10.738833,81.281653,35.987352,85.233713,63.295331,85.904166,91.137503,81.521638,118.624202,78.844810,145.872209,81.194951,173.478760,84.154433,201.300991,86.709777,228.990139,82.719634,254.256682,59.877015,265.272584
Type03,L,265,60.562063,270.761293,34.559428,263.636949,24.311781,238.630929,18.800518,210.683298,14.381354,182.459401,8.877722,154.566904,3.147237,126.757205,0.499942,98.593597,2.614205,70.360488,9.634720,43.080895,24.068229,19.126956,44.432128,1.022772,71.424516,10.785282,82.412942,36.400807,86.463961,64.202991,87.210066,92.570816,82.782975,120.604940,80.031463,148.325747,82.413656,176.437899,85.372024,204.823832,88.092141,233.034581,84.468376,258.857897,61.468199,270.413009
Type03,L,270,62.087216,275.709251,35.318332,268.888040,24.907040,243.543077,19.371674,215.057870,14.879248,186.309957,9.335910,157.889410,3.317950,129.603885,0.476102,100.970527,2.607514,72.204930,9.532469,44.360006,23.936450,19.799204,44.509846,0.917208,72.026033,10.812102,83.529196,36.746627,87.688011,65.031316,88.514708,93.916269,84.067953,122.490305,81.203249,150.672650,83.602210,179.275928,86.587133,208.211756,89.462285,236.937867,86.248044,263.317687,63.083175,275.423940
Type03,L,275,63.594319,280.456764,36.040484,273.960855,25.510458,248.290161,19.999877,219.275607,15.428323,190.024731,9.849838,161.091925,3.513490,132.353108,0.441441,103.275813,2.591759,73.993455,9.399178,45.592366,23.733627,20.428788,44.524747,0.791978,72.552172,10.817047,84.618476,37.021191,88.892568,65.771463,89.804795,95.159501,85.363148,124.259662,82.349009,152.886558,84.749640,181.960754,87.786546,211.426521,90.806588,240.656031,88.041070,267.590957,64.704823,280.257699
Type03,L,280,65.061997,284.957688,36.713477,278.801130,26.111727,252.817741,20.673616,223.288345,16.017993,193.561208,10.409857,164.137728,3.729470,134.973129,0.395970,105.482536,2.568166,75.705170,9.237326,46.763766,23.466214,21.009781,44.477309,0.649608,73.000182,10.798532,85.669179,37.222354,90.064493,66.416297,91.067033,96.288003,86.654685,125.894383,83.457819,154.943340,85.845487,184.462793,88.957150,214.432655,92.111631,244.147990,89.829157,271.635297,66.315395,284.868804
Type04,L,230,56.563135,234.458813,33.342066,229.176556,24.220470,208.106275,20.276406,183.345083,15.843358,158.612274,10.648349,134.020025,5.359139,109.458190,1.417816,84.711740,2.260357,59.934486,9.714698,36.028592,21.750717,14.535301,42.271976,0.386630,66.038235,8.101211,78.861349,27.948005,82.855270,52.279574,81.847564,77.384708,79.201269,102.361541,77.711032,127.361902,79.443283,152.380118,82.000080,177.353476,82.839437,202.476374,77.919826,225.247941,56.510892,234.016176
Type04,L,235,57.577543,239.387243,33.966790,233.303411,24.866157,211.365281,20.971888,186.142066,16.450062,161.005379,11.024463,136.030909,5.486885,111.081925,1.415884,85.911266,2.430749,60.747467,10.059539,36.420839,22.040594,14.538039,43.088100,0.428415,67.004010,8.847606,79.739448,29.323396,84.293463,54.075115,83.274315,79.515421,80.297340,104.880246,78.821927,130.306985,80.606156,155.765122,83.284031,181.162163,84.353288,206.689099,79.497667,229.838087,57.665030,238.798574
Type04,L,240,58.520580,244.503767,34.552827,237.737756,25.469257,215.023616,21.595581,189.306560,16.986666,163.719463,11.359088,138.312818,5.593956,112.931510,1.404665,87.302499,2.583517,61.702877,10.373352,36.914369,22.344096,14.610565,43.920163,0.456854,68.036636,9.580815,80.695201,30.704001,85.706813,55.929037,84.652308,81.757439,81.388204,107.557147,79.932055,133.453387,81.764641,159.387528,84.566364,185.248214,85.817604,211.222421,80.899663,234.760676,58.655131,243.830093
Type04,L,245,59.394518,249.755125,35.095793,242.435371,26.020737,219.040040,22.138142,192.805488,17.445622,166.728872,11.648166,140.847239,5.681510,114.995135,1.386997,88.879433,2.715363,62.802325,10.648617,37.517683,22.650480,14.763955,44.741688,0.473129,69.109417,10.277549,81.712590,32.046627,87.079439,57.787577,85.971393,84.052626,82.468603,110.327224,81.030717,136.728172,82.903379,163.166757,85.830639,189.523396,87.220627,215.981696,82.138788,239.931484,59.493581,249.051954
Type04,L,250,60.206977,255.085164,35.592260,247.345255,26.511597,223.359532,22.591413,196.592742,17.820508,169.996716,11.888049,143.606190,5.750728,117.252972,1.365844,90.628865,2.823851,64.042059,10.879436,38.235235,22.949400,15.006892,45.526297,0.478710,70.194182,10.914884,82.774066,33.308316,88.396468,59.595261,87.223168,86.338834,83.533903,113.119875,82.107510,140.051432,84.007202,167.014219,87.060597,193.890031,88.552665,220.860921,83.237735,245.253588,60.202583,254.398358
Type04,L,255,60.969579,260.435654,36.039255,252.410118,26.933007,227.914189,22.948559,200.609813,18.106106,173.475208,12.075488,146.552293,5.802656,119.677000,1.344163,92.530111,2.907557,65.412389,11.061888,39.066683,23.231526,15.344987,46.249008,0.475237,71.262570,11.471324,83.861233,34.448361,89.644318,61.297465,88.400925,88.552645,84.579967,115.861892,83.152499,143.339531,85.061544,170.836786,88.240564,198.244741,89.806059,225.746745,84.226955,250.620860,60.812289,259.798146
Type04,L,260,61.696274,265.747123,36.433744,257.567059,27.276514,232.624757,23.204204,204.787045,18.298468,177.106554,12.207636,149.639308,5.838081,122.231251,1.324774,94.555114,2.966174,66.897411,11.194278,40.006388,23.489083,15.780244,46.887467,0.464396,72.287304,11.927816,84.955541,35.430223,90.810943,62.842981,89.499539,90.632241,85.602996,118.480640,84.156381,146.508580,86.052844,174.540541,89.355846,202.482543,90.975057,230.522940,85.142171,255.922054,61.358380,265.176731
Type04,L,265,62.401494,270.959730,36.772160,262.748477,27.534287,237.402788,23.354567,209.045514,18.394994,180.824385,12.282095,152.813158,5.857456,124.872483,1.310243,96.668956,3.000543,68.475079,11.277259,41.043211,23.716284,16.310698,47.423021,0.447807,73.243394,12.268656,86.038960,36.223247,91.886030,64.186412,90.515306,92.520220,86.599368,120.907233,85.110626,149.477974,86.968931,178.034599,90.393099,206.501064,92.055619,235.075069,86.021563,261.045254,61.879270,270.458221
Type04,L,270,63.098312,276.014157,37.050055,267.883201,27.699431,242.153346,23.397594,213.299446,18.394525,184.555704,12.296986,156.013410,5.860863,127.551295,1.302785,98.830799,3.012621,70.117640,11.313814,42.160638,23.909607,16.930271,47.841574,0.426933,74.109176,12.482228,87.094581,36.804071,92.861138,65.290273,91.445754,94.166193,87.565474,123.079529,86.007590,152.173768,87.799352,181.234789,91.340651,210.204642,93.045180,239.295103,86.902818,265.882418,62.413143,275.567623
Type04,L,275,63.796766,280.852528,37.261912,272.897872,27.766315,246.778144,23.333082,217.459109,18.297425,188.223257,12.251062,159.175178,5.848044,130.213649,1.304185,100.995197,3.005382,71.792441,11.309094,43.337242,24.067906,17.628868,48.134154,0.403004,74.867141,12.561530,88.107125,37.157626,93.729788,66.126639,92.289428,95.528992,88.497567,124.944750,86.840616,154.531689,88.535640,184.066990,92.188779,213.508090,93.942374,243.085722,87.820264,270.333748,62.995048,280.433019
Type04,L,280,64.502502,285.419352,37.401171,277.718524,27.730925,251.178979,23.162778,221.434005,18.105672,191.748244,12.143843,162.231359,5.818474,132.802723,1.315750,103.113747,2.982652,73.463076,11.270123,44.547462,24.192352,18.392691,48.297195,0.376971,75.504499,12.504463,89.063333,37.277685,94.487491,66.678261,93.045693,96.578363,89.391653,126.461598,87.604091,156.499644,89.171515,186.469925,92.929909,216.339910,94.746771,246.364056,88.802297,274.311627,63.654282,284.987612
Type05,L,230,53.538173,235.821353,31.701279,227.133141,24.017612,204.458665,20.391467,179.761390,18.362990,154.870881,12.086622,131.121746,3.668383,107.683470,0.863638,83.260067,5.341261,58.853622,14.284590,35.539805,26.409626,14.517034,48.029901,1.432052,68.114836,13.253603,77.649127,35.116300,82.367731,59.693481,78.908722,83.756191,71.872342,107.709598,69.475017,132.226184,73.180265,156.864187,79.256223,181.094513,82.530660,205.460243,74.859176,227.977882,53.161647,234.696613
Type05,L,235,54.666136,240.924061,32.494175,232.131911,24.624472,209.002645,20.977542,183.781651,18.767578,158.384498,12.375468,134.091966,3.869496,110.123503,0.825589,85.193732,5.152766,60.262790,14.099434,36.396663,26.388592,14.893803,48.175364,1.327742,68.894463,13.471674,78.378288,35.791072,83.338080,60.832979,80.231121,85.425465,73.158655,109.907449,70.498230,134.922440,74.078558,160.083124,80.193369,184.839225,83.584494,209.751962,76.267720,232.736929,54.231911,239.943259
Type05,L,240,56.146872,246.073355,33.327227,237.699600,25.115418,214.189182,21.414039,188.409295,19.047003,162.474496,12.597308,137.605956,3.983318,113.080903,0.866138,87.599884,5.166470,62.113291,14.097092,37.671424,26.728302,15.724788,48.449660,1.398978,70.012011,13.335773,79.517206,36.062256,84.709554,61.632516,81.751926,86.749412,74.423657,111.738794,71.609074,137.267195,75.243807,162.963544,81.430897,188.270518,85.006101,213.784252,78.176493,237.380323,55.734558,245.448580
Type05,L,245,56.699906,250.805518,33.961149,241.753198,25.790291,217.722675,22.190753,191.488213,19.584187,165.128080,12.937183,139.793321,4.278929,114.804213,0.750960,88.903175,4.756228,62.976878,13.703837,38.052459,26.273884,15.624342,48.333140,1.080746,70.278788,13.923520,79.594896,37.113364,85.030256,63.042988,82.681613,88.646539,75.604280,114.164706,72.404049,140.133929,75.693338,166.293178,81.844415,192.061985,85.447652,218.042090,78.864077,241.939284,56.199075,250.173988
Type05,L,250,57.436799,255.804255,34.655002,246.205149,26.464992,221.645343,22.933483,194.921338,20.097345,168.098569,13.269221,142.261876,4.553214,116.774344,0.653768,90.414718,4.399291,64.010740,13.362434,38.569436,25.934309,15.648795,48.298849,0.813919,70.709210,14.429287,79.873084,38.103221,85.556637,64.433619,83.759554,90.553803,76.857726,116.616483,73.295759,143.058249,76.293077,169.713169,82.430202,195.976946,86.087807,222.458280,79.785617,246.714696,56.857691,255.204708
Type05,L,255,58.354188,261.001782,35.403374,250.995922,27.131973,225.906698,23.626117,198.665530,20.577510,171.348175,13.589368,144.980064,4.801515,118.966550,0.575318,92.115694,4.101285,65.201447,13.078356,39.215271,25.716325,15.796523,48.353318,0.605231,71.304392,14.843476,80.361956,39.015445,86.296198,65.784176,84.981329,92.445771,78.172813,119.060249,74.278845,145.999322,77.043480,173.175992,83.192180,199.960998,86.932521,226.972255,80.939264,251.644227,57.706501,260.466923
Type05,L,260,59.442706,266.323874,36.199187,256.054259,27.784188,230.444569,24.253949,202.666996,21.016818,174.829497,13.894078,147.907697,5.020083,121.348421,0.515612,93.980755,3.865679,66.530061,12.854975,39.978263,25.622346,16.061267,48.500399,0.459516,72.060054,15.159639,81.065222,39.836241,87.250024,67.075785,86.338412,94.297678,79.536912,121.462494,75.345357,148.915722,77.940276,176.632640,84.128897,203.957332,87.981708,231.520080,82.316052,256.660652,58.735386,265.878634
Type05,L,265,60.687073,271.691622,37.033731,261.298946,28.415179,235.186591,24.804173,206.862549,21.408715,178.486654,14.180368,150.996934,5.206167,123.880669,0.473927,95.978634,3.693727,67.972628,12.693503,40.842443,25.650424,16.432399,48.741040,0.379535,72.966501,15.374644,81.979713,40.554751,88.412407,68.291365,87.818106,96.085952,80.936064,123.790820,76.484755,151.766389,78.974374,180.033765,85.233271,207.908063,89.228891,236.035933,83.899901,261.693354,59.928196,271.351819
Type05,L,270,62.066431,277.023394,37.896759,266.640996,29.019120,240.052119,25.266296,211.181260,21.748117,182.256772,14.445826,154.193578,5.358059,126.518203,0.448890,98.073018,3.584515,69.500892,12.593039,41.788102,25.794404,16.895399,49.073162,0.365889,74.008816,15.488698,83.095241,41.163278,89.770740,69.415987,89.403633,97.788670,82.355133,126.014641,77.684022,154.511569,80.131960,183.330826,86.492563,211.755604,90.661088,240.453666,85.667894,266.669954,61.263193,276.794867
Type05,L,275,63.554917,282.236909,38.776639,271.986198,29.590838,244.954517,25.632461,215.546457,22.031494,186.071785,14.688600,157.438663,5.475091,129.211462,0.438573,100.223635,3.535110,71.083197,12.550708,42.792492,26.044284,17.432505,49.491670,0.417036,75.167294,15.505220,84.394764,41.657380,91.305697,70.437140,91.074397,99.385960,83.778006,128.105805,78.927855,157.113704,81.394802,186.477210,87.888589,215.444036,92.258978,244.708393,87.590848,271.518032,62.713722,282.115189
Type05,L,280,65.122452,287.251363,39.660566,277.237903,30.125792,249.803716,25.897662,219.877979,22.256901,189.860468,14.907361,160.670248,5.557587,131.907947,0.440622,102.387523,3.540791,72.685543,12.561892,43.830663,26.386723,18.023512,49.988577,0.529386,76.418070,15.430584,85.854841,42.035827,92.991700,71.344905,92.806402,100.860311,85.187832,130.039128,80.198978,159.538248,82.740743,189.429294,89.398152,218.920429,93.997331,248.738049,89.634145,276.166869,64.249099,287.221894
Type06,L,230,53.921853,235.761613,31.721284,227.785610,22.793542,205.818136,19.668687,181.152145,15.360769,156.659223,9.228826,132.501033,3.241800,108.302697,0.219447,83.677556,2.265570,59.024563,9.001907,35.099322,20.519347,13.912196,41.332597,-0.163886,62.313497,12.820053,73.646609,33.576150,79.458757,57.755663,80.357673,82.431711,78.086701,107.229587,75.801072,132.087768,76.142770,156.956884,78.986080,181.718864,80.857415,206.482688,74.779380,228.334170,53.192476,235.192263
Type06,L,235,53.606320,240.656546,30.920505,232.168078,22.490942,209.586364,19.509848,184.450663,15.253186,159.525184,9.408965,134.859865,3.615241,110.169488,0.395235,85.126885,2.353884,60.078516,9.431953,35.765776,20.894882,14.100179,42.341672,-0.015147,63.250022,13.672339,74.900882,34.556707,80.796966,59.234959,81.567876,84.368738,79.475575,109.645932,77.396920,135.017053,77.368183,160.372572,79.894010,185.585461,81.756737,210.810606,75.194412,233.239108,52.984246,239.839186
Type06,L,240,53.494867,245.853128,30.358941,236.927876,22.340285,213.787324,19.484791,188.137144,15.284537,162.722515,9.666694,137.510235,3.999020,112.289608,0.563590,86.777715,2.441601,61.280470,9.850060,36.513602,21.298780,14.328604,43.387259,0.130221,64.296874,14.522447,76.189623,35.614724,82.172464,60.833090,82.841794,86.464828,80.930988,112.265369,79.019259,138.214092,78.658837,164.110550,80.928242,189.818362,82.710145,215.554383,75.650453,238.486068,52.835132,244.839662
Type06,L,245,53.632984,251.258309,30.081077,242.000209,22.354366,218.352963,19.601974,192.154995,15.463707,166.206230,9.999744,140.421357,4.383032,114.645829,0.719443,88.624300,2.520366,62.633395,10.226709,37.355706,21.688822,14.616463,44.381685,0.261307,65.390651,15.303025,77.464036,36.670783,83.547018,62.456691,84.161568,88.616640,82.435087,114.971005,80.637519,141.545756,79.991197,168.023126,82.073116,194.257825,83.715903,220.543205,76.200939,243.927044,52.820253,250.104633
Type06,L,250,54.054959,256.767553,30.117924,247.303533,22.538633,223.195031,19.863790,196.429815,15.793244,169.916324,10.402153,143.549526,4.756574,117.209974,0.858105,90.652482,2.581850,64.134634,10.532383,38.302909,22.019780,14.982770,45.232334,0.367173,66.460931,15.943233,78.672937,37.637590,84.880754,64.002316,85.507704,90.708917,83.968682,117.631905,82.220967,144.861245,81.339289,171.942332,83.307810,198.721547,84.771750,225.581451,76.901942,249.398790,53.015257,255.533040
Type06,L,255,54.779302,262.267200,30.483349,252.739669,22.890455,228.206390,20.266091,200.870172,16.268747,173.777946,10.864070,146.837604,5.108521,119.941705,0.975449,92.837804,2.618549,65.773662,10.739949,39.361060,22.247534,15.443668,45.850139,0.437500,67.436177,16.375040,79.766195,38.427571,86.134187,65.364788,86.859375,92.623214,85.511248,120.112581,83.739569,148.002563,82.675775,175.691156,84.607248,203.016503,85.874115,230.461144,77.806073,254.732007,53.488568,261.015865
Type06,L,260,55.805178,267.637450,31.171508,258.195099,23.398872,233.263650,20.798092,205.369537,16.878647,177.702552,11.371812,150.215343,5.427552,122.788015,1.068077,95.144196,2.624553,67.530223,10.826989,40.528279,22.333351,16.009513,46.158328,0.463221,68.250054,16.539775,80.698306,38.961034,87.270331,66.446259,88.194774,94.247453,87.040936,122.283435,85.164811,150.816194,83.973163,179.096131,85.943293,206.952268,87.017299,234.976034,78.956164,259.761244,54.293696,266.440626
Type06,L,265,57.110398,272.755990,32.155828,263.543660,24.044893,238.231215,21.442669,209.809496,17.604434,181.590213,11.908199,153.600784,5.702461,125.683733,1.133450,97.523562,2.596195,69.373200,10.777846,41.792772,22.247829,16.682333,46.100392,0.437103,68.847435,16.394205,81.431757,39.173983,88.256707,67.165025,89.491521,95.485321,88.534650,124.031094,86.470464,153.164842,85.205040,182.000059,87.286121,210.354600,88.192730,238.935992,80.379463,264.334650,55.462515,271.696013
Type06,L,270,58.651341,277.502190,33.389774,268.650731,24.802361,242.966702,22.177087,214.064262,18.421385,185.333158,12.453214,156.902847,5.922550,128.553214,1.169982,99.916539,2.532487,71.260521,10.585148,43.131592,21.974042,17.454049,45.646334,0.354225,69.189434,15.915397,81.939836,39.024686,89.067095,67.463100,90.727136,96.264489,89.968258,125.267549,87.633266,154.938011,86.347249,184.273639,88.605658,213.077955,89.388411,242.180355,82.083025,268.322720,57.000352,276.676319
Type06,L,275,60.364984,281.761712,34.809461,273.378830,25.639355,247.327512,22.974123,218.006332,19.299738,188.820462,12.984964,160.025107,6.078121,131.313277,1.177094,102.254549,2.435294,73.140275,10.250625,44.510621,21.509508,18.305765,44.796403,0.212333,69.256874,15.103768,82.208564,38.498204,89.682867,67.311685,91.879581,96.542756,91.316968,125.937140,88.633524,156.060362,87.378892,185.824805,89.872965,215.015716,90.588652,244.588914,84.050895,271.625247,58.883510,281.285367
Type06,L,280,62.172939,285.431316,36.337981,277.594296,26.520046,251.178175,23.803509,221.512978,20.206286,191.943644,13.480899,162.870593,6.161047,133.877280,1.155234,104.463102,2.309217,74.953078,9.785119,45.885902,20.866719,19.208282,43.581850,0.012028,69.051792,13.983937,82.237574,37.608322,90.093811,66.713897,92.927871,96.311429,92.555924,126.020619,89.455606,156.496967,88.283105,186.604879,91.061458,216.107145,91.774161,246.089515,86.243448,274.175911,61.059605,285.439674
Type07,L,230,58.000541,234.073143,34.897696,228.351320,25.205725,207.096065,19.553481,182.832935,16.440449,158.165254,10.607428,134.162188,3.840523,110.257216,0.776178,85.643827,2.591599,61.115657,10.793562,37.758012,24.149993,16.810900,41.725187,0.613878,65.957018,6.808764,77.054906,26.990789,80.955996,51.340636,82.324807,76.255070,80.012079,100.888379,80.101734,125.497440,81.074690,150.330824,80.338268,175.157627,82.275477,199.927611,78.662794,222.914863,58.418943,233.864583
Type07,L,235,58.560397,239.259839,35.062809,233.214605,25.449298,211.393250,20.029611,186.559805,16.716674,161.390655,10.859001,136.832775,4.045569,112.392451,0.786182,87.287044,2.759492,62.273488,11.148784,38.408725,24.493800,16.955163,42.699652,0.568816,67.276709,7.339513,78.302395,28.115418,82.272729,53.007772,83.403806,78.423906,81.092630,103.599332,81.042242,128.761315,81.974778,154.121046,81.580931,179.468110,83.491088,204.766493,79.633844,228.198492,58.885037,238.998771
Type07,L,240,59.120417,244.446580,35.228144,238.078089,25.692973,215.690799,20.505795,190.287007,16.992952,164.616341,11.110632,139.503594,4.250653,114.527874,0.796189,88.930410,2.927364,63.431415,11.503989,39.059476,24.837611,17.099421,43.674193,0.523740,68.596491,7.870340,79.549926,29.240181,83.589477,54.675079,84.482796,80.592946,82.173166,106.310536,81.982751,132.025495,82.874876,157.911621,82.823617,183.778995,84.706677,209.605812,80.604687,233.482387,59.350988,244.133025
Type07,L,245,59.692432,249.636685,35.409632,242.955994,25.944276,220.015380,20.986012,194.039005,17.273129,167.863182,11.366497,142.191621,4.458594,116.677285,0.806474,90.584808,3.093690,64.596472,11.857914,39.713031,25.181545,17.243533,44.653880,0.477739,69.922779,8.406743,80.800817,30.375832,84.907367,56.355954,85.561133,82.778151,83.252507,109.041347,82.923267,135.313216,83.775792,161.729225,84.068057,188.120424,85.920565,214.478309,81.559501,238.786937,59.806086,249.272198
Type07,L,250,60.197538,254.825148,35.416598,247.874402,26.108385,224.388733,21.300114,197.842162,17.447691,171.143641,11.542930,144.912030,4.581502,118.858731,0.792080,92.256756,3.245842,65.760151,12.059529,40.318130,25.346978,17.343016,45.458348,0.464163,71.006725,9.137765,82.022811,31.800563,86.188215,58.313687,86.526433,85.265063,84.012986,112.063988,83.261378,138.874681,84.029773,165.815495,84.890299,192.711260,87.116181,219.574416,82.244594,244.324546,60.128245,254.350898
Type07,L,255,60.874167,259.136882,36.058968,251.843678,26.557163,227.892919,22.137353,200.861495,17.961679,173.784266,11.969237,147.085688,4.980095,120.580855,0.865296,93.600665,3.417626,66.742111,12.747388,40.989174,26.101631,17.572201,46.752690,0.336861,72.752479,9.089881,83.132803,31.984553,87.376227,58.984609,87.713809,86.290663,85.736365,113.573319,85.607915,140.903391,86.460165,168.305351,87.021747,195.694159,88.167215,223.069369,83.728199,248.124148,60.839299,258.770837
Type07,L,260,61.508784,264.217981,36.478488,256.511997,26.926802,231.967883,22.875418,204.377969,18.402133,176.845991,12.340748,149.613772,5.318322,122.591440,0.916073,95.159500,3.609379,67.864718,13.354596,41.703323,26.737639,17.790684,47.987765,0.240861,74.439573,9.269954,84.399615,32.584266,88.727899,60.131600,88.963181,87.883157,87.334703,115.706847,87.544166,143.600278,88.430215,171.518891,88.947573,199.442201,89.393262,227.373384,85.162802,252.876199,61.540823,263.897661
Type07,L,265,62.086809,269.804623,36.663578,261.672854,27.197710,236.457802,23.454122,208.261333,18.735098,180.213278,12.632373,152.401063,5.569053,124.816039,0.937969,96.874098,3.805196,69.082268,13.820439,42.418110,27.195350,17.972818,49.094747,0.181946,75.953530,9.717115,85.749781,33.615488,90.164595,61.743053,90.187935,90.013489,88.666674,118.411576,88.862444,146.890741,89.723711,175.362589,90.494149,203.839564,90.723048,232.341924,86.412270,258.382717,62.158133,269.452677
Type07,L,270,62.606628,275.551032,36.643212,267.047758,27.369182,241.161698,23.836167,212.342579,18.943213,183.738061,12.832381,155.324365,5.718497,127.157339,0.928550,98.669363,3.986738,70.338776,14.100108,43.091916,27.435179,18.099818,50.014976,0.161783,77.201711,10.436736,87.100963,35.054016,91.594005,63.764176,91.299911,92.601775,89.620384,121.580567,89.432974,150.643156,90.211191,179.681181,91.535438,208.706314,92.065590,237.764758,87.338434,264.358352,62.612945,275.089406
Type07,L,275,63.077345,281.064575,36.481563,272.311092,27.458822,245.848375,24.011892,216.426018,19.027786,187.250503,12.943560,158.241502,5.767921,129.502160,0.889845,100.459750,4.135599,71.572335,14.171093,43.688362,27.443013,18.162779,50.705090,0.177910,78.123632,11.396368,88.370846,36.835380,92.920095,66.099615,92.219729,95.522061,90.128303,125.059931,89.223481,154.677445,89.869861,184.267779,92.010135,213.810306,93.320084,243.380723,87.819505,270.455976,62.834298,280.429557
Type07,L,280,63.514245,285.950531,36.265726,277.124043,27.498191,250.275758,23.999006,220.305116,19.007382,190.572820,12.981578,161.003040,5.732573,131.730709,0.827989,102.156117,4.235871,72.720303,14.035940,44.179673,27.231577,18.163658,51.140435,0.224325,78.695813,12.528263,89.485690,38.859592,94.053898,68.621007,92.886054,98.612722,90.174992,128.661493,88.302038,158.779663,88.785028,188.880597,91.927654,218.885846,94.388104,248.898970,87.768493,276.301473,62.769735,285.105577
