Type,side,size,x1,y1,x2,y2,x3,y3,x4,y4,x5,y5,x6,y6,x7,y7,x8,y8,x9,y9,x10,y10,x11,y11,x12,y12,x13,y13,x14,y14,x15,y15,x16,y16,x17,y17,x18,y18,x19,y19,x20,y20,x21,y21,x22,y22,x23,y23,x24,y24,x25,y25,x26,y26,x27,y27,x28,y28,x29,y29,x30,y30,x31,y31,x32,y32,x33,y33,x34,y34,x35,y35,x36,y36,x37,y37,x38,y38,x39,y39,x40,y40,x41,y41,x42,y42,x43,y43,x44,y44,x45,y45,x46,y46,x47,y47,x48,y48,x49,y49,x50,y50
Type00,R,230,32.897664,265.637896,20.623558,264.271844,10.492216,257.232361,4.531113,246.626629,2.495179,234.506011,1.184619,222.161320,0.349568,209.775020,0.385039,197.397987,0.832401,185.017072,1.554657,172.633941,2.668265,160.270998,4.150344,147.939664,5.431689,135.598284,5.256615,123.243428,3.699731,110.940867,1.885827,98.664746,0.498926,86.341277,0.045306,73.953753,0.754041,61.584007,2.434045,49.290596,4.770622,37.116114,8.713835,25.400640,14.937192,14.745501,23.444339,5.774491,34.517043,0.101908,46.873797,0.834416,58.129208,5.822087,66.642520,14.691847,73.298627,25.070691,78.565064,36.275398,82.686205,47.955944,85.626310,59.992230,87.551399,72.242164,88.385317,84.604710,88.023469,96.992690,86.538856,109.299612,83.932361,121.414493,80.802667,133.420290,77.939267,145.489809,75.430944,157.640442,73.058291,169.817214,70.710527,181.989803,68.555451,194.202120,66.241361,206.390392,64.265425,218.632131,62.202667,230.843002,58.679297,242.757733,53.575920,253.985883,45.351622,263.270427,33.187122,265.445196
Type00,R,235,32.898451,265.658843,20.623483,264.292331,10.491478,257.252158,4.530448,246.645314,2.495044,234.523621,1.184764,222.177973,0.349722,209.790727,0.385294,197.412757,0.832779,185.030908,1.555192,172.646846,2.668954,160.282969,4.151065,147.950696,5.432374,135.608374,5.257178,123.252587,3.700049,110.949108,1.885956,98.672061,0.498922,86.347657,0.045310,73.959198,0.754295,61.588527,2.434580,49.294205,4.771374,37.118807,8.714882,25.402453,14.938780,14.746543,23.446588,5.774879,34.520141,0.101920,46.877817,0.834748,58.133859,5.823253,66.647519,14.693956,73.303699,25.073834,78.570201,36.279541,82.691434,47.961050,85.631641,59.998280,87.556841,72.249150,88.390783,84.612636,88.028841,97.001551,86.544043,109.309402,83.937267,121.425184,80.807196,133.431857,77.943512,145.502272,75.435088,157.653848,73.062495,169.831590,70.714826,182.005149,68.559626,194.218398,66.245194,206.407565,64.268991,218.650208,62.206212,230.862027,58.682506,242.777631,53.578466,254.006473,45.353336,263.291472,33.187861,265.466216
Type00,R,240,32.899210,265.679321,20.623399,264.312362,10.490748,257.271510,4.529795,246.663575,2.494910,234.540832,1.184908,222.194248,0.349878,209.806077,0.385551,197.427191,0.833158,185.044429,1.555725,172.659455,2.669636,160.294666,4.151779,147.961474,5.433054,135.618232,5.257738,123.261534,3.700368,110.957158,1.886085,98.679206,0.498918,86.353888,0.045313,73.964516,0.754543,61.592939,2.435103,49.297728,4.772111,37.121434,8.715907,25.404219,14.940335,14.747556,23.448791,5.775254,34.523175,0.101933,46.881753,0.835069,58.138413,5.824388,66.652410,14.696018,73.308657,25.076909,78.575221,36.283595,82.696544,47.966045,85.636850,60.004199,87.562161,72.255984,88.396125,84.620387,88.034092,97.010218,86.549111,109.318977,83.942061,121.435640,80.811622,133.443170,77.947662,145.514462,75.439140,157.666958,73.066606,169.845649,70.719028,182.020157,68.563704,194.234316,66.248936,206.424359,64.272471,218.667885,62.209670,230.880630,58.685634,242.797089,53.580947,254.026607,45.355000,263.312045,33.188572,265.486768
Type00,R,245,32.899979,265.700154,20.623313,264.332731,10.490006,257.291187,4.529134,246.682140,2.494777,234.558329,1.185054,222.210794,0.350032,209.821683,0.385799,197.441864,0.833523,185.058172,1.556246,172.672273,2.670306,160.306556,4.152474,147.972429,5.433709,135.628251,5.258274,123.270627,3.700668,110.965337,1.886205,98.686464,0.498911,86.360216,0.045317,73.969915,0.754797,61.597419,2.435638,49.301302,4.772867,37.124099,8.716963,25.406011,14.941934,14.748584,23.451049,5.775634,34.526279,0.101946,46.885773,0.835411,58.143052,5.825575,66.657397,14.698141,73.313714,25.080062,78.580340,36.287743,82.701752,47.971151,85.642156,60.010244,87.567574,72.262960,88.401560,84.628298,88.039433,97.019058,86.554265,109.328740,83.946935,121.446299,80.816118,133.454699,77.951873,145.526882,75.443252,157.680314,73.070782,169.859970,70.723302,182.035444,68.567854,194.250530,66.252746,206.441462,64.276015,218.685886,62.213200,230.899574,58.688832,242.816902,53.583470,254.047098,45.356687,263.332976,33.189291,265.507672
Type00,R,250,32.900758,265.720752,20.623246,264.352870,10.489286,257.310650,4.528484,246.700511,2.494646,234.575644,1.185195,222.227168,0.350182,209.837127,0.386043,197.456386,0.833884,185.071776,1.556761,172.684962,2.670969,160.318326,4.153166,147.983276,5.434364,135.638172,5.258811,123.279632,3.700969,110.973439,1.886326,98.693655,0.498905,86.366488,0.045320,73.975269,0.755047,61.601862,2.436164,49.304850,4.773604,37.126747,8.717990,25.407793,14.943495,14.749609,23.453262,5.776017,34.529326,0.101958,46.889727,0.835742,58.147622,5.826735,66.662313,14.700225,73.318703,25.083160,78.585393,36.291824,82.706896,47.976178,85.647398,60.016200,87.572926,72.269836,88.406934,84.636097,88.044714,97.027778,86.559364,109.338373,83.951758,121.456817,80.820570,133.466078,77.956046,145.539142,75.447325,157.693500,73.074917,169.874111,70.727531,182.050539,68.571963,194.266541,66.256521,206.458354,64.279529,218.703666,62.216695,230.918286,58.691996,242.836473,53.585977,254.067346,45.358376,263.353670,33.190024,265.528337
Type00,R,255,32.901506,265.741465,20.623142,264.373130,10.488534,257.330216,4.527820,246.718967,2.494510,234.593036,1.185343,222.243614,0.350342,209.852638,0.386304,197.470970,0.834266,185.085436,1.557299,172.697701,2.671657,160.330143,4.153883,147.994163,5.435044,135.648128,5.259371,123.288668,3.701286,110.981567,1.886455,98.700867,0.498901,86.372776,0.045324,73.980633,0.755300,61.606311,2.436696,49.308399,4.774359,37.129392,8.719044,25.409570,14.945089,14.750626,23.455510,5.776390,34.532417,0.101971,46.893730,0.836074,58.152245,5.827898,66.667276,14.702327,73.323729,25.086289,78.590479,36.295945,82.712069,47.981252,85.652670,60.022208,87.578308,72.276770,88.412338,84.643960,88.050024,97.036566,86.564487,109.348079,83.956602,121.467414,80.825040,133.477540,77.960235,145.551491,75.451416,157.706780,73.079070,169.888351,70.731778,182.065739,68.576082,194.282661,66.260297,206.475358,64.283038,218.721565,62.220188,230.937121,58.695158,242.856172,53.588474,254.087723,45.360037,263.374480,33.190721,265.549128
Type00,R,260,32.902270,265.762121,20.623056,264.393329,10.487798,257.349730,4.527163,246.737380,2.494377,234.610390,1.185488,222.260024,0.350497,209.868115,0.386556,197.485524,0.834638,185.099069,1.557826,172.710415,2.672333,160.341936,4.154587,148.005030,5.435711,135.658067,5.259919,123.297688,3.701596,110.989682,1.886579,98.708068,0.498896,86.379055,0.045328,73.985991,0.755551,61.610757,2.437225,49.311948,4.775105,37.132038,8.720084,25.411349,14.946666,14.751647,23.457741,5.776768,34.535486,0.101984,46.897708,0.836405,58.156842,5.829060,66.672215,14.704419,73.328737,25.089403,78.595548,36.300047,82.717228,47.986303,85.657927,60.028190,87.583674,72.283675,88.417727,84.651791,88.055319,97.045319,86.569599,109.357748,83.961436,121.477971,80.829501,133.488961,77.964416,145.563795,75.455498,157.720013,73.083213,169.902541,70.736016,182.080886,68.580196,194.298727,66.264073,206.492307,64.286550,218.739404,62.223682,230.955895,58.698321,242.875808,53.590977,254.108035,45.361713,263.395232,33.191436,265.569855
Type00,R,265,32.903034,265.782776,20.622971,264.413529,10.487062,257.369245,4.526506,246.755793,2.494244,234.627743,1.185633,222.276434,0.350652,209.883593,0.386808,197.500077,0.835010,185.112701,1.558353,172.723129,2.673009,160.353730,4.155292,148.015897,5.436379,135.668005,5.260467,123.306708,3.701905,110.997797,1.886704,98.715270,0.498891,86.385335,0.045332,73.991350,0.755803,61.615203,2.437754,49.315496,4.775852,37.134685,8.721125,25.413128,14.948244,14.752668,23.459971,5.777145,34.538555,0.101997,46.901686,0.836737,58.161438,5.830221,66.677155,14.706512,73.333744,25.092517,78.600618,36.304148,82.722387,47.991353,85.663185,60.034172,87.589041,72.290580,88.423115,84.659622,88.060615,97.054073,86.574710,109.367417,83.966270,121.488529,80.833962,133.500382,77.968597,145.576100,75.459580,157.733246,73.087357,169.916731,70.740254,182.096033,68.584310,194.314793,66.267849,206.509255,64.290061,218.757243,62.227176,230.974668,58.701484,242.895443,53.593479,254.128347,45.363388,263.415985,33.192151,265.590583
Type00,R,270,32.903809,265.803608,20.622890,264.433905,10.486323,257.388933,4.525846,246.774369,2.494110,234.645251,1.185776,222.292990,0.350801,209.899208,0.387055,197.514760,0.835378,185.126455,1.558880,172.735957,2.673687,160.365630,4.155998,148.026863,5.437047,135.678035,5.261016,123.315812,3.702213,111.005987,1.886828,98.722539,0.498885,86.391675,0.045335,73.996760,0.756055,61.619694,2.438288,49.319082,4.776612,37.137362,8.722187,25.414933,14.949845,14.753707,23.462222,5.777529,34.541651,0.102010,46.905698,0.837073,58.166076,5.831389,66.682138,14.708619,73.338799,25.095653,78.605735,36.308279,82.727595,47.996442,85.668492,60.040200,87.594458,72.297539,88.428554,84.667515,88.065960,97.062896,86.579868,109.377163,83.971146,121.499171,80.838459,133.511893,77.972808,145.588502,75.463691,157.746584,73.091530,169.931035,70.744522,182.111301,68.588450,194.330987,66.271647,206.526339,64.293599,218.775226,62.230699,230.993595,58.704674,242.915239,53.596005,254.148827,45.365083,263.436911,33.192877,265.611489
Type00,R,275,32.904561,265.824087,20.622800,264.453928,10.485590,257.408274,4.525192,246.792619,2.493977,234.662450,1.185923,222.309254,0.350962,209.914548,0.387313,197.529184,0.835753,185.139965,1.559406,172.748556,2.674361,160.377317,4.156701,148.037630,5.437714,135.687882,5.261564,123.324749,3.702523,111.014026,1.886953,98.729673,0.498881,86.397894,0.045339,74.002067,0.756305,61.624095,2.438812,49.322593,4.777344,37.139977,8.723206,25.416687,14.951398,14.754710,23.464432,5.777901,34.544693,0.102022,46.909643,0.837400,58.170631,5.832544,66.687033,14.710697,73.343760,25.098745,78.610756,36.312350,82.732705,48.001455,85.673699,60.046136,87.599774,72.304390,88.433893,84.675284,88.071206,97.071580,86.584932,109.386755,83.975937,121.509644,80.842884,133.523223,77.976959,145.600709,75.467743,157.759712,73.095644,169.945112,70.748731,182.126328,68.592538,194.346925,66.275401,206.543152,64.297085,218.792921,62.234164,231.012216,58.707810,242.934714,53.598483,254.168972,45.366739,263.457489,33.193580,265.632039
Type00,R,280,32.905324,265.845033,20.622702,264.474408,10.484837,257.428054,4.524522,246.811281,2.493840,234.680037,1.186073,222.325884,0.351127,209.930233,0.387577,197.543931,0.836137,185.153778,1.559946,172.761438,2.675051,160.389265,4.157420,148.048639,5.438396,135.697950,5.262124,123.333885,3.702840,111.022245,1.887082,98.736965,0.498876,86.404252,0.045343,74.007490,0.756561,61.628594,2.439348,49.326181,4.778098,37.142649,8.724256,25.418479,14.952996,14.755735,23.466698,5.778279,34.547812,0.102035,46.913684,0.837736,58.175296,5.833727,66.692045,14.712826,73.348837,25.101911,78.615895,36.316518,82.737933,48.006586,85.679026,60.052212,87.605213,72.311402,88.439354,84.683235,88.076572,97.080466,86.590111,109.396570,83.980836,121.520360,80.847407,133.534815,77.981200,145.613198,75.471885,157.773143,73.099849,169.959513,70.753032,182.141700,68.596715,194.363229,66.279233,206.560350,64.300645,218.811022,62.237705,231.031264,58.711013,242.954636,53.601014,254.189578,45.368426,263.478535,33.194293,265.653059
Type01,R,230,34.947616,257.538041,22.868832,256.803040,12.259858,251.083181,5.056866,241.617783,1.707705,230.184525,0.474592,218.201330,0.928021,206.141550,1.702443,194.057435,2.565216,181.976394,2.870273,169.841921,2.624013,157.689015,2.170967,145.564315,1.676639,133.460633,1.132206,121.362010,0.671632,109.242349,0.182642,97.124564,0.068770,85.002971,0.526905,72.874626,1.401874,60.809358,3.013342,48.814714,5.545383,36.995897,9.475371,25.577695,15.249988,15.035023,23.578595,6.199176,33.817465,0.133941,45.889243,0.284198,57.027762,4.881239,65.584521,13.327669,72.365910,23.287877,77.218864,34.323964,80.821959,45.872636,83.317771,57.705540,84.793500,69.715670,85.335208,81.807334,84.904795,93.901971,83.666167,105.946254,82.039673,117.943304,80.343062,129.927504,78.539568,141.899448,76.577185,153.850370,74.533451,165.786741,72.469849,177.719529,70.299465,189.633409,68.122104,201.547569,66.212612,213.506427,64.160560,225.437955,61.234490,237.127682,55.601762,247.642212,46.443497,255.323872,34.605858,257.911658
Type01,R,235,34.948381,257.554832,22.868853,256.819767,12.259419,251.099168,5.056398,241.632910,1.707447,230.198834,0.474708,218.214866,0.928426,206.154343,1.702943,194.069476,2.565711,181.987675,2.870713,169.852434,2.624435,157.698766,2.171377,145.573307,1.676996,133.468871,1.132418,121.369502,0.671724,109.249092,0.182623,97.130556,0.068724,85.008209,0.527008,72.879105,1.402155,60.813094,3.013866,48.817723,5.546094,36.998173,9.476162,25.579201,15.250968,15.035823,23.580275,6.199555,33.819767,0.133952,45.892312,0.284065,57.031408,4.881708,65.588440,13.328935,72.370003,23.289928,77.222994,34.326817,80.826107,45.876277,83.321931,57.709951,84.797702,69.720840,85.339386,81.813259,84.908817,93.908646,83.669912,105.953663,82.043197,117.951447,80.346449,129.936387,78.542804,141.909072,76.580303,153.860741,74.536454,165.797859,72.472728,177.731392,70.302246,189.646022,68.124777,201.560931,66.215248,213.520549,64.163124,225.452834,61.236934,237.143302,55.603775,247.658432,46.444774,255.340385,34.606438,257.928623
Type01,R,240,34.949334,257.572965,22.869015,256.837767,12.259059,251.116428,5.055877,241.649329,1.707145,230.214388,0.474823,218.229585,0.928882,206.168263,1.703492,194.082584,2.566214,181.999959,2.871160,169.863893,2.624891,157.709405,2.171863,145.583132,1.677463,133.477881,1.132759,121.377706,0.671928,109.256490,0.182700,97.137147,0.068734,85.013990,0.527091,72.884070,1.402337,60.817252,3.014254,48.821091,5.546739,37.000765,9.476985,25.580990,15.251964,15.036830,23.581897,6.200034,33.821995,0.133919,45.895381,0.283835,57.035158,4.882008,65.592515,13.330068,72.374262,23.291910,77.227282,34.329668,80.830403,45.879980,83.326233,57.714486,84.802054,69.726191,85.343715,81.819424,84.912971,93.915620,83.673770,105.961428,82.046825,117.960001,80.349947,129.945744,78.546164,141.919232,76.583556,153.871709,74.539617,165.809640,72.475764,177.743977,70.305162,189.659412,68.127572,201.575127,66.218018,213.535567,64.165854,225.468675,61.239578,237.159953,55.606019,247.675770,46.446320,255.358151,34.607247,257.946932
Type01,R,245,34.950181,257.588352,22.869187,256.853086,12.258801,251.131092,5.055492,241.663275,1.706904,230.227613,0.474918,218.242106,0.929273,206.180108,1.703968,194.093743,2.566641,182.010420,2.871519,169.873653,2.625239,157.718471,2.172232,145.591507,1.677824,133.485568,1.133021,121.384709,0.672081,109.262811,0.182743,97.142784,0.068731,85.018941,0.527170,72.888329,1.402527,60.820832,3.014653,48.824006,5.547362,37.003025,9.477748,25.582567,15.252864,15.037742,23.583326,6.200489,33.823898,0.133892,45.897997,0.283635,57.038348,4.882256,65.595977,13.331024,72.377869,23.293592,77.230909,34.332087,80.834037,45.883122,83.329881,57.718329,84.805756,69.730723,85.347406,81.824645,84.916520,93.921524,83.677058,105.968000,82.049904,117.967242,80.352915,129.953663,78.549021,141.927831,76.586328,153.880994,74.542314,165.819612,72.478351,177.754629,70.307638,189.670744,68.129932,201.587139,66.220347,213.548272,64.168155,225.482079,61.241867,237.174057,55.607973,247.690455,46.447654,255.373173,34.607971,257.962455
Type01,R,250,34.950696,257.605193,22.868970,256.869759,12.258148,251.147002,5.054850,241.678304,1.706580,230.241795,0.475043,218.255508,0.929696,206.192765,1.704464,194.105644,2.567134,182.021560,2.871989,169.884028,2.625725,157.728084,2.172707,145.600364,1.678229,133.493669,1.133277,121.392063,0.672211,109.269415,0.182776,97.148637,0.068721,85.024039,0.527252,72.892669,1.402712,60.824422,3.015016,48.826860,5.547931,37.005150,9.478438,25.583933,15.253743,15.038400,23.584883,6.200724,33.826162,0.133877,45.901022,0.283591,57.041951,4.882824,65.599836,13.332403,72.381921,23.295746,77.234997,34.335042,80.838145,45.886867,83.333972,57.722849,84.809854,69.736009,85.351454,81.830688,84.920393,93.928319,83.680673,105.975532,82.053332,117.975512,80.356223,129.962678,78.552178,141.937588,76.589359,153.891498,74.545226,165.830864,72.481131,177.766625,70.310308,189.683489,68.132506,201.600636,66.222905,213.562534,64.170640,225.497097,61.244116,237.189787,55.609746,247.706765,46.448710,255.389799,34.608313,257.979484
Type01,R,255,34.951966,257.621907,22.869492,256.886429,12.258087,251.163148,5.054514,241.693743,1.706385,230.256446,0.475148,218.269385,0.930063,206.205897,1.704926,194.118021,2.567572,182.033172,2.872386,169.894872,2.626135,157.738166,2.173162,145.609685,1.678672,133.502233,1.133590,121.399877,0.672392,109.276479,0.182819,97.154950,0.068706,85.029597,0.527339,72.897467,1.402928,60.828471,3.015454,48.830177,5.548589,37.007739,9.479214,25.585760,15.254684,15.039500,23.586417,6.201328,33.828195,0.133894,45.903849,0.283227,57.045418,4.882939,65.603656,13.333244,72.385902,23.297382,77.239015,34.337485,80.842165,45.890104,83.338026,57.726857,84.813983,69.740772,85.355579,81.836209,84.924384,93.934593,83.684392,105.982543,82.056814,117.983256,80.359567,129.971166,78.555396,141.946823,76.592488,153.901489,74.548293,165.841615,72.484112,177.778130,70.313226,189.695752,68.135333,201.613653,66.225690,213.576312,64.173371,225.511640,61.246799,237.205100,55.612159,247.722765,46.450531,255.406236,34.609435,257.996382
Type01,R,260,34.952678,257.638662,22.869471,256.903059,12.257631,251.178997,5.054011,241.708746,1.706091,230.270640,0.475259,218.282807,0.930525,206.218581,1.705498,194.129957,2.568138,182.044349,2.872925,169.905287,2.626714,157.747824,2.173774,145.618591,1.679244,133.510386,1.133999,121.407287,0.672621,109.283149,0.182888,97.160878,0.068701,85.034777,0.527429,72.901892,1.403161,60.832154,3.015889,48.833128,5.549181,37.009955,9.479880,25.587206,15.255506,15.040229,23.587926,6.201645,33.830342,0.133853,45.906772,0.283028,57.048955,4.883254,65.607443,13.334382,72.389845,23.299313,77.243002,34.340213,80.846183,45.893613,83.342051,57.731134,84.818049,69.745805,85.359618,81.841995,84.928247,93.941126,83.687965,105.989805,82.060202,117.991254,80.362859,129.979910,78.558535,141.956305,76.595493,153.911712,74.551178,165.852583,72.486860,177.789839,70.315871,189.708207,68.137878,201.626856,66.228218,213.590276,64.175847,225.526362,61.249169,237.220565,55.614100,247.738835,46.451775,255.422667,34.609996,258.013328
Type01,R,265,34.953440,257.655439,22.869503,256.919695,12.257194,251.194917,5.053501,241.723841,1.705797,230.284923,0.475389,218.296318,0.930941,206.231350,1.705978,194.141972,2.568580,182.055603,2.873328,169.915778,2.627130,157.757557,2.174208,145.627568,1.679648,133.518611,1.134270,121.414767,0.672767,109.289883,0.182923,97.166863,0.068687,85.040011,0.527535,72.906372,1.403446,60.835896,3.016456,48.836153,5.550018,37.012266,9.480867,25.588768,15.256667,15.041075,23.589684,6.202002,33.832725,0.133835,45.909927,0.282858,57.052707,4.883638,65.611485,13.335543,72.394060,23.301258,77.247222,34.342970,80.850382,45.897168,83.346213,57.735467,84.822232,69.750899,85.363775,81.847842,84.932271,93.947723,83.691757,105.997138,82.063780,117.999319,80.366281,129.988710,78.561797,141.965842,76.598630,153.921993,74.554185,165.863606,72.489717,177.801600,70.318586,189.720709,68.140457,201.640100,66.230759,213.604278,64.178369,225.541131,61.251648,237.236088,55.616144,247.754963,46.453072,255.439093,34.610606,258.030218
Type01,R,270,34.954558,257.672223,22.869877,256.936421,12.257056,251.211002,5.053136,241.739192,1.705553,230.299492,0.475470,218.310115,0.931326,206.244404,1.706474,194.154275,2.569101,182.067146,2.873836,169.926557,2.627670,157.767576,2.174772,145.636831,1.680153,133.527119,1.134635,121.422526,0.672989,109.296894,0.183008,97.173127,0.068699,85.045522,0.527586,72.911123,1.403540,60.839892,3.016705,48.839408,5.550507,37.014802,9.481539,25.590566,15.257533,15.042161,23.591124,6.202580,33.834656,0.133841,45.912635,0.282654,57.056019,4.883994,65.615116,13.336658,72.397916,23.303129,77.251140,34.345631,80.854371,45.900604,83.350262,57.739664,84.826391,69.755845,85.367954,81.853541,84.936315,93.954173,83.695527,106.004323,82.067333,118.007238,80.369723,129.997377,78.565126,141.975258,76.601888,153.932166,74.557384,165.874540,72.492799,177.813281,70.321559,189.733139,68.143317,201.653280,66.233570,213.618217,64.181143,225.555835,61.254319,237.251542,55.618445,247.771053,46.454732,255.455585,34.611573,258.047167
Type01,R,275,34.955015,257.688991,22.869608,256.953011,12.256348,251.226833,5.052477,241.754127,1.705244,230.313584,0.475604,218.323432,0.931741,206.256981,1.706948,194.166099,2.569521,182.078210,2.874202,169.936858,2.628046,157.777121,2.175179,145.645623,1.680547,133.535160,1.134893,121.429824,0.673107,109.303450,0.182999,97.178938,0.068668,85.050583,0.527712,72.915432,1.403854,60.843464,3.017261,48.842256,5.551262,37.016924,9.482377,25.591920,15.258540,15.042805,23.592798,6.202804,33.837020,0.133794,45.915771,0.282491,57.059740,4.884406,65.619052,13.337908,72.401957,23.305204,77.255169,34.348524,80.858356,45.904298,83.354226,57.744132,84.830356,69.761074,85.371866,81.859524,84.940043,93.960900,83.698957,106.011778,82.070587,118.015428,80.372922,130.006316,78.568198,141.984938,76.604832,153.942587,74.560207,165.885703,72.495487,177.825183,70.324142,189.745786,68.145795,201.666671,66.236048,213.632370,64.183557,225.570742,61.256554,237.267167,55.620204,247.787250,46.455753,255.472074,34.611901,258.064141
Type01,R,280,34.956060,257.705729,22.869910,256.969737,12.256145,251.242915,5.052072,241.769459,1.704988,230.328129,0.475739,218.337208,0.932208,206.270019,1.707504,194.178387,2.570042,182.089736,2.874690,169.947623,2.628575,157.787129,2.175747,145.654878,1.681071,133.543663,1.135265,121.437584,0.673342,109.310466,0.183107,97.185208,0.068698,85.056104,0.527772,72.920197,1.403982,60.847481,3.017608,48.845547,5.551863,37.019500,9.483038,25.593719,15.259246,15.043835,23.594083,6.203330,33.838833,0.133777,45.918361,0.282269,57.062989,4.884605,65.622647,13.338837,72.405728,23.306909,77.258999,34.351022,80.862227,45.907576,83.358094,57.748180,84.834249,69.765879,85.375721,81.865083,84.943746,93.967209,83.702423,106.018823,82.073831,118.023204,80.375994,130.014827,78.571137,141.994190,76.607679,153.952589,74.562986,165.896459,72.498186,177.836689,70.326769,189.758044,68.148321,201.679677,66.238527,213.646131,64.185979,225.585262,61.258960,237.282461,55.622362,247.803237,46.457309,255.488501,34.612775,258.081047
Type02,R,230,28.376350,255.768382,16.345534,254.351661,5.641837,248.444940,0.373233,237.809702,-0.031844,225.700178,1.342730,213.539120,3.584481,201.567281,6.956913,189.817215,10.533721,178.127094,13.739208,166.335620,16.316208,154.376952,17.618031,142.240404,17.109405,130.089954,14.607689,118.148851,10.202537,106.800235,4.275250,96.080712,0.130873,84.940984,0.407160,72.743083,2.088982,60.664989,5.464432,48.911967,8.978829,37.251375,11.862696,25.395647,17.318067,14.508807,25.771970,5.701270,36.790062,0.541624,48.866980,0.891857,60.202504,5.156241,69.556500,12.750293,77.085271,22.181876,82.651645,32.963737,86.874231,44.409768,90.202482,56.152611,92.376211,68.147297,93.166900,80.321930,92.420189,92.472309,90.054051,104.438975,86.770030,116.197792,82.963738,127.807481,78.905486,139.324726,74.929461,150.857699,71.352839,162.514666,68.223935,174.291189,65.639238,186.213075,63.102488,198.162299,60.668870,210.127672,57.831906,222.000516,54.125480,233.670952,49.331110,244.829362,40.649443,253.422174,28.707502,255.897572
Type02,R,235,28.377137,255.789329,16.345460,254.372149,5.641100,248.464737,0.372568,237.828386,-0.031979,225.717788,1.342876,213.555773,3.584635,201.582989,6.957168,189.831985,10.534099,178.140930,13.739743,166.348525,16.316897,154.388924,17.618751,142.251435,17.110089,130.100043,14.608251,118.158010,10.202855,106.808476,4.275378,96.088027,0.130868,84.947363,0.407163,72.748529,2.089236,60.669509,5.464967,48.915576,8.979581,37.254069,11.863742,25.397460,17.319655,14.509849,25.774219,5.701658,36.793159,0.541636,48.871000,0.892188,60.207155,5.157407,69.561499,12.752403,77.090343,22.185019,82.656782,32.967881,86.879461,44.414874,90.207812,56.158661,92.381654,68.154283,93.172365,80.329855,92.425561,92.481170,90.059237,104.448765,86.774936,116.208483,82.968267,127.819048,78.909731,139.337189,74.933604,150.871104,71.357043,162.529042,68.228234,174.306535,65.643412,186.229353,63.106321,198.179473,60.672436,210.145749,57.835451,222.019541,54.128689,233.690851,49.333655,244.849952,40.651157,253.443218,28.708241,255.918592
Type02,R,240,28.377896,255.809807,16.345376,254.392180,5.640370,248.484088,0.371915,237.846647,-0.032112,225.734998,1.343020,213.572047,3.584791,201.598338,6.957425,189.846418,10.534477,178.154450,13.740276,166.361135,16.317579,154.400621,17.619465,142.262213,17.110769,130.109901,14.608811,118.166957,10.203173,106.816526,4.275507,96.095172,0.130865,84.953595,0.407167,72.753846,2.089485,60.673922,5.465491,48.919099,8.980318,37.256696,11.864768,25.399226,17.321210,14.510862,25.776422,5.702034,36.796194,0.541648,48.874936,0.892510,60.211708,5.158542,69.566390,12.754464,77.095302,22.188094,82.661802,32.971935,86.884571,44.419869,90.213022,56.164579,92.386973,68.161117,93.177707,80.337607,92.430812,92.489837,90.064305,104.458340,86.779730,116.218939,82.972693,127.830361,78.913881,139.349379,74.937656,150.884215,71.361154,162.543101,68.232436,174.321543,65.647491,186.245272,63.110064,198.196266,60.675916,210.163426,57.838910,222.038144,54.131818,233.710308,49.336136,244.870085,40.652821,253.463791,28.708952,255.939144
Type02,R,245,28.378665,255.830640,16.345289,254.412548,5.639628,248.503766,0.371254,237.865212,-0.032245,225.752496,1.343165,213.588593,3.584945,201.613944,6.957673,189.861092,10.534842,178.168194,13.740797,166.373953,16.318249,154.412511,17.620160,142.273169,17.111424,130.119921,14.609348,118.176050,10.203473,106.824705,4.275627,96.102430,0.130858,84.959923,0.407171,72.759246,2.089739,60.678401,5.466025,48.922673,8.981074,37.259361,11.865824,25.401018,17.322810,14.511891,25.778680,5.702414,36.799298,0.541662,48.878956,0.892851,60.216348,5.159729,69.571377,12.756588,77.100358,22.191247,82.666921,32.976083,86.889778,44.424975,90.218327,56.170625,92.392387,68.168093,93.183143,80.345517,92.436152,92.498677,90.069459,104.468104,86.784604,116.229598,82.977189,127.841890,78.918093,139.361798,74.941768,150.897571,71.365330,162.557422,68.236710,174.336830,65.651640,186.261485,63.113873,198.213369,60.679460,210.181427,57.842439,222.057088,54.135015,233.730121,49.338660,244.890576,40.654507,253.484722,28.709671,255.960048
Type02,R,250,28.379444,255.851238,16.345222,254.432687,5.638907,248.523229,0.370604,237.883583,-0.032376,225.769811,1.343307,213.604968,3.585095,201.629388,6.957917,189.875614,10.535203,178.181798,13.741312,166.386641,16.318912,154.424281,17.620852,142.284015,17.112079,130.129841,14.609885,118.185056,10.203774,106.832807,4.275748,96.109621,0.130851,84.966194,0.407174,72.764599,2.089989,60.682844,5.466551,48.926221,8.981811,37.262008,11.866851,25.402800,17.324371,14.512916,25.780893,5.702797,36.802345,0.541674,48.882910,0.893183,60.220918,5.160889,69.576293,12.758671,77.105348,22.194345,82.671975,32.980164,86.894923,44.430002,90.223570,56.176581,92.397738,68.174969,93.188516,80.353317,92.441434,92.507397,90.074558,104.477736,86.789427,116.240116,82.981641,127.853269,78.922266,139.374059,74.945841,150.910757,71.369464,162.571562,68.240939,174.351925,65.655750,186.277496,63.117648,198.230261,60.682974,210.199207,57.845935,222.075800,54.138179,233.749692,49.341166,244.910824,40.656197,253.505416,28.710404,255.980713
Type02,R,255,28.380192,255.871951,16.345118,254.452947,5.638156,248.542795,0.369940,237.902039,-0.032512,225.787203,1.343455,213.621413,3.585255,201.644899,6.958177,189.890198,10.535586,178.195458,13.741850,166.399381,16.319600,154.436098,17.621569,142.294902,17.112759,130.139798,14.610444,118.194091,10.204091,106.840935,4.275877,96.116833,0.130847,84.972482,0.407178,72.769963,2.090241,60.687293,5.467083,48.929770,8.982566,37.264654,11.867905,25.404577,17.325964,14.513933,25.783141,5.703169,36.805436,0.541687,48.886913,0.893515,60.225541,5.162052,69.581256,12.760773,77.110374,22.197474,82.677060,32.984285,86.900096,44.435076,90.228841,56.182589,92.403121,68.181903,93.193920,80.361180,92.446743,92.516184,90.079682,104.487442,86.794271,116.250713,82.986111,127.864731,78.926455,139.386408,74.949932,150.924037,71.373617,162.585802,68.245186,174.367124,65.659869,186.293617,63.121424,198.247266,60.686483,210.217105,57.849427,222.094635,54.141341,233.769392,49.343664,244.931201,40.657858,253.526227,28.711101,256.001504
Type02,R,260,28.380956,255.892607,16.345033,254.473147,5.637420,248.562309,0.369283,237.920452,-0.032646,225.804556,1.343600,213.637823,3.585410,201.660377,6.958430,189.904751,10.535957,178.209090,13.742377,166.412094,16.320276,154.447891,17.622274,142.305769,17.113427,130.149736,14.610993,118.203111,10.204401,106.849050,4.276002,96.124034,0.130842,84.978762,0.407182,72.775321,2.090493,60.691739,5.467612,48.933318,8.983312,37.267300,11.868945,25.406356,17.327542,14.514954,25.785371,5.703547,36.808505,0.541700,48.890891,0.893846,60.230137,5.163214,69.586195,12.762866,77.115381,22.200588,82.682129,32.988386,86.905255,44.440127,90.234099,56.188571,92.408487,68.188808,93.199309,80.369011,92.452039,92.524938,90.084793,104.497111,86.799105,116.261270,82.990572,127.876152,78.930636,139.398712,74.954014,150.937270,71.377761,162.599993,68.249424,174.382272,65.663983,186.309682,63.125200,198.264214,60.689995,210.234944,57.852921,222.113409,54.144504,233.789027,49.346166,244.951513,40.659534,253.546979,28.711816,256.022231
Type02,R,265,28.381720,255.913262,16.344948,254.493346,5.636684,248.581824,0.368626,237.938865,-0.032779,225.821910,1.343745,213.654233,3.585565,201.675854,6.958682,189.919305,10.536329,178.222722,13.742904,166.424808,16.320952,154.459685,17.622978,142.316636,17.114094,130.159675,14.611541,118.212131,10.204710,106.857165,4.276126,96.131236,0.130837,84.985041,0.407185,72.780680,2.090744,60.696185,5.468141,48.936867,8.984059,37.269946,11.869986,25.408135,17.329119,14.515975,25.787602,5.703925,36.811574,0.541712,48.894869,0.894178,60.234734,5.164375,69.591134,12.764959,77.120389,22.203702,82.687199,32.992487,86.910414,44.445177,90.239356,56.194553,92.413854,68.195713,93.204698,80.376842,92.457335,92.533692,90.089904,104.506781,86.803939,116.271828,82.995033,127.887573,78.934817,139.411017,74.958096,150.950503,71.381905,162.614183,68.253662,174.397419,65.668097,186.325748,63.128976,198.281163,60.693507,210.252784,57.856415,222.132182,54.147667,233.808662,49.348668,244.971826,40.661209,253.567731,28.712531,256.042959
Type02,R,270,28.382495,255.934094,16.344866,254.513723,5.635945,248.601512,0.367966,237.957441,-0.032913,225.839418,1.343888,213.670790,3.585714,201.691470,6.958929,189.933988,10.536698,178.236477,13.743431,166.437637,16.321630,154.471585,17.623684,142.327602,17.114762,130.169705,14.612090,118.221235,10.205019,106.865355,4.276250,96.138505,0.130831,84.991381,0.407189,72.786090,2.090997,60.700676,5.468675,48.940452,8.984819,37.272624,11.871048,25.409940,17.330721,14.517013,25.789853,5.704309,36.814670,0.541726,48.898881,0.894514,60.239372,5.165544,69.596118,12.767066,77.125444,22.206839,82.692317,32.996619,86.915621,44.450267,90.244663,56.200581,92.419271,68.202672,93.210137,80.384735,92.462680,92.542515,90.095062,104.516527,86.808816,116.282470,82.999530,127.899084,78.939027,139.423419,74.962207,150.963841,71.386078,162.628486,68.257930,174.412687,65.672236,186.341943,63.132775,198.298247,60.697044,210.270767,57.859938,222.151109,54.150857,233.828458,49.351194,244.992306,40.662904,253.588657,28.713257,256.063865
Type02,R,275,28.383247,255.954573,16.344777,254.533745,5.635212,248.620853,0.367312,237.975691,-0.033046,225.856617,1.344034,213.687054,3.585875,201.706809,6.959187,189.948411,10.537072,178.249986,13.743958,166.450236,16.322304,154.483272,17.624387,142.338370,17.115429,130.179552,14.612638,118.230172,10.205328,106.873394,4.276376,96.145638,0.130827,84.997601,0.407193,72.791397,2.091246,60.705078,5.469199,48.943964,8.985551,37.275239,11.872067,25.411694,17.332274,14.518016,25.792063,5.704681,36.817712,0.541738,48.902826,0.894841,60.243927,5.166698,69.601013,12.769144,77.130404,22.209930,82.697338,33.000690,86.920731,44.455279,90.249870,56.206517,92.424587,68.209523,93.215475,80.392504,92.467926,92.551199,90.100127,104.526119,86.813606,116.292943,83.003955,127.910414,78.943178,139.435626,74.966260,150.976969,71.390192,162.642563,68.262139,174.427714,65.676325,186.357880,63.136528,198.315059,60.700530,210.288462,57.863404,222.169730,54.153993,233.847933,49.353672,245.012451,40.664560,253.609235,28.713960,256.084415
Type02,R,280,28.384010,255.975519,16.344679,254.554225,5.634458,248.640633,0.366642,237.994353,-0.033182,225.874204,1.344184,213.703684,3.586039,201.722494,6.959450,189.963159,10.537456,178.263800,13.744497,166.463118,16.322994,154.495220,17.625106,142.349379,17.116111,130.189619,14.613198,118.239308,10.205645,106.881613,4.276504,96.152931,0.130822,85.003959,0.407197,72.796820,2.091502,60.709576,5.469736,48.947552,8.986305,37.277911,11.873117,25.413486,17.333871,14.519042,25.794329,5.705059,36.820831,0.541751,48.906867,0.895177,60.248592,5.167881,69.606025,12.771273,77.135482,22.213096,82.702476,33.004858,86.925959,44.460410,90.255198,56.212593,92.430026,68.216535,93.220936,80.400455,92.473292,92.560085,90.105306,104.535934,86.818505,116.303659,83.008478,127.922006,78.947420,139.448115,74.970401,150.990400,71.394396,162.656965,68.266441,174.443086,65.680502,186.374184,63.140360,198.332258,60.704090,210.306563,57.866944,222.188778,54.157197,233.867855,49.356203,245.033057,40.666247,253.630281,28.714673,256.105435
Type03,R,230,32.064277,255.953693,20.192672,254.536617,10.268215,247.925122,3.710919,238.114534,0.789705,226.625840,0.432839,214.648313,0.729138,202.646640,1.268904,190.689974,1.687475,178.739016,2.624695,166.828144,4.096377,154.920026,5.384631,142.973743,5.758477,131.002692,5.094034,119.047586,3.585904,107.158758,2.027686,95.271502,0.715625,83.339476,-0.035151,71.390141,0.619705,59.424082,2.278685,47.564430,5.164045,35.931002,9.282906,24.703045,14.985539,14.177362,21.949253,4.685953,33.187943,0.307600,45.060855,1.082462,56.113820,5.620666,64.801003,13.782337,70.859859,24.029280,75.481852,35.087034,79.096791,46.501635,81.704695,58.193392,83.419740,70.045006,84.036790,81.999865,83.657629,93.969433,82.277211,105.854741,80.311821,117.674409,78.013839,129.448179,75.592404,141.201931,73.393055,152.988350,71.222010,164.778928,69.243238,176.607451,67.456456,188.468702,65.825990,200.354444,63.892232,212.188421,61.768330,223.977343,58.532344,235.479780,53.133994,246.000642,44.353869,254.098488,32.507598,255.502860
Type03,R,235,32.064310,255.981916,20.191563,254.564211,10.266818,247.950869,3.709837,238.138624,0.788897,226.648554,0.432519,214.669764,0.728906,202.666862,1.268535,190.708972,1.686863,178.756775,2.624048,166.844674,4.096059,154.935351,5.384884,142.987875,5.759210,131.015616,5.094850,119.059292,3.586536,107.169254,2.028069,95.280794,0.715747,83.347561,-0.035222,71.397017,0.619750,59.429744,2.278910,47.568889,5.164619,35.934288,9.283918,24.705190,14.987147,14.178441,21.951543,4.685984,33.191667,0.307743,45.065636,1.083681,56.119284,5.623317,64.806788,13.786360,70.865606,24.034747,75.487790,35.093769,79.103101,46.509535,81.711478,58.202440,83.426991,70.055216,84.044168,82.011279,83.664661,93.982046,82.283546,105.868492,80.317290,117.689254,78.018589,129.464136,75.596695,141.219044,73.397310,153.006688,71.226300,164.798503,69.247441,176.628246,67.460507,188.490707,65.829848,200.377653,63.895869,212.212828,61.771869,224.002967,58.535669,235.506585,53.136476,246.028322,44.355007,254.126455,32.507561,255.531188
Type03,R,240,32.064537,256.006249,20.190806,254.587995,10.265792,247.973090,3.709036,238.159447,0.788299,226.668203,0.432325,214.688326,0.728777,202.684365,1.268244,190.725420,1.686305,178.772157,2.623420,166.858997,4.095713,154.948636,5.385051,143.000132,5.759802,131.026832,5.095524,119.069458,3.587060,107.178377,2.028385,95.288879,0.715856,83.354605,-0.035285,71.403019,0.619777,59.434700,2.279093,47.572806,5.165107,35.937197,9.284803,24.707122,14.988549,14.179456,21.953517,4.686082,33.194858,0.307888,45.069734,1.084744,56.123971,5.625612,64.811756,13.789834,70.870562,24.039454,75.492955,35.099552,79.108583,46.516319,81.717372,58.210213,83.433283,70.063991,84.050557,82.021092,83.670747,93.992891,82.289030,105.880320,80.322033,117.702024,78.022714,129.477866,75.600437,141.233771,73.401045,153.022476,71.230081,164.815359,69.251159,176.646155,67.464093,188.509659,65.833274,200.397643,63.899110,212.233851,61.775060,224.025045,58.538701,235.529688,53.138814,246.052197,44.356191,254.150584,32.507729,255.555635
Type03,R,245,32.064471,256.033510,20.189642,254.614619,10.264307,247.998021,3.707811,238.182811,0.787348,226.690238,0.431823,214.709143,0.728375,202.703998,1.267798,190.743871,1.685792,178.789412,2.623002,166.875066,4.095628,154.963542,5.385461,143.013884,5.760610,131.039419,5.096363,119.080870,3.587696,107.188622,2.028767,95.297962,0.715980,83.362523,-0.035340,71.409771,0.619835,59.440279,2.279307,47.577221,5.165650,35.940478,9.285737,24.709287,14.990016,14.180568,21.955608,4.686141,33.198287,0.307975,45.074181,1.085956,56.129054,5.628252,64.817123,13.793817,70.875881,24.044837,75.498455,35.106161,79.114499,46.524037,81.723804,58.219026,83.440234,70.073920,84.057696,82.032180,83.677588,94.005137,82.295227,105.893667,80.327395,117.716425,78.027391,129.493343,75.604676,141.250363,73.405247,153.040251,71.234327,164.834330,69.255310,176.666302,67.468070,188.530969,65.837019,200.420108,63.902604,212.257466,61.778418,224.049830,58.541827,235.555605,53.141094,246.078946,44.357175,254.177602,32.507581,255.583017
Type03,R,250,32.064471,256.058766,20.188619,254.639310,10.262983,248.021124,3.706724,238.204458,0.786515,226.710656,0.431428,214.728430,0.728052,202.722185,1.267389,190.760961,1.685257,178.805393,2.622513,166.889947,4.095439,154.977344,5.385725,143.026616,5.761246,131.051069,5.097046,119.091430,3.588225,107.198098,2.029096,95.306358,0.716088,83.369838,-0.035410,71.416004,0.619844,59.445422,2.279447,47.581285,5.166110,35.943493,9.286588,24.711279,14.991387,14.181596,21.957554,4.686185,33.201504,0.308080,45.078346,1.087010,56.133839,5.630555,64.822244,13.797292,70.880974,24.049596,75.503679,35.112070,79.120051,46.530992,81.729776,58.227007,83.446630,70.082943,84.064224,82.042280,83.683833,94.016311,82.300899,105.905867,80.332323,117.729609,78.031696,129.507527,75.608579,141.265581,73.409110,153.056566,71.238221,164.851752,69.259116,176.684813,67.471725,188.550562,65.840487,200.440776,63.905870,212.279205,61.781570,224.072655,58.544744,235.579476,53.143236,246.103601,44.358176,254.202580,32.507539,255.608343
Type03,R,255,32.064632,256.085104,20.187721,254.665026,10.261796,248.045172,3.705786,238.226997,0.785799,226.731921,0.431127,214.748523,0.727843,202.741135,1.267060,190.778770,1.684722,178.822048,2.621955,166.905458,4.095198,154.991732,5.386038,143.039893,5.762011,131.063222,5.097875,119.102449,3.588855,107.207991,2.029465,95.315130,0.716214,83.377485,-0.035458,71.422525,0.619920,59.450813,2.279703,47.585554,5.166682,35.946668,9.287555,24.713385,14.992886,14.182695,21.959673,4.686298,33.204908,0.308207,45.082726,1.088232,56.138824,5.633186,64.827458,13.801274,70.886157,24.054928,75.509120,35.118553,79.125898,46.538539,81.736130,58.235612,83.453478,70.092624,84.071224,82.053080,83.690515,94.028228,82.306908,105.918841,80.337500,117.743597,78.036193,129.522550,75.612657,141.281682,73.413183,153.073814,71.242353,164.870157,69.263178,176.704357,67.475634,188.571231,65.844191,200.462563,63.909340,212.302105,61.784967,224.096692,58.547985,235.604626,53.145712,246.129571,44.359343,254.228749,32.507601,255.634847
Type03,R,260,32.064460,256.111364,20.186487,254.690685,10.260332,248.069079,3.704677,238.249329,0.784971,226.752961,0.430743,214.768389,0.727570,202.759860,1.266723,190.796357,1.684230,178.838482,2.621465,166.920749,4.095023,155.005902,5.386406,143.052955,5.762840,131.075162,5.098763,119.113257,3.589529,107.217677,2.029859,95.323700,0.716332,83.384935,-0.035502,71.428853,0.620026,59.456013,2.279999,47.589637,5.167283,35.949655,9.288520,24.715296,14.994386,14.183608,21.961836,4.686273,33.208399,0.308310,45.087198,1.089437,56.143901,5.635806,64.832741,13.805263,70.891371,24.060286,75.514527,35.125086,79.131706,46.546139,81.742433,58.244267,83.460270,70.102355,84.078175,82.063929,83.697145,94.040190,82.312848,105.931855,80.342589,117.757620,78.040589,129.537603,75.616612,141.297806,73.417091,153.091076,71.246290,164.888568,69.267033,176.723903,67.479342,188.591902,65.847695,200.484349,63.912607,212.324999,61.788114,224.120715,58.550949,235.629748,53.147863,246.155481,44.360162,254.254823,32.507320,255.661234
Type03,R,265,32.064793,256.136698,20.185800,254.715434,10.259286,248.092323,3.703761,238.271183,0.784250,226.773605,0.430431,214.787902,0.727312,202.778271,1.266323,190.813670,1.683651,178.854685,2.620909,166.935850,4.094767,155.019923,5.386614,143.065903,5.763411,131.087026,5.099388,119.124027,3.590014,107.227359,2.030163,95.332299,0.716448,83.392448,-0.035576,71.435280,0.620004,59.461347,2.280099,47.593887,5.167713,35.952857,9.289374,24.717482,14.995755,14.184822,21.963738,4.686455,33.211528,0.308440,45.091270,1.090507,56.148595,5.638121,64.837793,13.808731,70.896432,24.065018,75.519784,35.130944,79.137296,46.553041,81.748456,58.252198,83.466722,70.111328,84.084753,82.073981,83.703442,94.051319,82.318590,105.944016,80.347605,117.770769,78.044994,129.551757,75.620637,141.313001,73.421120,153.107377,71.250380,164.905983,69.271047,176.742413,67.483198,188.611493,65.851363,200.505018,63.916075,212.346743,61.791516,224.143555,58.554143,235.653647,53.150330,246.180195,44.361511,254.279896,32.507622,255.686676
Type03,R,270,32.064874,256.162495,20.184839,254.740638,10.258030,248.115899,3.702749,238.293276,0.783476,226.794446,0.430083,214.807592,0.727046,202.796839,1.265954,190.831119,1.683115,178.871003,2.620385,166.951046,4.094552,155.034018,5.386903,143.078907,5.764112,131.098927,5.100144,119.134816,3.590594,107.237043,2.030512,95.340883,0.716565,83.399929,-0.035635,71.441657,0.620047,59.466615,2.280298,47.598053,5.168229,35.955952,9.290283,24.719531,14.997189,14.185885,21.965770,4.686534,33.214838,0.308556,45.095543,1.091644,56.153480,5.640588,64.842960,13.812460,70.901570,24.070063,75.525117,35.137140,79.142995,46.560292,81.754619,58.260491,83.473343,70.120680,84.091517,82.084431,83.709906,94.062865,82.324430,105.956603,80.352657,117.784355,78.049395,129.566360,75.624628,141.328660,73.425088,153.124158,71.254394,164.923897,69.274981,176.761440,67.486980,188.631624,65.854948,200.526246,63.919443,212.369062,61.794790,224.166986,58.557222,235.678157,53.152639,246.205507,44.362595,254.305470,32.507632,255.712591
Type03,R,275,32.064954,256.188292,20.183879,254.765841,10.256775,248.139475,3.701736,238.315369,0.782701,226.815288,0.429735,214.827281,0.726780,202.815408,1.265585,190.848569,1.682580,178.887321,2.619862,166.966242,4.094337,155.048113,5.387191,143.091912,5.764812,131.110829,5.100901,119.145605,3.591174,107.246727,2.030861,95.349467,0.716682,83.407410,-0.035694,71.448034,0.620089,59.471882,2.280496,47.602220,5.168744,35.959047,9.291192,24.721579,14.998624,14.186948,21.967803,4.686612,33.218148,0.308672,45.099815,1.092782,56.158365,5.643055,64.848128,13.816188,70.906708,24.075108,75.530449,35.143336,79.148695,46.567544,81.760782,58.268783,83.479965,70.130032,84.098281,82.094882,83.716369,94.074410,82.330271,105.969190,80.357710,117.797941,78.053796,129.580963,75.628618,141.344320,73.429057,153.140939,71.258407,164.941810,69.278915,176.780468,67.490761,188.651756,65.858534,200.547473,63.922811,212.391381,61.798065,224.190417,58.560301,235.702668,53.154949,246.230820,44.363679,254.331043,32.507642,255.738506
Type03,R,280,32.065035,256.214089,20.182918,254.791045,10.255519,248.163050,3.700723,238.337462,0.781926,226.836130,0.429387,214.846971,0.726514,202.833976,1.265216,190.866019,1.682044,178.903639,2.619339,166.981438,4.094121,155.062208,5.387479,143.104916,5.765512,131.122731,5.101657,119.156394,3.591754,107.256412,2.031210,95.358051,0.716799,83.414891,-0.035753,71.454411,0.620132,59.477149,2.280694,47.606386,5.169260,35.962142,9.292101,24.723628,15.000059,14.188012,21.969836,4.686691,33.221458,0.308788,45.104088,1.093919,56.163250,5.645522,64.853295,13.819917,70.911845,24.080153,75.535781,35.149532,79.154394,46.574795,81.766945,58.277076,83.486587,70.139384,84.105045,82.105332,83.722832,94.085956,82.336111,105.981777,80.362762,117.811527,78.058197,129.595567,75.632608,141.359979,73.433025,153.157721,71.262420,164.959724,69.282850,176.799496,67.494543,188.671887,65.862120,200.568701,63.926179,212.413701,61.801340,224.213848,58.563380,235.727178,53.157258,246.256132,44.364763,254.356617,32.507652,255.764420
Type04,R,230,29.927769,258.160363,17.926033,257.155348,8.602260,249.306841,3.108858,238.676912,0.272119,227.044083,0.417334,215.039324,2.066975,203.083489,3.324091,191.096624,4.208125,179.073835,4.542834,166.998280,4.477259,154.907742,4.241418,142.841698,3.790010,130.797035,2.888313,118.780186,1.923139,106.755914,0.913110,94.735166,0.205679,82.705827,0.450562,70.644467,1.383584,58.638394,3.195157,46.734962,6.023909,35.042106,10.128255,23.746625,15.958716,13.302289,24.400840,4.774018,35.330324,0.203418,47.223247,1.823472,57.736754,7.875668,66.037107,16.609982,72.160791,26.945426,76.848648,38.025386,80.443639,49.516700,83.124387,61.253381,84.901896,73.161792,85.678842,85.177666,85.177010,97.205983,83.588738,109.160877,81.239782,120.995344,78.416122,132.721641,75.443263,144.402058,72.613759,156.112028,70.143743,167.904162,68.046769,179.772019,66.137020,191.671634,64.383235,203.597347,62.706601,215.535849,60.662090,227.412141,57.473590,238.898207,50.891675,248.796920,40.920785,255.450589,29.230477,258.137920
Type04,R,235,29.928534,258.177154,17.926054,257.172075,8.601821,249.322828,3.108390,238.692039,0.271862,227.058392,0.417450,215.052860,2.067380,203.096282,3.324591,191.108664,4.208620,179.085115,4.543274,167.008794,4.477680,154.917492,4.241828,142.850690,3.790368,130.805273,2.888526,118.787678,1.923230,106.762657,0.913091,94.741157,0.205634,82.711065,0.450665,70.648946,1.383866,58.642130,3.195681,46.737970,6.024620,35.044382,10.129047,23.748130,15.959696,13.303089,24.402521,4.774397,35.332626,0.203429,47.226316,1.823339,57.740401,7.876137,66.041025,16.611249,72.164884,26.947477,76.852779,38.028239,80.447787,49.520341,83.128546,61.257792,84.906097,73.166962,85.683020,85.183591,85.181031,97.212658,83.592483,109.168286,81.243307,121.003487,78.419509,132.730525,75.446499,144.411682,72.616877,156.122399,70.146746,167.915280,68.049648,179.783883,66.139801,191.684248,64.385909,203.610709,62.709236,215.549970,60.664654,227.427020,57.476034,238.913827,50.893687,248.813139,40.922062,255.467102,29.231057,258.154885
Type04,R,240,29.929487,258.195287,17.926216,257.190074,8.601461,249.340088,3.107870,238.708459,0.271560,227.073946,0.417564,215.067579,2.067836,203.110202,3.325141,191.121772,4.209123,179.097399,4.543722,167.020252,4.478137,154.928131,4.242313,142.860515,3.790834,130.814283,2.888866,118.795882,1.923434,106.770055,0.913167,94.747749,0.205643,82.716846,0.450748,70.653910,1.384047,58.646288,3.196069,46.741338,6.025265,35.046974,10.129869,23.749919,15.960691,13.304096,24.404143,4.774875,35.334854,0.203396,47.229385,1.823109,57.744151,7.876437,66.045101,16.612381,72.169142,26.949459,76.857066,38.031089,80.452083,49.524044,83.132849,61.262327,84.910450,73.172313,85.687349,85.189756,85.185186,97.219632,83.596341,109.176050,81.246934,121.012041,78.423007,132.739882,75.449860,144.421842,72.620130,156.133367,70.149909,167.927061,68.052684,179.796467,66.142716,191.697637,64.388704,203.624905,62.712007,215.564988,60.667384,227.442861,57.478678,238.930478,50.895932,248.830477,40.923608,255.484868,29.231866,258.173194
Type04,R,245,29.930334,258.210674,17.926388,257.205393,8.601204,249.354753,3.107485,238.722405,0.271318,227.087171,0.417660,215.080100,2.068226,203.122047,3.325616,191.132931,4.209550,179.107861,4.544081,167.030013,4.478485,154.937197,4.242683,142.868890,3.791196,130.821970,2.889128,118.802885,1.923587,106.776376,0.913210,94.753386,0.205641,82.721797,0.450827,70.658170,1.384237,58.649868,3.196467,46.744253,6.025888,35.049234,10.130632,23.751497,15.961591,13.305008,24.405572,4.775331,35.336757,0.203369,47.232001,1.822909,57.747340,7.876685,66.048562,16.613338,72.172749,26.951141,76.860693,38.033508,80.455717,49.527186,83.136497,61.266170,84.914151,73.176845,85.691040,85.194976,85.188734,97.225536,83.599629,109.182623,81.250014,121.019282,78.425975,132.747800,75.452717,144.430441,72.622902,156.142652,70.152606,167.937033,68.055271,179.807119,66.145193,191.708970,64.391063,203.636917,62.714336,215.577694,60.669685,227.456265,57.480967,238.944582,50.897885,248.845162,40.924941,255.499891,29.232590,258.188717
Type04,R,250,29.930849,258.227515,17.926171,257.222066,8.600551,249.370662,3.106843,238.737433,0.270995,227.101353,0.417785,215.093502,2.068650,203.134704,3.326112,191.144832,4.210043,179.119000,4.544550,167.040388,4.478971,154.946810,4.243157,142.877747,3.791600,130.830071,2.889385,118.810239,1.923717,106.782981,0.913243,94.759239,0.205631,82.726895,0.450909,70.662510,1.384422,58.653458,3.196831,46.747107,6.026457,35.051359,10.131323,23.752862,15.962471,13.305666,24.407129,4.775566,35.339021,0.203355,47.235025,1.822865,57.750943,7.877253,66.052422,16.614716,72.176802,26.953295,76.864782,38.036464,80.459825,49.530931,83.140588,61.270690,84.918249,73.182131,85.695088,85.201019,85.192608,97.232331,83.603245,109.190155,81.253442,121.027552,78.429283,132.756816,75.455873,144.440198,72.625933,156.153156,70.155518,167.948285,68.058051,179.819115,66.147863,191.721715,64.393638,203.650414,62.716893,215.591955,60.672170,227.471283,57.483216,238.960312,50.899659,248.861472,40.925998,255.516516,29.232932,258.205746
Type04,R,255,29.932119,258.244229,17.926693,257.238737,8.600490,249.386809,3.106506,238.752872,0.270800,227.116004,0.417889,215.107380,2.069016,203.147836,3.326574,191.157209,4.210481,179.130612,4.544948,167.051231,4.479380,154.956892,4.243612,142.887068,3.792043,130.838635,2.889697,118.818053,1.923898,106.790044,0.913287,94.765552,0.205615,82.732453,0.450996,70.667308,1.384638,58.657508,3.197268,46.750424,6.027116,35.053947,10.132098,23.754689,15.963411,13.306766,24.408663,4.776170,35.341054,0.203371,47.237853,1.822501,57.754410,7.877368,66.056242,16.615557,72.180782,26.954931,76.868799,38.038906,80.463845,49.534168,83.144642,61.274698,84.922378,73.186894,85.699214,85.206541,85.196599,97.238605,83.606963,109.197165,81.256924,121.035296,78.432628,132.765303,75.459091,144.449433,72.629062,156.163146,70.158585,167.959036,68.061032,179.830620,66.150781,191.733978,64.396465,203.663431,62.719678,215.605734,60.674901,227.485826,57.485899,238.975625,50.902071,248.877473,40.927818,255.532953,29.234054,258.222644
Type04,R,260,29.932831,258.260984,17.926672,257.255367,8.600033,249.402658,3.106004,238.767875,0.270506,227.130198,0.418000,215.120801,2.069479,203.160520,3.327147,191.169145,4.211047,179.141789,4.545486,167.061647,4.479960,154.966551,4.244225,142.895973,3.792615,130.846788,2.890107,118.825463,1.924127,106.796714,0.913356,94.771480,0.205610,82.737633,0.451086,70.671733,1.384871,58.661190,3.197703,46.753376,6.027708,35.056164,10.132764,23.756135,15.964234,13.307495,24.410172,4.776487,35.343201,0.203331,47.240776,1.822302,57.757948,7.877683,66.060028,16.616695,72.184726,26.956862,76.872787,38.041634,80.467864,49.537677,83.148666,61.278975,84.926445,73.191927,85.703252,85.212327,85.200462,97.245137,83.610536,109.204428,81.260312,121.043294,78.435919,132.774047,75.462230,144.458915,72.632068,156.173370,70.161470,167.970004,68.063780,179.842329,66.153425,191.746433,64.399009,203.676634,62.722206,215.619697,60.677378,227.500548,57.488269,238.991090,50.904012,248.893542,40.929063,255.549385,29.234615,258.239590
Type04,R,265,29.933593,258.277761,17.926704,257.272002,8.599596,249.418577,3.105494,238.782970,0.270211,227.144481,0.418131,215.134313,2.069894,203.173289,3.327626,191.181160,4.211489,179.153043,4.545889,167.072138,4.480376,154.976283,4.244658,142.904951,3.793020,130.855013,2.890377,118.832943,1.924273,106.803448,0.913391,94.777465,0.205597,82.742867,0.451192,70.676213,1.385157,58.664932,3.198271,46.756400,6.028544,35.058475,10.133752,23.757698,15.965395,13.308341,24.411930,4.776844,35.345584,0.203312,47.243931,1.822132,57.761700,7.878067,66.064071,16.617856,72.188941,26.958807,76.877006,38.044391,80.472062,49.541232,83.152828,61.283308,84.930628,73.197021,85.707409,85.218173,85.204485,97.251734,83.614328,109.211761,81.263889,121.051359,78.439341,132.782848,75.465493,144.468452,72.635205,156.183651,70.164477,167.981027,68.066637,179.854090,66.156141,191.758935,64.401588,203.689878,62.724747,215.633699,60.679899,227.515317,57.490748,239.006614,50.906057,248.909670,40.930360,255.565810,29.235225,258.256480
Type04,R,270,29.934711,258.294545,17.927078,257.288729,8.599458,249.434663,3.105128,238.798321,0.269967,227.159050,0.418212,215.148109,2.070280,203.186343,3.328123,191.193463,4.212010,179.164587,4.546398,167.082917,4.480916,154.986302,4.245223,142.914214,3.793524,130.863521,2.890742,118.840702,1.924495,106.810459,0.913476,94.783729,0.205609,82.748378,0.451243,70.680964,1.385250,58.668928,3.198520,46.759656,6.029033,35.061010,10.134423,23.759496,15.966260,13.309427,24.413369,4.777422,35.347515,0.203319,47.246639,1.821928,57.765012,7.878423,66.067701,16.618971,72.192797,26.960678,76.880924,38.047053,80.476051,49.544668,83.156878,61.287505,84.934786,73.201967,85.711589,85.223872,85.208529,97.258185,83.618098,109.218946,81.267442,121.059278,78.442783,132.791514,75.468821,144.477868,72.638462,156.193824,70.167676,167.991961,68.069719,179.865771,66.159113,191.771365,64.404449,203.703058,62.727559,215.647638,60.682674,227.530021,57.493419,239.022067,50.908358,248.925761,40.932020,255.582303,29.236192,258.273429
Type04,R,275,29.935168,258.311313,17.926809,257.305319,8.598750,249.450494,3.104470,238.813256,0.269659,227.173142,0.418345,215.161426,2.070694,203.198920,3.328597,191.205288,4.212430,179.175650,4.546764,167.093218,4.481292,154.995847,4.245629,142.923005,3.793918,130.871562,2.891000,118.848000,1.924613,106.817015,0.913466,94.789540,0.205578,82.753439,0.451369,70.685273,1.385564,58.672500,3.199075,46.762504,6.029788,35.063132,10.135261,23.760850,15.967268,13.310071,24.415044,4.777645,35.349879,0.203272,47.249775,1.821765,57.768733,7.878835,66.071638,16.620221,72.196837,26.962752,76.884954,38.049945,80.480037,49.548362,83.160842,61.291973,84.938751,73.207196,85.715501,85.229856,85.212258,97.264912,83.621528,109.226401,81.270697,121.067469,78.445982,132.800453,75.471893,144.487548,72.641406,156.204245,70.170499,168.003124,68.072407,179.877673,66.161696,191.784012,64.406927,203.716449,62.730036,215.661791,60.685088,227.544928,57.495654,239.037693,50.910116,248.941958,40.933040,255.598791,29.236520,258.290403
Type04,R,280,29.936213,258.328051,17.927111,257.322045,8.598548,249.466576,3.104065,238.828589,0.269402,227.187687,0.418480,215.175202,2.071162,203.211958,3.329152,191.217575,4.212951,179.187177,4.547252,167.103983,4.481820,155.005855,4.246197,142.932261,3.794443,130.880065,2.891373,118.855761,1.924848,106.824031,0.913575,94.795810,0.205608,82.758960,0.451429,70.690038,1.385693,58.676517,3.199422,46.765795,6.030390,35.065708,10.135922,23.762649,15.967974,13.311101,24.416328,4.778172,35.351692,0.203254,47.252365,1.821543,57.771981,7.879034,66.075232,16.621150,72.200609,26.964458,76.888784,38.052443,80.483907,49.551640,83.164709,61.296020,84.942644,73.212001,85.719355,85.235415,85.215960,97.271221,83.624995,109.233446,81.273941,121.075244,78.449054,132.808964,75.474832,144.496800,72.644253,156.214247,70.173278,168.013880,68.075106,179.889179,66.164324,191.796270,64.409453,203.729455,62.732515,215.675553,60.687509,227.559448,57.498060,239.052987,50.912275,248.957945,40.934596,255.615218,29.237394,258.307309
Type05,R,230,31.599878,267.425200,19.080572,266.571102,8.893785,259.194349,2.968629,248.418659,-0.188674,236.343407,-0.335605,223.839912,1.221427,211.296607,2.950828,198.793830,4.149239,186.280486,4.741544,173.735680,5.024753,161.190514,4.894540,148.639012,3.964766,136.077669,2.787999,123.538905,1.904660,111.007955,1.123227,98.469709,0.530868,85.919885,0.426420,73.360948,1.237848,60.828877,3.092215,48.420159,6.425586,36.315969,11.076024,24.684293,17.368657,13.842337,25.421013,4.562867,37.048349,0.160714,49.425509,1.921152,60.890217,7.084176,69.421607,16.242258,75.396557,27.228776,79.984949,38.934766,83.999859,50.847276,87.270247,62.976808,89.629576,75.312930,90.650998,87.811057,89.992795,100.334265,87.941391,112.709759,85.244355,124.987081,82.409014,137.228077,79.286011,149.401743,76.193314,161.586921,73.642520,173.888429,71.977991,186.357508,70.711566,198.882174,69.435499,211.400581,67.416161,223.794187,64.291797,235.975516,60.215419,247.810698,53.782309,258.422923,43.898599,265.978182,31.500931,267.262936
Type05,R,235,31.601882,267.434807,19.082122,266.580740,8.894821,259.204129,2.969134,248.428591,-0.188662,236.353429,-0.335797,223.849947,1.221245,211.306629,2.950753,198.803843,4.149299,186.290494,4.741706,173.745686,5.025086,161.200529,4.894972,148.649029,3.964980,136.087668,2.787907,123.548893,1.904459,111.017932,1.122977,98.479672,0.530532,85.929839,0.426024,73.370893,1.237438,60.838812,3.091876,48.430093,6.425392,36.325910,11.075966,24.694230,17.368663,13.852184,25.421011,4.572534,37.048648,0.170235,49.426275,1.930390,60.891510,7.093237,69.423272,16.251314,75.398492,27.237844,79.987075,38.943852,84.002245,50.856352,87.272844,62.985881,89.632343,75.322008,90.653867,87.820144,89.995733,100.343365,87.944392,112.718880,85.247393,124.996229,82.412037,137.237244,79.288905,149.410904,76.195996,161.596056,73.645037,173.897547,71.980476,186.366633,70.714083,198.891316,69.438087,211.409746,67.418809,223.803376,64.294487,235.984740,60.218178,247.819974,53.784948,258.432246,43.901036,265.987618,31.502966,267.272583
Type05,R,240,31.596416,267.389198,19.078887,266.534762,8.893652,259.158155,2.970597,248.382090,-0.185438,236.306657,-0.333155,223.803300,1.221832,211.260103,2.949807,198.757389,4.148022,186.244103,4.740561,173.699366,5.023590,161.154251,4.893220,148.602816,3.964215,136.041591,2.788137,123.502927,1.905167,110.972031,1.124294,98.433830,0.532196,85.884077,0.427493,73.325217,1.238219,60.793169,3.091530,48.384377,6.423547,36.280011,11.073560,24.648450,17.366116,13.806916,25.418054,4.527743,37.043648,0.124780,49.418972,1.886514,60.881899,7.049594,69.412043,16.207401,75.386804,27.193358,79.975302,38.898848,83.989856,50.811121,87.259230,62.940645,89.617625,75.276765,90.638832,87.774822,89.981404,100.298021,87.931144,112.673597,85.234527,124.950880,82.399334,137.191795,79.277172,149.365533,76.185572,161.550828,73.635150,173.852303,71.969749,186.321128,70.702125,198.845512,69.424998,211.363673,67.405801,223.757224,64.282713,235.938687,60.207453,247.774083,53.776010,258.386681,43.894254,265.942630,31.498014,267.227422
Type05,R,245,31.597040,267.415688,19.078114,266.562117,8.891556,259.185036,2.965849,248.408564,-0.191594,236.332295,-0.336712,223.827463,1.222466,211.282913,2.951904,198.778902,4.149074,186.264304,4.740304,173.718231,5.022879,161.171793,4.891922,148.618979,3.962575,136.056402,2.787411,123.516411,1.904514,110.984280,1.123088,98.444841,0.531629,85.893725,0.428600,73.333572,1.241475,60.800348,3.096143,48.390414,6.429187,36.284943,11.079550,24.652102,17.371907,13.808912,25.422863,4.527560,37.049674,0.124464,49.426398,1.886388,60.891116,7.049290,69.422126,16.208351,75.395797,27.196429,79.983856,38.903620,83.998459,50.817283,87.268884,62.947927,89.628326,75.285177,90.649967,87.784513,89.991916,100.308956,87.940444,112.685687,85.244108,124.964409,82.409849,137.206890,79.287413,149.381909,76.194993,161.568369,73.644396,173.871139,71.980243,186.341534,70.713846,198.867463,69.437309,211.387054,67.416226,223.781584,64.289051,235.963542,60.210799,247.799349,53.777398,258.412491,43.894050,265.968473,31.496889,267.253116
Type05,R,250,31.607893,267.463627,19.086776,266.609620,8.898043,259.231564,2.970929,248.453607,-0.188152,236.375434,-0.335698,223.868544,1.221579,211.321705,2.951610,198.815413,4.150766,186.298578,4.743685,173.750293,5.027779,161.201695,4.898168,148.646740,3.967723,136.081877,2.789934,123.539628,1.906362,111.005191,1.124936,98.463442,0.532435,85.910133,0.427951,73.347692,1.239528,60.812113,3.094381,48.399938,6.428531,36.292382,11.079706,24.657405,17.372776,13.812000,25.425257,4.529116,37.053881,0.124977,49.432888,1.884569,60.899634,7.048122,69.432372,16.208570,75.408228,27.198074,79.997203,38.907291,84.012960,50.822981,87.284000,62.955796,89.643811,75.295301,90.665440,87.796895,90.007308,100.323621,87.955954,112.702648,85.258867,124.983508,82.423263,137.228004,79.299546,149.405053,76.205799,161.593538,73.654143,173.898413,71.989282,186.370989,70.722781,198.899197,69.446793,211.421170,67.427497,223.818328,64.303097,236.003204,60.226801,247.841925,53.793033,258.457372,43.908380,266.015327,31.509072,267.301481
Type05,R,255,31.601914,267.467808,19.080613,266.612881,8.892962,259.232700,2.967038,248.453703,-0.189605,236.374613,-0.336416,223.867249,1.221500,211.320078,2.953281,198.813509,4.154370,186.296417,4.748886,173.747879,5.033739,161.198996,4.904498,148.643746,3.972769,136.078509,2.793079,123.535960,1.908710,111.001255,1.126620,98.459266,0.533058,85.905758,0.427808,73.343003,1.239300,60.807118,3.095630,48.394896,6.431941,36.287526,11.082805,24.652065,17.376221,13.806697,25.432189,4.526288,37.062885,0.125995,49.442250,1.882981,60.907916,7.048887,69.440577,16.209701,75.416298,27.199633,80.003597,38.909879,84.018094,50.826376,87.288987,62.959581,89.648634,75.299426,90.669235,87.801348,90.008568,100.328202,87.954505,112.707107,85.255031,124.987744,82.417273,137.232005,79.291898,149.408951,76.197104,161.597510,73.645702,173.902761,71.982187,186.375891,70.717532,198.904683,69.443546,211.427246,67.425726,223.824954,64.302352,236.010347,60.225216,247.849176,53.790161,258.464292,43.903630,266.020980,31.503773,267.305100
Type05,R,260,31.611901,267.482841,19.089878,266.628887,8.900145,259.250632,2.972011,248.472241,-0.188005,236.393402,-0.335909,223.885651,1.221441,211.337891,2.951738,198.830685,4.151217,186.312947,4.744394,173.763763,5.028880,161.214291,4.899521,148.658448,3.968692,136.092662,2.790343,123.549505,1.906605,111.014160,1.125133,98.471496,0.532512,85.917281,0.427961,73.353928,1.239563,60.817437,3.094610,48.404371,6.429101,36.295955,11.080599,24.660125,17.373842,13.813745,25.426347,4.529807,37.055595,0.125015,49.435530,1.884116,60.903313,7.047633,69.436758,16.208684,75.413109,27.198970,80.002421,38.909034,84.018647,50.825532,87.290060,62.959190,89.650161,75.299571,90.671942,87.802067,90.013895,100.329710,87.962615,112.709667,85.265551,124.991464,82.429864,137.236879,79.305839,149.414793,76.211616,161.604105,73.659577,173.909829,71.994600,186.383312,70.728110,198.912450,69.452211,211.435362,67.432985,223.833459,64.308616,236.019282,60.232408,247.858963,53.798354,258.475286,43.913261,266.034045,31.513142,267.320764
Type05,R,265,31.621915,267.520808,19.098013,266.667900,8.905941,259.290066,2.975961,248.511533,-0.187122,236.432453,-0.336584,223.924038,1.220389,211.375390,2.951166,198.867299,4.149960,186.348661,4.741483,173.798544,5.025365,161.248173,4.897215,148.691592,3.967735,136.125047,2.789710,123.580962,1.906465,111.044652,1.125183,98.501058,0.532333,85.945962,0.426918,73.381725,1.237252,60.844307,3.091642,48.430250,6.426179,36.320937,11.078757,24.684461,17.371952,13.836752,25.423474,4.550615,37.052968,0.143413,49.434655,1.902320,60.904752,7.065100,69.439458,16.226967,75.417293,27.217771,80.008143,38.928294,84.025872,50.845330,87.298353,62.979693,89.659508,75.320834,90.681999,87.824159,90.024790,100.352748,87.974125,112.733692,85.277551,125.016533,82.442294,137.262989,79.318097,149.441804,76.223403,161.631943,73.670524,173.938409,72.004846,186.412662,70.738126,198.942668,69.462250,211.466485,67.443825,223.865609,64.320620,236.052604,60.246737,247.893679,53.811386,258.510459,43.924225,266.069140,31.523161,267.358552
Type05,R,270,31.615909,267.502055,19.092979,266.648154,8.902247,259.269701,2.973093,248.490874,-0.187859,236.411370,-0.336119,223.902758,1.221303,211.354078,2.951866,198.845957,4.151668,186.327316,4.745102,173.777234,5.029981,161.226886,4.900874,148.670157,3.969661,136.103448,2.790752,123.559383,1.906848,111.023128,1.125330,98.479549,0.532589,85.924430,0.427971,73.360164,1.239598,60.822761,3.094838,48.408805,6.429671,36.299528,11.081491,24.662844,17.374908,13.815491,25.427437,4.530498,37.057309,0.125053,49.438172,1.883662,60.906991,7.047143,69.441144,16.208798,75.417990,27.199865,80.007639,38.910777,84.024334,50.828084,87.296120,62.962584,89.656510,75.303841,90.678443,87.807238,90.020481,100.335799,87.969276,112.716686,85.272234,124.999421,82.436466,137.245755,79.312131,149.424534,76.217432,161.614672,73.665011,173.921246,71.999918,186.395636,70.733438,198.925702,69.457629,211.449554,67.438473,223.848590,64.314135,236.035359,60.238016,247.876001,53.803675,258.493199,43.918143,266.052763,31.517211,267.340046
Type05,R,275,31.632468,267.573944,19.106212,266.719918,8.911391,259.342622,2.977708,248.564554,-0.187078,236.484997,-0.336813,223.975614,1.220508,211.425972,2.951179,198.916888,4.152325,186.397345,4.747578,173.846408,5.034519,161.295308,4.905635,148.737657,3.971791,136.169871,2.790174,123.624885,1.905172,111.087715,1.123400,98.543154,0.530363,85.987072,0.425972,73.421855,1.238298,60.883527,3.094169,48.468687,6.429694,36.358475,11.082394,24.720894,17.376488,13.872138,25.428422,4.584667,37.060467,0.177198,49.444801,1.934072,60.917855,7.095892,69.454970,16.257838,75.433698,27.249774,80.024910,38.961554,84.043697,50.879519,87.316868,63.014857,89.678217,75.357047,90.701005,87.861396,90.044116,100.390969,87.994192,112.773023,85.298006,125.056952,82.462437,137.304390,79.337422,149.484066,76.241166,161.674885,73.687396,173.982177,72.021736,186.457456,70.754849,198.988435,69.478862,211.513240,67.459280,223.913214,64.334393,236.100942,60.257858,247.942704,53.823704,258.561639,43.938234,266.124023,31.533964,267.412741
Type05,R,280,31.619917,267.521269,19.096081,266.667421,8.904349,259.288770,2.974175,248.509508,-0.187712,236.429338,-0.336330,223.919865,1.221166,211.370264,2.951993,198.861228,4.152118,186.341685,4.745811,173.790705,5.031083,161.239482,4.902228,148.681865,3.970630,136.114233,2.791161,123.569260,1.907091,111.032097,1.125528,98.487603,0.532666,85.931578,0.427981,73.366400,1.239633,60.828085,3.095067,48.413238,6.430242,36.303101,11.082383,24.665564,17.375974,13.817236,25.428528,4.531189,37.059023,0.125091,49.440813,1.883208,60.910670,7.046653,69.445530,16.208912,75.422871,27.200760,80.012856,38.912520,84.030021,50.830636,87.302180,62.965979,89.662859,75.308112,90.684945,87.812409,90.027068,100.341888,87.975937,112.723706,85.278918,125.007377,82.443067,137.254631,79.318424,149.434274,76.223248,161.625239,73.670446,173.932662,72.005236,186.407960,70.738767,198.938955,69.463047,211.463746,67.443962,223.863721,64.319654,236.051436,60.243623,247.893039,53.808997,258.511113,43.923025,266.071480,31.521281,267.359329
