CTRL_Count,Model,RMSE,MAE,Hausdorff_max,Chamfer_mean,Length_Error,Width_Error,Size_Error,Area_Error,IoU,Dice,EMD
20,PCA_KRR,15.81426,14.69844,4.74527,1.20542,9.49662,1.68019,1.25482,519.462,0.9534,0.97611,0
21,PCA_KRR,15.00518,13.95323,4.26325,1.10486,8.80039,1.58663,0.56213,476.79819,0.9573,0.97816,0
22,PCA_KRR,14.29645,13.27554,3.96807,1.0434,8.19997,1.34205,1.15909,453.6158,0.95913,0.9791,0
23,PCA_KRR,13.66722,12.67062,3.61375,0.9994,7.79081,1.33644,0.51931,423.8527,0.95908,0.97909,0
24,PCA_KRR,13.12343,12.15381,3.38332,0.94835,7.11923,1.21012,1.09876,403.15436,0.95921,0.97914,0
25,PCA_KRR,12.6287,11.67971,3.14986,0.89216,6.82564,1.14898,0.49631,378.92879,0.96031,0.97971,0
26,PCA_KRR,12.1794,11.24946,2.97966,0.87454,6.18351,1.07206,1.05685,360.7201,0.96035,0.97973,0
27,PCA_KRR,11.76644,10.85655,2.82241,0.83251,5.95053,1.01132,0.48009,342.07085,0.9609,0.98001,0
28,PCA_KRR,11.39331,10.50638,2.6881,0.81781,5.38506,0.97875,0.99657,327.04854,0.9609,0.98001,0
29,PCA_KRR,11.0312,10.15827,2.50614,0.77553,5.18518,0.89223,0.46693,312.42049,0.96246,0.98082,0
30,PCA_KRR,10.70805,9.85607,2.44148,0.7671,4.70326,0.88453,0.90599,301.2588,0.96252,0.98085,0
31,PCA_KRR,10.39412,9.56176,2.3322,0.74555,4.53653,0.83747,0.46272,289.34669,0.96311,0.98115,0
32,PCA_KRR,10.09738,9.28023,2.19602,0.7181,4.133,0.79416,0.82545,280.17215,0.96415,0.9817,0
33,PCA_KRR,9.81856,9.01999,2.15443,0.71377,3.99199,0.78183,0.45408,270.48613,0.96458,0.98192,0
34,PCA_KRR,9.55489,8.77392,2.09858,0.69719,3.66602,0.74175,0.75959,262.83409,0.96507,0.98218,0
35,PCA_KRR,9.29948,8.53348,2.00671,0.68168,3.54431,0.72501,0.44421,255.62321,0.96608,0.9827,0
36,PCA_KRR,9.06326,8.31322,1.99138,0.67635,3.29616,0.70004,0.71044,249.57921,0.96629,0.9828,0
37,PCA_KRR,8.83221,8.09836,1.95816,0.66741,3.17822,0.67842,0.44405,243.96101,0.967,0.98317,0
38,PCA_KRR,8.61405,7.89283,1.9102,0.65444,3.00644,0.66558,0.66934,238.73204,0.96781,0.98359,0
39,PCA_KRR,8.4077,7.7032,1.90505,0.65189,2.86655,0.64942,0.44185,234.04168,0.96813,0.98375,0
40,PCA_KRR,8.21031,7.51891,1.89171,0.64884,2.78142,0.6373,0.63865,229.4613,0.96822,0.9838,0
41,PCA_KRR,8.02497,7.34649,1.85293,0.63664,2.62232,0.62888,0.43725,225.51331,0.96928,0.98435,0
42,PCA_KRR,7.93788,7.23066,1.89184,0.63766,2.85366,0.61809,0.62344,253.81975,0.96784,0.98356,0
43,PCA_KRR,7.77153,7.07878,1.89106,0.636,2.69513,0.61174,0.4404,249.19917,0.96802,0.98366,0
44,PCA_KRR,7.61098,6.93154,1.86525,0.62602,2.71978,0.60453,0.62082,245.34445,0.96883,0.98408,0
45,PCA_KRR,7.46393,6.79956,1.84983,0.62559,2.57232,0.59029,0.44901,241.22353,0.96883,0.98408,0
46,PCA_KRR,7.32425,6.67208,1.87196,0.62848,2.61844,0.59068,0.62852,238.277,0.96891,0.98412,0
47,PCA_KRR,7.18947,6.54893,1.83405,0.61696,2.48519,0.5821,0.45266,235.14185,0.96938,0.98437,0
48,PCA_KRR,7.06145,6.43273,1.82716,0.61872,2.53784,0.57276,0.63355,233.36166,0.96977,0.98457,0
49,PCA_KRR,6.94091,6.32246,1.84037,0.62389,2.41414,0.57448,0.45047,230.57472,0.96933,0.98434,0
50,PCA_KRR,6.81855,6.20947,1.81982,0.61138,2.47017,0.5648,0.64413,229.24122,0.97014,0.98476,0
20,PCA_LINEAR,15.62842,14.57072,7.7732,2.19395,15.71891,1.83257,4.47448,815.07809,0.9203,0.95829,0
21,PCA_LINEAR,14.79644,13.78025,7.58913,2.13531,15.60851,1.81931,3.65984,783.50483,0.92259,0.95957,0
22,PCA_LINEAR,14.17164,13.17757,7.04973,2.04748,14.80701,1.58028,4.12617,776.17586,0.92471,0.96072,0
23,PCA_LINEAR,14.32866,13.40218,8.35723,2.39123,17.69188,1.7076,4.92839,841.32405,0.91305,0.95433,0
24,PCA_LINEAR,13.11676,12.16052,6.81168,2.03254,13.86539,1.52141,3.89174,740.17746,0.92168,0.95907,0
25,PCA_LINEAR,13.35058,12.44869,7.84741,2.24538,16.83936,1.62458,4.79375,813.12436,0.91387,0.95478,0
26,PCA_LINEAR,12.9553,12.06169,7.79148,2.28252,16.29347,1.59997,5.18241,798.4365,0.91174,0.95359,0
27,PCA_LINEAR,12.57682,11.70004,7.89149,2.30185,16.16002,1.59616,4.69191,784.75614,0.90971,0.95249,0
28,PCA_LINEAR,12.2055,11.33589,7.5766,2.22088,15.85187,1.56922,5.08615,772.70852,0.91209,0.9538,0
29,PCA_LINEAR,11.88766,11.02456,7.69553,2.23448,15.83847,1.54747,4.64082,761.18606,0.91113,0.95325,0
30,PCA_LINEAR,11.59077,10.74529,7.73219,2.2993,15.56598,1.54447,5.00904,751.92668,0.90852,0.95183,0
31,PCA_LINEAR,11.28881,10.45217,7.63765,2.23564,15.57001,1.53379,4.6191,741.44198,0.91083,0.95308,0
32,PCA_LINEAR,11.00151,10.1717,7.50719,2.20071,15.41296,1.5195,4.9213,734.00344,0.91227,0.95386,0
33,PCA_LINEAR,10.78628,9.97035,7.79247,2.32664,15.38566,1.52264,4.59169,724.89001,0.90771,0.95137,0
34,PCA_LINEAR,10.51115,9.70292,7.53619,2.23115,15.3008,1.51844,4.83837,718.31721,0.9112,0.95327,0
35,PCA_LINEAR,10.48183,9.68548,6.92012,2.12909,12.64776,1.44537,3.66218,652.76342,0.91491,0.95528,0
36,PCA_LINEAR,10.09205,9.29803,7.65282,2.29322,15.21018,1.51499,4.76777,704.64618,0.90987,0.95254,0
37,PCA_LINEAR,10.02367,9.25545,6.90437,2.09732,12.05736,1.4457,3.62047,645.69425,0.91664,0.95626,0
38,PCA_LINEAR,9.80946,9.04915,6.91613,2.07181,12.0358,1.44392,3.86472,640.94016,0.9181,0.95705,0
39,PCA_LINEAR,9.64177,8.89021,6.969,2.1335,12.05888,1.45393,3.58951,635.02528,0.91572,0.95576,0
40,PCA_LINEAR,9.44753,8.70556,6.95237,2.09761,12.09416,1.4601,3.80354,629.72998,0.91776,0.95688,0
41,PCA_LINEAR,9.25844,8.53352,6.83039,2.0796,12.06621,1.45657,3.57045,655.12538,0.9176,0.95678,0
42,PCA_LINEAR,9.12213,8.40219,6.94023,2.10923,12.2164,1.46569,3.73738,656.22554,0.91666,0.95628,0
43,PCA_LINEAR,8.97945,8.26839,6.88691,2.10565,12.20092,1.47425,3.58509,650.888,0.9171,0.95652,0
44,PCA_LINEAR,8.83912,8.13538,6.84336,2.08087,12.2347,1.47153,3.69846,644.87341,0.91844,0.95724,0
45,PCA_LINEAR,8.72978,8.03436,6.86247,2.10367,12.26242,1.47975,3.60638,640.12293,0.91785,0.95692,0
46,PCA_LINEAR,8.6183,7.93039,6.92341,2.11055,12.28248,1.48897,3.67847,634.97793,0.91785,0.95693,0
47,PCA_LINEAR,8.49605,7.81484,6.81839,2.09103,12.31209,1.48413,3.63003,630.68571,0.91886,0.95746,0
48,PCA_LINEAR,8.3949,7.71992,6.88248,2.10346,12.30308,1.49424,3.67186,626.06987,0.91865,0.95735,0
49,PCA_LINEAR,8.29817,7.62963,6.89987,2.11837,12.36809,1.50315,3.65251,621.74687,0.9184,0.95722,0
50,PCA_LINEAR,8.18191,7.5188,6.84791,2.09554,12.33374,1.49728,3.67768,617.51572,0.91939,0.95774,0
20,PCA_SVR,15.93966,14.86264,4.89276,1.23352,8.99334,1.57517,2.25999,483.33981,0.95225,0.9755,0
21,PCA_SVR,15.03552,13.99574,4.35135,1.10087,8.40235,1.49109,1.15081,465.04858,0.95728,0.97814,0
22,PCA_SVR,14.42177,13.43738,4.1735,1.07015,7.81123,1.25428,2.11682,419.40872,0.95773,0.97837,0
23,PCA_SVR,13.67401,12.69086,3.74216,0.99872,7.66112,1.23459,1.16134,415.13447,0.95904,0.97905,0
24,PCA_SVR,13.25103,12.32399,3.63375,0.97566,6.84534,1.10625,2.04038,366.66047,0.9585,0.97876,0
25,PCA_SVR,12.65275,11.72116,3.33229,0.90763,6.72365,1.08525,1.13527,372.33748,0.96057,0.97983,0
26,PCA_SVR,12.32715,11.44303,3.26349,0.90697,5.99243,0.97368,2.00065,322.02719,0.95988,0.97947,0
27,PCA_SVR,11.77046,10.87948,3.02365,0.84636,6.14315,0.94728,1.13549,335.18434,0.96217,0.98065,0
28,PCA_SVR,11.47427,10.61995,2.9855,0.86061,5.77645,0.94065,1.83262,302.18657,0.96039,0.97973,0
29,PCA_SVR,11.01057,10.15681,2.77058,0.79098,5.65804,0.82822,1.13518,306.29944,0.9635,0.98135,0
30,PCA_SVR,10.755,9.93261,2.72745,0.79338,5.2908,0.803,1.6993,279.6062,0.96259,0.98088,0
31,PCA_SVR,10.41241,9.60342,2.64224,0.76907,5.16616,0.80025,1.14874,282.182,0.96377,0.98148,0
32,PCA_SVR,10.12685,9.3376,2.56378,0.75615,5.05351,0.74068,1.59629,261.86889,0.96368,0.98145,0
33,PCA_SVR,9.80882,9.03404,2.47554,0.72919,4.92168,0.71408,1.13442,263.00106,0.96526,0.98226,0
34,PCA_SVR,9.57253,8.81352,2.47871,0.74061,5.04097,0.70638,1.46559,255.79689,0.96482,0.98203,0
35,PCA_SVR,9.29346,8.54901,2.40143,0.70392,4.74381,0.64919,1.13222,247.16758,0.96609,0.98269,0
36,PCA_SVR,9.07439,8.34694,2.42311,0.70551,4.89575,0.63915,1.39292,241.40335,0.96628,0.9828,0
37,PCA_SVR,8.83126,8.11869,2.38453,0.69925,4.71789,0.61166,1.1672,240.17187,0.96711,0.98322,0
38,PCA_SVR,8.63806,7.93811,2.40774,0.69744,4.82519,0.60445,1.35084,232.26414,0.96692,0.98313,0
39,PCA_SVR,8.39767,7.71463,2.39305,0.6865,4.729,0.5839,1.1856,236.07739,0.96791,0.98363,0
40,PCA_SVR,8.23793,7.56452,2.39349,0.6922,4.81856,0.59484,1.29719,229.00444,0.96761,0.98348,0
41,PCA_SVR,8.02086,7.36224,2.37044,0.68157,4.68457,0.54998,1.19233,229.90911,0.96846,0.98392,0
42,PCA_SVR,7.9601,7.22493,2.4613,0.67243,10.44934,0.56062,1.32529,266.72596,0.96692,0.98306,0
43,PCA_SVR,7.78091,7.05505,2.45613,0.67772,10.38213,0.54967,1.18116,276.31308,0.96743,0.98333,0
44,PCA_SVR,7.65417,6.9407,2.42447,0.66727,10.39601,0.52737,1.33125,259.82852,0.96767,0.98345,0
45,PCA_SVR,7.49567,6.87513,2.41324,0.66197,4.80114,0.53048,1.19431,266.99366,0.96854,0.98391,0
46,PCA_SVR,7.37827,6.7707,2.39757,0.66137,4.9008,0.52268,1.33056,255.38856,0.96801,0.98363,0
47,PCA_SVR,7.22108,6.62451,2.39218,0.65583,4.73878,0.5125,1.20025,260.89333,0.96852,0.9839,0
48,PCA_SVR,7.11852,6.53692,2.36672,0.64909,4.81418,0.51122,1.33691,249.77826,0.96908,0.98419,0
49,PCA_SVR,6.97816,6.4037,2.40137,0.66105,4.73873,0.50607,1.22989,259.61555,0.96895,0.98413,0
50,PCA_SVR,6.87814,6.316,2.34708,0.64341,4.76529,0.50193,1.33743,245.05527,0.96914,0.98423,0
20,Cluster Ensemble_based_GPR,15.82506,14.70461,4.86968,1.26421,9.63481,1.69374,1.29109,533.70606,0.949,0.97379,0
21,Cluster Ensemble_based_GPR,15.00532,13.94833,4.42127,1.14792,8.98821,1.59298,0.50953,486.91236,0.95423,0.97654,0
22,Cluster Ensemble_based_GPR,14.28141,13.25748,4.07986,1.08123,8.2898,1.33301,1.18377,464.04509,0.95641,0.97767,0
23,Cluster Ensemble_based_GPR,13.66428,12.66341,3.6723,1.06171,7.94361,1.33432,0.45505,429.78551,0.95648,0.97771,0
24,Cluster Ensemble_based_GPR,13.10352,12.13041,3.38074,0.99293,7.16869,1.19452,1.09373,407.96641,0.95765,0.97832,0
25,Cluster Ensemble_based_GPR,12.60722,11.65322,3.17352,0.92364,6.94662,1.1356,0.41564,382.69605,0.95883,0.97894,0
26,Cluster Ensemble_based_GPR,12.14745,11.21351,2.9615,0.92935,6.21596,1.0578,0.99603,360.3137,0.95839,0.97871,0
27,Cluster Ensemble_based_GPR,11.73543,10.82121,2.81863,0.86916,6.0296,0.99663,0.3816,340.45801,0.95988,0.97948,0
28,Cluster Ensemble_based_GPR,11.35012,10.45829,2.68215,0.85318,5.3939,0.96805,0.91647,322.41195,0.95961,0.97934,0
29,Cluster Ensemble_based_GPR,10.99186,10.11509,2.52801,0.82636,5.27198,0.88253,0.37272,309.00252,0.96045,0.97977,0
30,Cluster Ensemble_based_GPR,10.66791,9.81234,2.46532,0.80745,4.72884,0.87731,0.8127,297.49231,0.96129,0.9802,0
31,Cluster Ensemble_based_GPR,10.35477,9.51823,2.36361,0.7799,4.63757,0.83194,0.36203,288.05145,0.96216,0.98066,0
32,Cluster Ensemble_based_GPR,10.05754,9.23722,2.24058,0.76926,4.19059,0.79895,0.70173,278.79166,0.96209,0.98062,0
33,Cluster Ensemble_based_GPR,9.78238,8.9813,2.21052,0.75249,4.10184,0.78654,0.37718,270.56045,0.96339,0.9813,0
34,Cluster Ensemble_based_GPR,9.51379,8.72974,2.1477,0.73835,3.72514,0.7581,0.61703,262.52431,0.96356,0.98139,0
35,Cluster Ensemble_based_GPR,9.26925,8.50217,2.08899,0.72882,3.64955,0.73901,0.36682,253.57032,0.96448,0.98186,0
36,Cluster Ensemble_based_GPR,9.0217,8.27011,2.06928,0.72085,3.33047,0.72158,0.56149,247.01217,0.965,0.98213,0
37,Cluster Ensemble_based_GPR,8.78909,8.05401,2.04617,0.70938,3.29263,0.70474,0.37092,240.35816,0.96592,0.98261,0
38,Cluster Ensemble_based_GPR,8.57103,7.8491,2.01246,0.70554,3.02277,0.69394,0.51597,234.31373,0.96602,0.98266,0
39,Cluster Ensemble_based_GPR,8.37292,7.66767,1.99738,0.69885,2.95163,0.67306,0.38913,227.2585,0.96717,0.98326,0
40,Cluster Ensemble_based_GPR,8.1693,7.477,1.9931,0.69622,2.78027,0.67044,0.4913,224.84105,0.96701,0.98318,0
41,Cluster Ensemble_based_GPR,7.98989,7.31053,1.95611,0.68936,2.69737,0.65777,0.3933,220.0075,0.968,0.98369,0
42,Cluster Ensemble_based_GPR,7.91583,7.14953,2.03679,0.68887,8.31036,0.64614,0.44938,259.62068,0.96612,0.98265,0
43,Cluster Ensemble_based_GPR,7.70018,6.99971,1.96732,0.68257,2.72057,0.64123,0.36504,247.9395,0.96685,0.98306,0
44,Cluster Ensemble_based_GPR,7.56173,6.8702,1.96548,0.68208,2.6052,0.63926,0.47079,245.13211,0.96733,0.98331,0
45,Cluster Ensemble_based_GPR,7.42041,6.74212,1.93549,0.67974,2.55321,0.62503,0.35001,242.31023,0.96722,0.98326,0
46,Cluster Ensemble_based_GPR,7.27231,6.60785,1.94114,0.67868,2.46831,0.62845,0.46696,243.03874,0.96726,0.98328,0
47,Cluster Ensemble_based_GPR,7.13174,6.4799,1.92596,0.6704,2.40273,0.61989,0.31733,239.40127,0.96786,0.98359,0
48,Cluster Ensemble_based_GPR,7.01077,6.36897,1.91611,0.67385,2.34027,0.61575,0.46149,242.29443,0.9677,0.98351,0
49,Cluster Ensemble_based_GPR,6.88349,6.25239,1.92481,0.672,2.2896,0.61632,0.30291,241.13214,0.96786,0.98359,0
50,Cluster Ensemble_based_GPR,6.76201,6.14019,1.91246,0.66588,2.23306,0.60925,0.45237,243.66833,0.96811,0.98372,0
20,Cluster Ensemble_based_KRR,15.78157,14.66316,4.78381,1.20095,9.62967,1.68308,1.1699,529.32873,0.95184,0.97528,0
21,Cluster Ensemble_based_KRR,14.9777,13.92273,4.34205,1.10046,8.88828,1.58759,0.5579,483.42144,0.95586,0.97739,0
22,Cluster Ensemble_based_KRR,14.27043,13.24658,4.0245,1.0333,8.30825,1.33025,1.06097,459.48976,0.95793,0.97847,0
23,Cluster Ensemble_based_KRR,13.63747,12.63804,3.61794,0.99601,7.85516,1.33054,0.5116,426.5784,0.95856,0.9788,0
24,Cluster Ensemble_based_KRR,13.08933,12.11702,3.3665,0.9376,7.19676,1.19446,0.98755,404.42915,0.95929,0.97917,0
25,Cluster Ensemble_based_KRR,12.58833,11.63655,3.14028,0.88109,6.86996,1.13204,0.45546,377.63683,0.9606,0.97986,0
26,Cluster Ensemble_based_KRR,12.13363,11.20096,2.93199,0.86854,6.22004,1.05608,0.92506,356.7517,0.96041,0.97976,0
27,Cluster Ensemble_based_KRR,11.71576,10.80305,2.77832,0.81806,5.97063,0.99269,0.4146,335.94688,0.96128,0.98021,0
28,Cluster Ensemble_based_KRR,11.33916,10.44933,2.63677,0.8073,5.40785,0.96047,0.85985,319.13863,0.96115,0.98014,0
29,Cluster Ensemble_based_KRR,10.97421,10.09843,2.46281,0.76666,5.20188,0.87311,0.39623,304.43868,0.96309,0.98115,0
30,Cluster Ensemble_based_KRR,10.65292,9.79826,2.39741,0.75494,4.72275,0.86098,0.76571,293.46335,0.96307,0.98113,0
31,Cluster Ensemble_based_KRR,10.33881,9.50345,2.28872,0.73087,4.56632,0.81274,0.40127,282.80801,0.96351,0.98136,0
32,Cluster Ensemble_based_KRR,10.04322,9.2232,2.14914,0.70914,4.15748,0.76664,0.676,274.34541,0.96461,0.98193,0
33,Cluster Ensemble_based_KRR,9.76581,8.96448,2.10912,0.69824,4.02959,0.75697,0.40347,265.27867,0.96519,0.98223,0
34,Cluster Ensemble_based_KRR,9.50279,8.71899,2.05457,0.68371,3.68793,0.71476,0.61153,257.21135,0.96564,0.98246,0
35,Cluster Ensemble_based_KRR,9.2462,8.47742,1.96121,0.6684,3.57786,0.69431,0.39182,249.19732,0.96708,0.98322,0
36,Cluster Ensemble_based_KRR,9.01056,8.25808,1.93441,0.6625,3.29796,0.67463,0.55592,241.58821,0.96711,0.98323,0
37,Cluster Ensemble_based_KRR,8.77918,8.0429,1.90196,0.65352,3.19598,0.64917,0.39435,234.7541,0.96794,0.98366,0
38,Cluster Ensemble_based_KRR,8.56085,7.83747,1.84942,0.64463,2.97397,0.63236,0.51955,228.06912,0.96882,0.98411,0
39,Cluster Ensemble_based_KRR,8.35428,7.64768,1.83912,0.63636,2.86967,0.61562,0.40509,222.70792,0.96926,0.98434,0
40,Cluster Ensemble_based_KRR,8.16111,7.46758,1.82738,0.63852,2.70171,0.59855,0.49319,217.57529,0.96912,0.98427,0
41,Cluster Ensemble_based_KRR,7.97811,7.29773,1.78778,0.62574,2.61056,0.58861,0.41128,213.98675,0.97021,0.98483,0
42,Cluster Ensemble_based_KRR,7.8868,7.17451,1.84201,0.62402,2.7499,0.57408,0.47718,247.84733,0.9684,0.98384,0
43,Cluster Ensemble_based_KRR,7.72293,7.0251,1.84167,0.62362,2.65263,0.568,0.40127,244.53204,0.96865,0.98397,0
44,Cluster Ensemble_based_KRR,7.56333,6.87851,1.81457,0.61554,2.5946,0.56201,0.47494,241.85285,0.96925,0.98428,0
45,Cluster Ensemble_based_KRR,7.41361,6.7439,1.788,0.6099,2.48571,0.54878,0.39036,240.33331,0.96958,0.98445,0
46,Cluster Ensemble_based_KRR,7.27423,6.61602,1.81077,0.61748,2.46766,0.54833,0.47949,239.89407,0.96924,0.98428,0
47,Cluster Ensemble_based_KRR,7.13558,6.48941,1.77334,0.60367,2.35184,0.53998,0.38174,238.78768,0.96989,0.98462,0
48,Cluster Ensemble_based_KRR,7.00404,6.36935,1.75547,0.60505,2.34963,0.53177,0.48201,240.85043,0.9698,0.98458,0
49,Cluster Ensemble_based_KRR,6.88074,6.25639,1.76778,0.61022,2.24609,0.53218,0.37257,241.53792,0.96946,0.9844,0
50,Cluster Ensemble_based_KRR,6.75549,6.14048,1.73959,0.59946,2.23952,0.52336,0.48085,244.02994,0.9699,0.98463,0
20,Type-specific SVR,15.95885,14.83583,4.91174,1.21352,9.81843,1.67231,1.06282,531.35978,0.95102,0.97482,0
21,Type-specific SVR,15.01983,13.95147,4.42791,1.11118,8.9415,1.5807,0.54103,502.00706,0.95553,0.97721,0
22,Type-specific SVR,14.42243,13.38513,4.13979,1.03731,8.72535,1.34189,0.92878,488.78133,0.95732,0.97814,0
23,Type-specific SVR,13.67359,12.65758,3.69885,1.00251,7.90119,1.30676,0.50157,443.55626,0.95836,0.97868,0
24,Type-specific SVR,13.17735,12.19264,3.4624,0.939,7.61744,1.21349,0.90357,433.53404,0.9596,0.97932,0
25,Type-specific SVR,12.63611,11.66511,3.19658,0.87871,6.86479,1.13545,0.45183,403.65225,0.96134,0.98023,0
26,Type-specific SVR,12.20168,11.26149,3.00762,0.86417,6.48265,1.03827,0.84547,380.72407,0.96194,0.98053,0
27,Type-specific SVR,11.77843,10.85053,2.83741,0.81645,6.04679,1.0367,0.40136,364.89771,0.96271,0.98093,0
28,Type-specific SVR,11.39927,10.50099,2.67887,0.80016,5.62032,0.95903,0.7736,345.73786,0.96336,0.98128,0
29,Type-specific SVR,11.05698,10.16688,2.54992,0.76286,5.30517,0.87303,0.37663,332.79506,0.96461,0.98191,0
30,Type-specific SVR,10.70138,9.83999,2.44522,0.74833,4.91417,0.89942,0.67115,315.39491,0.96512,0.98218,0
31,Type-specific SVR,10.42868,9.57536,2.36928,0.7241,4.60235,0.82229,0.37613,302.77461,0.96604,0.98266,0
32,Type-specific SVR,10.09752,9.27294,2.22478,0.69844,4.31489,0.79744,0.56128,302.08698,0.96707,0.98319,0
33,Type-specific SVR,9.85272,9.0342,2.1915,0.68554,4.11999,0.78553,0.36423,287.44927,0.96762,0.98347,0
34,Type-specific SVR,9.57019,8.77894,2.13346,0.66992,3.72908,0.74496,0.49457,277.74649,0.96842,0.98389,0
35,Type-specific SVR,9.31221,8.52704,2.03085,0.6553,3.68276,0.72398,0.3464,274.39684,0.96911,0.98424,0
36,Type-specific SVR,9.10978,8.34938,2.0371,0.65047,3.30204,0.71478,0.44935,259.76382,0.96957,0.98448,0
37,Type-specific SVR,8.85327,8.09909,1.95026,0.63524,3.20931,0.66671,0.35461,253.42086,0.97036,0.98489,0
38,Type-specific SVR,8.66311,7.9325,1.93506,0.62793,3.01549,0.65549,0.40445,249.72339,0.9708,0.98512,0
39,Type-specific SVR,8.43594,7.71316,1.88871,0.61666,2.93592,0.65502,0.3554,240.96497,0.97151,0.98548,0
40,Type-specific SVR,8.28192,7.58014,1.895,0.61907,2.68303,0.61688,0.36748,235.25832,0.97138,0.98542,0
41,Type-specific SVR,8.06242,7.36669,1.8332,0.60535,2.68586,0.6119,0.3633,234.65029,0.97222,0.98585,0
42,Type-specific SVR,8.05605,7.35277,1.95108,0.6046,2.90551,0.61023,0.35613,278.57669,0.96958,0.9844,0
43,Type-specific SVR,7.85135,7.14638,1.93521,0.60279,2.8632,0.59153,0.32811,272.97615,0.96991,0.98458,0
44,Type-specific SVR,7.7326,7.05599,1.9289,0.59321,2.76946,0.58841,0.35344,270.42365,0.97038,0.98483,0
45,Type-specific SVR,7.54456,6.86978,1.86845,0.58558,2.67906,0.57724,0.28665,266.99528,0.97111,0.98521,0
46,Type-specific SVR,7.41664,6.76474,1.90543,0.59206,2.58321,0.56421,0.36318,261.05953,0.97049,0.9849,0
47,Type-specific SVR,7.25487,6.60477,1.85201,0.57668,2.54652,0.55842,0.26376,262.04837,0.97119,0.98525,0
48,Type-specific SVR,7.12944,6.50128,1.85637,0.57838,2.47292,0.55211,0.36696,259.87563,0.97148,0.98541,0
49,Type-specific SVR,6.98797,6.3585,1.844,0.58121,2.44211,0.54928,0.25476,258.70507,0.9712,0.98526,0
50,Type-specific SVR,6.8713,6.26071,1.82772,0.57053,2.37087,0.53311,0.36131,258.09292,0.97139,0.98537,0
20,Ratio_Scaling,3.19344,2.87147,4.65403,1.73595,4.55995,3.16973,1.51685,671.17869,0.93893,0.96826,0
21,Ratio_Scaling,3.18091,2.85924,4.52489,1.75665,3.58577,3.12671,0.63837,660.23683,0.9408,0.96929,0
22,Ratio_Scaling,3.28909,2.94933,4.80667,1.82091,4.33151,3.17867,1.30455,654.09438,0.93887,0.96824,0
23,Ratio_Scaling,3.18841,2.86401,4.66471,1.7459,3.55694,3.10752,0.58064,650.0336,0.94049,0.96914,0
24,Ratio_Scaling,3.22693,2.89199,4.71805,1.78515,4.13866,3.1674,1.14457,648.38097,0.93743,0.96751,0
25,Ratio_Scaling,3.26219,2.92708,4.74485,1.79507,3.6747,3.12481,0.52098,648.53726,0.93648,0.96697,0
26,Ratio_Scaling,3.23322,2.8926,4.75717,1.77031,4.07847,3.11624,1.00377,650.36203,0.936,0.96674,0
27,Ratio_Scaling,3.25091,2.91304,4.79065,1.79648,3.82005,3.16,0.43601,652.82173,0.93464,0.966,0
28,Ratio_Scaling,3.21965,2.88484,4.69501,1.75173,4.07165,3.09324,0.87324,655.54355,0.93589,0.96666,0
29,Ratio_Scaling,3.23234,2.88893,4.79901,1.76383,3.95016,3.1281,0.35464,658.51115,0.93486,0.9661,0
30,Ratio_Scaling,3.2339,2.89563,4.74808,1.77459,4.11073,3.12914,0.76843,661.85275,0.93463,0.96599,0
31,Ratio_Scaling,3.20903,2.87478,4.73599,1.7437,4.06537,3.09524,0.31854,665.6537,0.93579,0.9666,0
32,Ratio_Scaling,3.21354,2.87109,4.73286,1.74047,4.11637,3.13289,0.66861,669.84963,0.93578,0.9666,0
33,Ratio_Scaling,3.24121,2.90279,4.79933,1.77729,4.15674,3.11927,0.3067,674.24679,0.93486,0.9661,0
34,Ratio_Scaling,3.20603,2.87197,4.74119,1.74146,4.10785,3.11787,0.58168,678.70537,0.93626,0.96685,0
35,Ratio_Scaling,3.22274,2.88053,4.7571,1.74637,4.23171,3.12706,0.2943,682.91391,0.93617,0.9668,0
36,Ratio_Scaling,3.23586,2.89626,4.80498,1.77048,4.11795,3.12722,0.53088,686.84587,0.93563,0.96652,0
37,Ratio_Scaling,3.20422,2.86995,4.72889,1.73716,4.28362,3.13306,0.28374,690.29801,0.93726,0.96738,0
38,Ratio_Scaling,3.22174,2.87971,4.77987,1.74575,4.11452,3.12714,0.48849,693.40473,0.93729,0.96741,0
39,Ratio_Scaling,3.2282,2.88887,4.7826,1.7616,4.3551,3.13677,0.25472,696.06554,0.93704,0.96728,0
40,Ratio_Scaling,3.20908,2.87382,4.75043,1.74076,4.1255,3.13641,0.43373,698.61229,0.93816,0.96787,0
41,Ratio_Scaling,3.21204,2.87168,4.75174,1.73705,4.3843,3.13473,0.24292,700.8774,0.93883,0.96824,0
42,Ratio_Scaling,3.23119,2.88966,4.79322,1.75928,4.17103,3.14486,0.38121,702.85471,0.9384,0.96801,0
43,Ratio_Scaling,3.20718,2.87131,4.74487,1.73748,4.40958,3.14041,0.23977,704.34869,0.93968,0.96869,0
44,Ratio_Scaling,3.21127,2.87036,4.74586,1.73495,4.17834,3.13866,0.33896,705.47545,0.93973,0.96872,0
45,Ratio_Scaling,3.22344,2.88128,4.78955,1.75039,4.41903,3.1517,0.22854,706.09889,0.93954,0.96862,0
46,Ratio_Scaling,3.21225,2.8753,4.74659,1.74251,4.1759,3.14375,0.30409,706.31844,0.94012,0.96893,0
47,Ratio_Scaling,3.20185,2.8622,4.73411,1.72829,4.38179,3.13939,0.21484,706.06443,0.94074,0.96926,0
48,Ratio_Scaling,3.22316,2.88109,4.77658,1.75182,4.16673,3.15708,0.2819,705.5299,0.94038,0.96907,0
49,Ratio_Scaling,3.20327,2.86824,4.73515,1.73722,4.33327,3.14258,0.1998,704.75368,0.94099,0.96939,0
50,Ratio_Scaling,3.19863,2.86091,4.73297,1.72966,4.1336,3.14318,0.26138,703.89097,0.94115,0.96948,0
