Type,side,size,x1,y1,x2,y2,x3,y3,x4,y4,x5,y5,x6,y6,x7,y7,x8,y8,x9,y9,x10,y10,x11,y11,x12,y12,x13,y13,x14,y14,x15,y15,x16,y16,x17,y17,x18,y18,x19,y19,x20,y20,x21,y21,x22,y22,x23,y23,x24,y24,x25,y25,x26,y26,x27,y27,x28,y28,x29,y29,x30,y30,x31,y31,x32,y32,x33,y33,x34,y34,x35,y35,x36,y36,x37,y37,x38,y38,x39,y39,x40,y40,x41,y41,x42,y42,x43,y43,x44,y44,x45,y45,x46,y46,x47,y47,x48,y48
Type00,L,230,56.733689,230.624360,45.436704,229.636008,36.169144,223.354351,29.664467,214.258087,25.121267,203.908618,22.533278,192.875580,21.073533,181.628152,19.586360,170.365281,17.274884,159.227569,14.580394,148.162043,11.429459,137.205391,8.612721,126.171154,6.269477,115.021801,4.136887,103.815210,2.164167,92.591309,0.741256,81.297811,0.680344,70.012414,2.551596,58.823369,6.031468,47.975354,10.271498,37.377042,14.752523,26.925948,20.254919,17.012215,27.599203,8.408214,37.349209,2.556659,48.452327,0.071886,59.876419,1.013746,69.280074,7.310528,74.616933,17.055532,78.178455,27.862691,80.513225,38.966127,82.772705,50.131398,83.909873,61.383694,83.691775,72.772228,83.300108,84.178068,83.116662,95.590477,83.414157,107.003254,84.056333,118.399802,84.950056,129.740454,85.874884,141.071791,86.186057,152.444928,85.684644,163.843427,84.714723,175.213604,82.498237,186.518741,79.486083,197.809203,77.765342,209.153764,74.647576,219.807676,67.473137,228.416819,56.485727,230.199471
Type00,L,235,57.866917,235.631095,46.400070,234.619412,36.965992,228.293738,30.256234,219.127613,25.791765,208.548197,23.246661,197.248038,21.688654,185.752748,20.118348,174.248751,17.864200,162.849463,15.269532,151.512873,12.298916,140.264454,9.484647,128.978226,6.921862,117.630791,4.498488,106.245497,2.287276,94.822449,0.704787,83.310020,0.604147,71.762707,2.417803,60.304594,5.714004,49.150684,9.770126,38.237220,14.263471,27.522628,19.847313,17.364945,27.257280,8.476024,37.195536,2.453343,48.551347,0.097361,60.133611,1.406760,69.632087,7.979067,75.272455,17.856695,78.973815,28.860479,81.448928,40.188519,83.623951,51.610336,84.619731,63.126769,84.263289,74.746589,83.592987,86.369159,83.097688,97.998558,83.057770,109.637154,83.446085,121.270130,84.287305,132.859731,85.317613,144.433102,85.835121,156.042734,85.595234,167.679688,84.878125,179.297511,83.236339,190.856536,81.069030,202.399234,79.567302,213.942382,76.098728,224.679718,68.686307,233.252873,57.548582,235.289423
Type00,L,240,58.926113,241.186906,47.122191,240.037806,37.121774,233.525199,29.775499,224.435425,25.970921,213.229603,24.024118,201.566316,22.932348,189.773865,21.557036,178.020295,19.467196,166.372727,17.037333,154.785827,14.233257,143.283232,11.341609,131.799998,8.320457,120.350664,5.350713,108.886209,2.722057,97.336149,0.741891,85.658796,0.523639,73.888406,2.322113,62.199204,5.483218,50.785615,9.341109,39.584458,13.723112,28.585660,19.253058,18.135054,26.640033,8.922798,36.623243,2.504448,48.216504,0.239903,59.913942,1.796904,69.684021,8.483525,75.926638,18.313602,79.811901,29.473459,82.395776,40.993859,84.639703,52.626220,85.483262,64.382669,84.772722,76.205820,83.608644,88.307495,82.841824,100.344046,82.607367,112.342417,82.749829,124.339430,83.341042,136.295903,84.203606,148.197934,85.025885,160.024530,85.511822,171.836590,85.162838,183.726670,83.906591,195.578793,82.468089,207.537004,81.243331,219.377429,77.242695,229.880353,70.386662,238.372531,58.827518,241.165080
Type00,L,245,59.471819,245.447327,47.508631,244.162660,37.948282,237.070344,30.020837,227.523423,26.410444,215.704160,24.295709,203.856650,23.033522,191.914734,21.488742,180.030163,19.438632,168.222821,17.136799,156.454907,14.564501,144.699986,11.749918,132.958052,8.500282,121.400881,5.144267,109.897526,2.412454,98.135564,0.472516,86.214921,0.530165,74.181545,2.248170,62.225979,5.256107,50.527396,8.781057,39.044534,13.372329,27.874323,19.200921,17.295006,26.850952,7.932638,37.343211,1.908573,49.185806,0.212658,60.933651,2.459663,70.565524,9.615398,76.526361,19.744429,80.341695,31.069307,83.058073,42.737136,85.042577,54.579489,85.853252,66.554596,84.997439,78.541384,83.548600,90.726310,82.472016,102.907418,81.826073,114.986496,81.714610,127.075013,82.430927,139.132781,83.322415,151.161721,84.219484,163.144160,84.963380,175.113970,84.850521,187.156686,84.233225,199.170688,83.859290,211.240352,82.996277,223.205271,78.558683,234.003120,70.993349,242.582400,59.407855,245.497030
Type00,L,250,60.914499,250.376270,48.749668,249.129995,39.010182,242.148683,30.604998,232.144814,27.079841,220.097931,25.006453,207.997913,23.550136,195.833116,21.852973,183.720480,19.833943,171.658102,17.624160,159.623382,15.249770,147.577759,12.454634,135.587135,8.905800,123.900952,5.180355,112.277589,2.326362,100.291630,0.415239,88.130092,0.465813,75.842827,2.136023,63.634408,4.936450,51.637908,8.256844,39.843534,12.912615,28.447374,18.828639,17.652434,26.513467,8.011202,37.178195,1.850441,49.236840,0.219147,61.130694,2.840421,70.819656,10.229727,77.121558,20.458218,81.146226,31.946447,84.022043,43.841062,85.874528,55.946219,86.531258,68.188906,85.577728,80.404016,83.875098,92.687777,82.447074,104.998828,81.395046,117.241459,81.096964,129.505132,81.955069,141.745746,82.870986,153.980379,83.809346,166.197388,84.785804,178.402485,84.974168,190.668914,85.042818,202.915228,85.603841,215.168132,85.054248,227.322844,80.433563,238.454779,72.269484,247.283155,60.609987,250.360843
Type00,L,255,62.895854,255.614858,50.494770,254.543413,40.171354,248.067836,31.513002,237.674815,27.922415,225.651363,25.908097,213.286016,24.271486,200.848371,22.458715,188.441425,20.440190,176.066756,18.251358,163.718986,15.986215,151.384127,13.146667,139.179433,9.307504,127.338021,5.327151,115.510479,2.367139,103.305038,0.486093,90.916956,0.356195,78.402230,1.952156,65.962532,4.557158,53.685553,7.868483,41.592614,12.528248,29.966425,18.355319,18.903692,25.930999,8.942873,36.487615,2.232297,48.728916,0.246082,60.861335,2.899485,70.764563,10.370014,77.794465,20.574641,82.186631,32.277685,85.227807,44.445839,87.103293,56.833286,87.583490,69.359255,86.610715,81.848548,84.738032,94.251098,82.994393,106.666947,81.641995,119.133250,81.294282,131.631000,82.303588,144.109084,83.239708,156.599177,84.163410,169.099013,85.272149,181.591859,85.745025,194.132658,86.398901,206.655815,87.559028,219.141562,87.155547,231.541733,82.565066,243.026546,74.016172,252.191045,62.213566,255.423227
Type00,L,260,64.696799,260.965857,52.040768,260.055473,41.107049,253.980518,32.510096,243.280998,28.740759,231.303690,26.673912,218.695117,24.905646,205.967905,23.021238,193.246832,20.954353,180.554394,18.694595,167.897561,16.412075,155.302390,13.484216,142.908308,9.475318,130.861819,5.441981,118.757165,2.429206,106.336603,0.590135,93.727424,0.248928,81.003632,1.741115,68.344306,4.259742,55.821791,7.762625,43.476920,12.458126,31.642770,18.140686,20.301703,25.629980,10.075637,36.021770,2.734646,48.447779,0.265378,60.860456,2.797265,71.005036,10.370581,78.717671,20.589145,83.448501,32.579803,86.614398,45.032894,88.623696,57.694593,89.014038,70.491406,88.102735,83.272543,86.173980,95.832259,84.226243,108.357587,82.764263,121.068750,82.551160,133.818557,83.720948,146.546474,84.677588,159.299664,85.517579,172.088929,86.594601,184.886239,87.238532,197.721637,88.241951,210.530311,89.542041,223.263642,89.015368,235.942199,84.525304,247.779427,75.804463,257.287458,63.750643,260.581256
Type00,L,265,65.507821,266.289078,52.605951,265.324760,41.398341,259.090286,33.202619,248.133848,29.246401,236.030718,27.031474,223.203761,25.201460,210.207206,23.285570,197.202132,21.116652,184.237850,18.697758,171.323565,16.265023,158.508329,13.244023,145.915988,9.288102,133.588100,5.447904,121.160974,2.459721,108.520369,0.674273,95.678290,0.193526,82.742107,1.620034,69.861289,4.252374,57.135677,8.085506,44.604602,12.896912,32.579045,18.528461,20.985845,26.119985,10.611234,36.574556,2.960427,49.233953,0.247104,61.883881,2.817984,72.130834,10.685607,80.047271,21.121870,84.919144,33.435327,88.111023,46.155450,90.267670,59.065757,90.721971,72.102398,89.924711,85.158788,88.052814,97.934254,86.060319,110.628939,84.718330,123.561876,84.827150,136.535988,86.168034,149.480489,87.151306,162.460442,87.841897,175.502948,88.697444,188.581939,89.324682,201.696437,90.364828,214.760731,91.344366,227.717176,90.385749,240.672688,85.891865,252.839512,77.114559,262.648187,64.665541,265.819979
Type00,L,270,64.784552,271.344025,51.682617,269.959339,40.719870,262.821036,33.208390,251.608598,29.179531,239.146016,26.866742,226.106294,25.046995,212.894019,23.130205,199.675892,20.819026,186.523494,18.182088,173.436681,15.495888,160.442088,12.418305,147.611276,8.784104,134.919038,5.363160,122.165140,2.477410,109.294970,0.744032,96.200461,0.219685,83.032841,1.721132,69.927091,4.710125,57.045087,8.907611,44.398598,13.898844,32.175481,19.677161,20.381218,27.639684,9.983723,38.582403,2.624252,51.548905,0.174534,64.310019,3.216445,74.398779,11.642537,81.804826,22.584288,86.542358,35.168925,89.618775,48.118107,91.833204,61.241341,92.500419,74.476651,91.824076,87.757600,90.092622,100.812082,88.218145,113.782423,87.202431,126.877029,87.771993,140.010264,89.289730,153.102279,90.308814,166.238689,90.805961,179.464581,91.277482,192.767327,91.680462,206.111147,92.450973,219.368375,92.764499,232.489964,91.114284,245.682019,86.393333,258.128877,77.538941,268.185762,64.546735,270.995910
Type00,L,275,62.506424,275.708257,49.285169,273.520751,39.022328,264.903079,32.348812,253.410155,28.438738,240.444619,26.253013,227.180454,24.500072,213.829351,22.603159,200.491880,20.137810,187.251494,17.269884,174.089776,14.283178,160.955492,11.211184,147.842078,8.130008,134.731515,5.272084,121.692853,2.542602,108.594644,0.839971,95.242178,0.324997,81.830159,2.114547,68.513547,5.670771,55.527872,10.161713,42.832231,15.333774,30.390755,21.466699,18.458613,30.022943,8.126449,41.884634,1.687206,55.213608,0.053222,67.916695,4.074713,77.570885,13.257742,83.817099,24.947784,88.183905,37.658310,91.001350,50.785873,93.125226,64.078432,94.085153,77.465110,93.493883,90.893623,91.941520,104.267768,90.307265,117.623942,89.745956,130.799950,90.827050,144.007776,92.512161,157.161476,93.573999,170.368157,93.868443,183.690132,93.868369,197.135023,93.884729,210.632706,94.164435,224.000310,93.652245,237.209570,91.179849,250.564593,86.001716,263.214661,76.949985,273.484166,63.314286,275.706254
Type00,L,280,59.446547,281.403231,45.975747,277.783152,36.776197,266.718674,31.436576,254.029265,28.223953,240.669540,26.735474,227.084196,25.443755,213.482048,23.667362,199.957514,21.082876,186.570648,17.795045,173.324183,14.438787,160.099728,11.194018,146.859270,8.057549,133.592396,5.169066,120.267467,2.582099,106.888290,0.779391,93.377520,0.598931,79.809321,2.878793,66.389513,6.899879,53.352781,11.749898,40.602357,16.980266,28.013427,23.161019,15.971215,32.553767,6.102171,45.357930,0.753255,59.074650,-0.054926,71.740967,5.618213,80.605683,16.049388,85.908026,28.592469,89.889052,41.691842,92.554342,55.035403,94.464808,68.545855,94.648791,82.150075,93.203497,95.730701,91.704720,109.296314,90.752493,122.928018,90.859262,136.552748,92.551614,150.099347,94.557478,163.593707,95.421188,177.188423,95.344840,190.846032,95.156537,204.489945,94.567162,218.153829,94.555083,231.805170,93.907368,245.373609,90.661665,258.625195,84.593571,270.775467,74.468363,280.285408,60.502826,281.469280
Type01,L,230,46.090206,230.870428,34.855789,229.390521,25.393291,223.071050,19.778524,213.479896,16.783508,202.638148,14.940299,191.465549,13.566277,180.218453,12.274256,168.958546,11.066899,157.687890,9.640622,146.443112,7.926585,135.237200,6.065996,124.055467,4.048113,112.901550,2.183390,101.726578,0.786442,90.487536,0.229579,79.196314,0.762392,67.887251,2.005411,56.630535,4.662130,45.616506,7.985550,34.796440,12.186966,24.291806,17.649093,14.452031,25.249195,6.126780,35.590239,1.573265,46.778592,0.164513,57.169650,4.413271,65.091172,12.345327,70.928090,22.010043,74.877814,32.601920,77.159335,43.693554,78.197426,54.975449,78.487033,66.308420,78.486512,77.645186,78.350489,88.979652,78.214361,100.312492,78.276116,111.645161,78.468423,122.978412,78.419001,134.314041,77.842504,145.635517,76.792604,156.921539,75.859549,168.206311,75.528568,179.534173,75.138578,190.863638,74.185568,202.184277,71.656364,213.147529,66.211354,222.772534,56.708600,228.921433,45.559260,230.507421
Type01,L,235,49.139112,235.138877,37.472669,233.665847,27.235180,227.363995,21.127439,217.495073,18.193942,206.398281,16.442653,195.067866,15.363584,183.657153,14.188986,172.258963,12.782384,160.878480,10.944412,149.545097,8.861918,138.257212,6.748933,126.985467,4.585706,115.723181,2.676740,104.414986,1.204752,93.052033,0.335239,81.639826,0.502814,70.188042,1.334344,58.722031,3.462764,47.393093,6.539743,36.246490,10.847421,25.476483,16.533828,15.341760,24.275653,6.584320,34.741177,1.630916,46.083621,0.266212,56.454549,4.086957,65.009571,11.314816,71.420454,20.725183,75.622318,31.390717,77.943802,42.583118,78.913438,53.956599,79.025237,65.391653,78.869123,76.899568,78.775608,88.457149,78.809735,100.018768,78.851798,111.582328,78.936732,123.139204,78.979499,134.699622,78.794124,146.250704,78.360953,157.783122,77.833476,169.312743,77.577354,180.861879,77.191221,192.413248,76.393526,203.957811,74.311827,215.262498,69.369001,225.527637,60.414749,232.034461,49.004377,234.138344
Type01,L,240,52.369750,240.507542,40.225839,239.370233,29.380481,232.903946,22.812354,222.704916,19.807797,211.298268,18.038587,199.725198,17.016342,188.082116,15.805327,176.468679,14.164843,164.895607,11.983172,153.384605,9.611579,141.917804,7.249537,130.466770,4.930289,119.005725,2.960895,107.469473,1.373404,95.883252,0.329034,84.236911,0.301233,72.555667,0.933018,60.824549,2.703188,49.142542,5.775929,37.675093,10.250792,26.607486,16.166363,16.135082,24.073458,6.920943,34.713251,1.484884,46.361006,0.264042,56.789962,3.905502,65.774895,10.801472,72.466737,20.197283,76.857740,31.014370,79.283011,42.367280,80.253036,53.914026,80.251071,65.543074,79.931439,77.290357,79.759667,89.118633,79.794845,100.950000,79.818468,112.782280,79.919664,124.610583,80.141644,136.435578,80.253239,148.261767,80.306422,160.090540,80.232778,171.923901,80.090376,183.756527,79.680222,195.576621,78.953590,207.372174,77.219786,218.991983,72.680467,229.758095,64.123052,236.636878,52.470681,239.143008
Type01,L,245,55.328255,246.157570,42.799322,245.441794,31.639550,238.748679,24.725898,228.296125,21.498386,216.615506,19.587188,204.770405,18.379624,192.868285,16.983469,181.000222,15.103771,169.185180,12.698845,157.435424,10.160260,145.721618,7.603003,134.028977,5.154348,122.310559,3.115944,110.495313,1.400389,98.631742,0.283461,86.690839,0.191715,74.732481,0.885255,62.729290,2.645125,50.750214,5.940259,39.031874,10.592325,27.695275,16.654425,16.908301,24.658196,7.301232,35.413396,1.337446,47.416758,0.179788,58.090879,3.696713,67.283610,10.697858,73.957699,20.335681,78.456097,31.376109,81.034256,42.941808,82.075617,54.728317,82.052876,66.618358,81.588428,78.634086,81.215923,90.732926,81.060461,102.828317,81.049057,114.923179,81.286374,127.024101,81.762184,139.111132,82.068962,151.213455,82.409814,163.336970,82.717440,175.474119,82.691665,187.598623,82.262443,199.692400,81.556458,211.739845,80.038173,223.632330,75.737871,234.737862,67.345770,242.037298,55.488203,244.787058
Type01,L,250,57.661002,251.481026,44.926297,251.011959,33.760133,244.152240,26.664852,233.603873,23.099600,221.745139,20.950911,209.649218,19.401675,197.497409,17.729861,185.371990,15.632455,173.302305,13.131072,161.288021,10.541545,149.298454,7.874028,137.336272,5.351291,125.339477,3.241358,113.242324,1.422721,101.095934,0.274697,88.858826,0.179954,76.617186,1.157652,64.372315,3.300519,52.209276,6.948932,40.334266,11.741145,28.795087,17.815895,17.761403,25.795474,7.883213,36.530938,1.384528,48.837078,0.067280,59.992915,3.323372,69.233070,10.788055,75.691909,20.864656,80.208498,32.187700,82.943374,44.009429,84.100891,56.078287,84.144193,68.262179,83.565603,80.539796,82.904031,92.875137,82.407389,105.200111,82.325427,117.527403,82.768720,129.869676,83.538070,142.188533,83.990424,154.535415,84.434524,166.914090,84.936968,179.310490,84.984412,191.692551,84.581130,204.035746,83.908958,216.323688,82.484690,228.457697,78.242499,239.780029,69.787598,247.581648,57.751408,250.422236
Type01,L,255,59.167051,256.248361,46.396257,255.723849,35.430442,248.808926,28.322407,238.304993,24.395279,226.361096,21.979522,214.059246,20.073905,201.683784,18.126383,189.320810,15.853160,177.010525,13.346605,164.736630,10.775078,152.478607,8.083821,140.249259,5.551154,127.983616,3.370407,115.635489,1.507159,103.233122,0.330666,90.738156,0.245227,78.236547,1.615301,65.792947,4.398897,53.550015,8.396403,41.587274,13.271518,29.911940,19.241456,18.706882,27.102662,8.688242,37.691000,1.689641,50.193087,-0.013702,62.002781,2.803483,71.225687,10.902151,77.424993,21.498699,81.866892,33.144375,84.698468,45.252546,85.971078,57.618144,86.126798,70.095152,85.459113,82.607421,84.481717,95.136329,83.588595,107.655183,83.392876,120.187996,84.033859,132.732536,85.084575,145.247723,85.712066,157.796067,86.156629,170.378055,86.605566,182.975340,86.644982,195.564674,86.338364,208.124437,85.769970,220.641122,84.354597,233.005761,80.019831,244.481529,71.357143,252.852709,59.142845,255.668251
Type01,L,260,59.823232,260.620208,47.086337,259.808359,36.361213,252.899932,29.371790,242.469845,25.172669,230.469332,22.539870,217.994850,20.396490,205.415542,18.258312,192.836680,15.864846,180.307351,13.391663,167.793935,10.847300,155.294333,8.192306,142.816616,5.698014,130.305625,3.447074,117.745497,1.610160,105.119323,0.413832,92.411246,0.350346,79.681135,2.079425,67.067207,5.496254,54.778748,9.723861,42.736768,14.640082,30.957206,20.469090,19.628144,28.215216,9.559784,38.625586,2.142881,51.235040,-0.024855,63.706099,2.327256,72.925318,11.016728,78.951615,22.090972,83.226740,34.076544,86.042269,46.485213,87.385815,59.137058,87.643191,71.883770,86.894431,84.603090,85.644205,97.299258,84.415912,109.998908,84.077387,122.734293,84.834786,135.458373,86.099250,148.150063,86.985225,160.867875,87.428274,173.616359,87.597192,186.375473,87.536610,199.136023,87.389033,211.890826,87.005729,224.630567,85.549828,237.227105,81.031262,248.836391,72.134999,257.772036,59.718284,260.491920
Type01,L,265,59.787167,265.005592,47.022079,263.877358,36.427097,256.923088,29.619529,246.455499,25.329849,234.337769,22.591432,221.687420,20.391455,208.902931,18.190963,196.114413,15.741643,183.375480,13.301538,170.638109,10.754656,157.920746,8.153552,145.212543,5.709910,132.475604,3.386412,119.725690,1.626644,106.890169,0.452094,93.989849,0.454102,81.049840,2.398747,68.262298,6.179404,55.871671,10.471781,43.695045,15.427254,31.794226,21.186735,20.344077,28.933455,10.247252,39.270242,2.536354,51.969668,0.036462,64.927517,2.146916,74.190639,11.235749,80.184955,22.666160,84.217017,34.988885,86.895767,47.695926,88.251281,60.609785,88.551882,73.597425,87.713608,86.512989,86.289239,99.381640,84.883064,112.280667,84.410425,125.243376,85.167584,138.153702,86.536155,151.029102,87.749935,163.911543,88.254392,176.822511,88.023652,189.743699,87.796273,202.673266,87.821667,215.624108,87.652558,228.588554,86.123715,241.417864,81.397049,253.159947,72.335133,262.559446,59.680160,265.153084
Type01,L,270,59.365884,269.820620,46.422505,268.535293,35.780222,261.383365,29.138074,250.681344,24.969138,238.323908,22.255175,225.456643,20.144076,212.445064,17.994461,199.432329,15.558696,186.470877,13.146350,173.506450,10.569391,160.574427,7.998882,147.640528,5.574876,134.682269,3.172205,121.736537,1.489898,108.681467,0.396053,95.574919,0.521802,82.420051,2.501345,69.424597,6.257965,56.814658,10.484862,44.413575,15.517609,32.337680,21.358179,20.734242,29.277851,10.561025,39.742568,2.705167,52.589543,0.142078,65.762851,2.407877,75.113602,11.674601,81.186592,23.333208,84.941182,35.978157,87.415676,48.969813,88.750442,62.122084,89.018958,75.332324,88.077832,88.456445,86.603573,101.532220,85.219337,114.671107,84.672271,127.898779,85.329701,141.027883,86.677740,154.118675,88.200482,167.191377,88.826167,180.294612,88.234188,193.415145,87.827493,206.545397,87.965075,219.714067,87.939064,232.909984,86.302331,245.967400,81.400121,257.852797,72.263379,267.555459,59.338891,270.025905
Type01,L,275,58.934006,275.236375,45.668348,274.000819,34.840168,266.483681,28.278197,255.374348,24.397249,242.657408,21.808739,229.517218,19.820490,216.251659,17.772785,202.988870,15.419813,189.774713,13.056637,176.561013,10.460857,163.393793,7.873144,150.225491,5.403894,137.037926,2.912716,123.869408,1.245686,110.572013,0.261236,97.223601,0.532231,83.830484,2.406585,70.580057,5.838848,57.638526,9.960115,44.936012,15.124559,32.626240,21.207866,20.830666,29.433628,10.492271,40.230017,2.636575,53.312916,0.251267,66.474442,3.036214,75.938901,12.338679,82.119477,24.154272,85.628631,37.101707,87.930894,50.358025,89.269553,63.735337,89.450116,77.166263,88.403504,90.526477,86.994909,103.855243,85.811374,117.272746,85.294357,130.790327,85.812086,144.178065,87.031213,157.524794,88.717759,170.832337,89.460374,184.175180,88.697147,197.546492,88.161639,210.923688,88.279217,224.338922,88.220740,237.773064,86.432261,251.052062,81.423842,263.112309,72.251370,272.971632,59.043018,275.352685
Type01,L,280,58.810426,281.015347,45.174261,279.920765,34.133918,271.954534,27.529344,260.389635,24.006368,247.262602,21.583878,233.813245,19.624613,220.284453,17.653315,206.754540,15.443946,193.259227,13.188543,179.769847,10.635719,166.337762,7.981824,152.925036,5.391678,139.501469,2.804513,126.084304,1.043558,112.532850,0.125143,98.914267,0.481120,85.260005,2.198523,71.722389,5.246883,58.406366,9.318506,45.380209,14.652822,32.808036,21.079367,20.806599,29.625541,10.217011,40.861495,2.474657,54.236845,0.330506,67.315294,3.760455,76.906978,13.085483,83.141404,25.065634,86.508534,38.291834,88.773542,51.787958,90.199916,65.385512,90.280165,79.043825,89.147018,92.663628,87.884545,106.276014,87.010365,119.982822,86.646480,133.778965,87.056974,147.447316,88.079363,161.076534,89.680271,174.659500,90.449749,188.280028,89.792856,201.935589,89.225962,215.591378,89.155160,229.268505,88.830206,242.939230,86.846671,256.435403,81.814514,268.730611,72.557120,278.678599,59.074720,281.030227
Type02,L,230,62.856680,230.874556,51.364522,229.575139,41.913277,222.920646,35.959660,213.199188,32.222816,202.303732,29.612734,191.064353,27.183291,179.782819,24.745299,168.505676,22.101349,157.276073,19.153778,146.123611,15.782322,135.095048,11.971518,124.208299,8.113139,113.334602,4.500734,102.394518,1.816586,91.190417,0.359657,79.790410,0.353525,68.274347,1.589379,56.833656,4.075876,45.591683,7.727640,34.673488,12.591435,24.257962,19.087124,14.825122,27.596932,7.151479,38.218090,2.270058,49.515604,0.073218,60.893944,2.078896,69.618277,9.619386,75.454812,19.457813,79.731634,30.172401,82.555409,41.332236,84.231977,52.753440,86.246151,64.103993,86.083747,75.509204,83.269013,86.677275,79.407277,97.552211,75.249974,108.322586,72.263161,119.441454,71.612039,130.886106,73.130274,142.319435,75.910752,153.521574,79.166915,164.593991,82.384564,175.668811,84.943389,186.908050,86.439272,198.305825,86.042829,209.760517,82.237221,220.490628,74.390315,228.964219,63.201951,231.001613
Type02,L,235,63.301874,234.761824,51.846337,233.953727,41.857629,227.157795,35.934622,216.982192,32.742546,205.711119,30.103183,194.369039,27.776869,182.958889,25.204107,171.605836,22.443445,160.304623,19.401184,149.083466,16.173774,137.914827,12.757910,126.785616,9.119065,115.726055,5.682721,104.625431,2.886443,93.364067,0.780367,81.968055,0.229956,70.323942,1.259984,58.700604,3.987736,47.291408,7.947941,36.247582,13.022939,25.659840,19.393535,15.862277,27.731768,7.721443,38.159026,2.378091,49.531814,0.073161,61.049813,2.249308,69.749642,9.991876,75.482614,19.954821,79.456606,30.973108,82.231213,42.359031,83.761605,54.017886,85.631721,65.624361,85.570322,77.264778,82.610852,88.570601,78.545361,99.579090,73.970986,110.403432,70.302104,121.507471,69.583342,133.097205,71.308022,144.690149,74.061188,156.098867,77.406169,167.345164,81.208032,178.460972,84.126553,189.822150,85.728587,201.451910,85.583627,213.105428,82.669000,224.179966,75.069510,232.535054,63.719927,234.616041
Type02,L,240,63.746277,239.814419,52.149268,239.310588,42.002165,232.201602,36.157055,221.658925,33.219188,210.071580,30.568396,198.532499,28.388508,186.892280,25.789134,175.345181,22.945235,163.864825,19.808044,152.469679,16.588060,141.096380,13.352469,129.699701,9.838107,118.392459,6.499451,107.052597,3.586772,95.620856,1.051174,84.088366,0.144374,72.249205,1.059664,60.404771,3.926032,48.782506,8.090038,37.552259,13.310383,26.749596,19.664934,16.641698,27.996460,8.143255,38.370973,2.388828,49.906485,0.071851,61.559351,2.587590,70.327159,10.546482,75.957347,20.719588,79.655134,32.071911,82.364636,43.720821,83.908745,55.615842,85.639050,67.492533,85.589818,79.395195,82.489896,90.876454,78.186511,102.041423,73.353346,113.012068,69.335660,124.233962,68.582947,136.030233,70.382529,147.837255,73.062016,159.495215,76.434487,170.967828,80.588762,182.222927,83.835997,193.742293,85.629553,205.597393,85.652723,217.488743,83.254244,228.878769,75.802463,237.374377,64.174958,239.491701
Type02,L,245,64.152769,245.438327,52.233600,244.965672,42.366095,237.408240,36.626042,226.656113,33.570343,214.866852,30.932985,203.051399,28.910684,191.102570,26.400204,179.257626,23.520565,167.502451,20.305223,155.838096,16.943453,144.214510,13.617588,132.560912,10.096251,120.973168,6.745893,109.341577,3.735719,97.634477,1.100640,85.823325,0.118383,73.739791,1.047023,61.661809,3.917349,49.805080,8.137077,38.346306,13.412842,27.314219,19.885303,17.006865,28.394360,8.326872,38.892958,2.290276,50.670719,0.069177,62.437822,3.053431,71.363833,11.214795,76.917005,21.665186,80.422877,33.332934,83.061075,45.247747,84.796699,57.343844,86.419722,69.467050,86.278876,81.622428,83.062113,93.297435,78.518735,104.623233,73.650488,115.826407,69.729338,127.305073,68.994895,139.349169,70.711447,151.401569,73.280905,163.320561,76.608591,175.046589,80.793244,186.535335,84.271357,198.235720,86.314723,210.277913,86.380786,222.416498,83.976186,234.039680,76.515947,242.937657,64.523616,245.080807
Type02,L,250,64.585654,251.177029,52.222932,250.476830,42.918131,242.426816,37.257037,231.612778,33.786641,219.723084,31.189407,207.580905,29.279420,195.286802,26.912171,183.084242,24.028204,170.994816,20.760576,158.998195,17.167668,147.095781,13.544597,135.206411,9.899721,123.330456,6.436319,111.386743,3.367008,99.332976,0.943572,87.139843,0.150977,74.781453,1.213618,62.469323,3.988898,50.372371,8.147742,38.663311,13.422914,27.409555,20.132789,17.009710,28.942538,8.292774,39.720654,2.119456,51.800959,0.065223,63.672780,3.556718,72.805551,11.903626,78.332931,22.670730,81.760148,34.611343,84.332499,46.778994,86.383105,59.041493,87.949765,71.378754,87.638262,83.761057,84.324184,95.637180,79.556891,107.122093,74.846313,118.620374,71.406947,130.465596,70.755257,142.781409,72.276846,155.092823,74.728967,167.267823,77.961793,179.256914,81.904644,191.049055,85.485268,202.952006,87.781408,215.147968,87.774152,227.527895,84.899137,239.298818,77.250550,248.749530,64.858543,250.917371
Type02,L,255,65.179627,256.771518,52.359953,255.699011,43.577571,247.234687,37.900710,236.420192,33.931295,224.457169,31.396111,211.976551,29.490739,199.352568,27.210756,186.797039,24.313521,174.367631,21.018287,162.024444,17.219919,149.828812,13.258484,137.710913,9.436674,125.556470,5.805246,113.312352,2.724924,100.894064,0.678713,88.288106,0.218255,75.642613,1.483830,63.093437,4.157354,50.756057,8.234963,38.794202,13.533277,27.338856,20.547054,16.892173,29.655554,8.165392,40.792648,1.952242,53.206640,0.060306,65.205828,3.980804,74.524047,12.516034,80.094042,23.606577,83.547050,35.782257,86.069572,48.192872,88.445803,60.618391,90.009883,73.157016,89.507346,85.746248,86.091212,97.828618,81.117899,109.476679,76.638535,121.294565,73.846507,133.555368,73.342073,146.153468,74.662222,158.727011,77.029452,171.151649,80.166465,183.405379,83.771941,195.528688,87.341730,207.663365,89.825361,220.016688,89.686695,232.632202,86.128402,244.511172,78.132700,254.469165,65.369029,256.678743
Type02,L,260,66.057069,262.071695,52.887269,260.648164,44.233200,251.959618,38.392707,241.088739,34.100850,228.984004,31.639110,216.194777,29.588796,203.305920,27.229614,190.468621,24.265595,177.750804,20.958520,165.100625,17.102622,152.612140,12.959180,140.250274,8.992050,127.839085,5.203730,115.334350,2.158007,102.593664,0.446078,89.628830,0.283955,76.703002,1.745781,63.907384,4.417911,51.331163,8.509873,39.132106,13.941383,27.499907,21.251106,16.966989,30.517575,8.113146,41.989414,1.872430,54.732103,0.054969,66.914734,4.221025,76.325641,12.973137,82.008055,24.360319,85.551962,36.754116,88.047423,49.409093,90.632285,62.034742,92.235596,74.792542,91.591801,87.585165,88.040028,99.878909,82.871590,111.702881,78.542260,123.819977,76.273801,136.469095,75.965758,149.347128,77.198318,162.177957,79.548398,174.851000,82.644068,187.366323,86.042130,199.798457,89.537102,212.199140,92.085886,224.758346,91.839087,237.610107,87.723535,249.623888,79.284675,259.839183,66.235103,262.124638
Type02,L,265,67.238188,266.880977,53.913293,265.274107,44.774103,256.610861,38.613359,245.540852,34.368284,233.162867,31.977996,220.131614,29.634001,207.077685,26.973239,194.078183,23.864223,181.168479,20.550244,168.296002,16.858262,155.534944,12.828440,142.903770,8.817113,130.269513,4.941174,117.565752,1.962553,104.594965,0.364366,91.394954,0.315703,78.217392,1.898851,65.168627,4.739558,52.362329,9.019330,39.959683,14.740399,28.178334,22.268649,17.457771,31.460472,8.265071,43.150914,1.934514,56.179201,0.049907,68.613001,4.222294,77.980789,13.230189,83.828373,24.856957,87.477906,37.468065,89.970502,50.372019,92.558249,63.256381,94.222116,76.267873,93.539498,89.270126,89.804615,101.773933,84.448435,113.786826,80.069542,126.141265,77.967166,139.082334,77.875686,152.220366,79.214664,165.291435,81.631041,178.210093,84.776335,190.974107,88.266697,203.646966,91.681189,216.338072,94.149296,229.174297,93.884939,242.262385,89.614683,254.485398,80.722719,264.581533,67.510724,266.982206
Type02,L,270,68.597429,270.859744,55.337294,269.304093,45.120606,260.900668,38.529629,249.477979,34.740390,236.701267,32.407216,223.519529,29.669869,210.412515,26.515216,197.386621,23.193131,184.402228,19.870196,171.417259,16.553327,158.429882,12.950643,145.520917,9.020944,132.712573,5.153668,119.885520,2.256003,106.804095,0.480439,93.525659,0.298679,80.149081,1.894040,66.860136,5.070489,53.850326,9.711707,41.295368,15.856611,29.398785,23.485117,18.384344,32.365247,8.648319,44.111452,2.139191,57.348984,0.045815,70.078763,3.998386,79.271324,13.282611,85.305363,25.069138,89.035228,37.892188,91.545458,51.034284,93.917361,64.220198,95.642668,77.506343,95.037667,90.715230,91.085309,103.410292,85.557644,115.610214,80.901124,128.111735,78.526553,141.206613,78.636201,154.560893,80.278508,167.835299,82.833289,180.980147,86.119901,193.960128,90.039020,206.775650,93.408700,219.751696,95.670157,232.917339,95.502503,246.225838,91.576926,258.732593,82.305358,268.339074,69.063534,270.882088
Type02,L,275,69.381541,275.803399,55.863677,273.743066,45.464812,264.932909,38.588126,253.292167,34.635636,240.312638,32.343244,226.896710,29.604441,213.571739,26.395942,200.340572,23.013560,187.152690,19.675507,173.953818,16.299588,160.768504,12.515417,147.697908,8.408436,134.716196,4.594732,121.643440,1.759994,108.328577,0.303348,94.796245,0.518098,81.195533,2.258050,67.699871,5.336608,54.464216,9.986787,41.699742,16.240685,29.645829,24.117120,18.557481,33.293499,8.579900,45.267693,2.082136,58.715582,0.119326,71.626207,4.187735,81.014999,13.676817,87.168622,25.710080,90.989647,38.761756,93.524019,52.144216,95.911233,65.551128,97.861293,79.034538,97.152817,92.503241,93.022836,105.428530,87.350937,117.817394,82.641403,130.515427,80.736404,143.932601,80.988596,157.503682,82.502785,170.996916,85.004707,184.368095,88.238380,197.588050,91.978982,210.682003,95.324778,223.892525,97.853104,237.244786,97.601699,250.805636,93.098093,263.511083,83.254878,273.256137,69.877625,276.011045
Type02,L,280,70.475441,280.734534,56.778786,278.502160,46.170829,269.717743,39.011835,257.984331,34.941794,244.794230,32.650051,231.121169,29.748254,217.567245,26.341429,204.113942,22.849855,190.684739,19.498964,177.220015,16.192693,163.744326,12.399418,150.404751,8.191593,137.183519,4.302580,123.869081,1.499157,110.290364,0.192708,96.476824,0.601245,82.607602,2.469704,68.852872,5.599029,55.361832,10.373575,42.367975,16.852531,30.136784,24.974866,18.878664,34.235835,8.611694,46.485409,2.048370,60.201387,0.142800,73.320577,4.342545,82.732097,14.103378,88.994314,26.378111,92.886986,39.661703,95.397344,53.299893,97.814564,66.960406,99.837258,80.681785,99.037979,94.350883,94.733673,107.477319,88.863520,120.052451,84.117638,133.006757,82.489505,146.783077,82.967003,160.668153,84.551062,174.434991,87.104290,188.067107,90.361860,201.550437,94.091321,214.916504,97.363198,228.411089,99.870554,242.009015,99.476387,255.773635,94.643189,268.576206,84.422058,278.206923,70.909397,281.005692
Type03,L,230,50.537858,230.597432,39.270805,228.973247,30.137424,222.135534,24.749543,212.302160,21.322279,201.482304,19.091739,190.369491,17.361784,179.140786,15.648377,167.908033,13.788149,156.700575,11.537499,145.567476,9.124024,134.463550,6.694721,123.362075,4.407597,112.231060,2.392942,101.043325,0.913250,89.780372,0.144211,78.438783,0.421178,67.091777,1.605332,55.812964,3.951319,44.725125,7.556070,33.980348,12.392034,23.738494,18.597676,14.292066,26.506567,6.291210,36.319472,0.818019,47.583545,0.341867,58.451153,3.413751,66.642070,11.346726,71.731500,21.451105,75.268456,32.252850,77.205328,43.436443,78.206488,54.757743,78.419919,66.118319,78.217703,77.470180,77.097474,88.758577,75.218665,99.959241,73.392741,111.174955,71.935769,122.451408,71.697990,133.781026,72.883725,145.079375,74.599796,156.313944,76.095015,167.575366,77.251048,178.876962,78.135421,190.201130,78.455514,201.534942,76.442180,212.607047,70.391230,222.077388,61.492629,228.821213,50.259461,230.664767
Type03,L,235,52.030986,235.541171,40.462634,234.060475,30.683050,226.995330,25.315531,216.778171,22.215863,205.773493,19.697462,194.635198,17.371953,183.323365,15.514392,171.909999,13.662717,160.508218,11.434227,149.177085,9.181887,137.852409,6.738128,126.623795,4.292750,115.340187,2.149716,103.987480,0.658505,92.528263,0.203773,80.972578,0.478591,69.449526,1.857935,58.039023,4.172513,46.825363,7.740879,35.998607,12.463448,25.600284,18.495807,15.871702,26.476108,7.835692,36.033548,1.898475,47.360622,0.533203,58.611260,2.910256,67.046941,11.050038,72.339353,21.247475,76.157177,32.146846,77.989631,43.527474,78.740481,55.012681,79.033816,66.527928,78.663689,78.066959,77.511677,89.554916,75.639817,100.945093,73.748631,112.323074,72.186088,123.743720,72.030163,135.220256,73.294495,146.669703,74.965478,158.105316,76.360916,169.569527,77.623526,181.042403,78.701037,192.525893,79.226949,204.010042,76.988848,215.265602,71.566004,225.336671,63.622762,233.281778,52.188783,235.396965
Type03,L,240,53.242776,240.920548,41.400289,239.535340,31.201519,232.246811,25.649930,221.783209,22.436149,210.636062,19.787883,199.316653,17.298850,187.786228,15.362802,176.122743,13.474777,164.473839,11.246534,152.891416,9.065877,141.307110,6.634702,129.858442,4.105789,118.348913,1.974599,106.754239,0.550434,95.046332,0.241379,83.240670,0.523593,71.480711,1.912886,59.839143,4.189087,48.396918,7.787951,37.377207,12.622739,26.798222,18.764176,16.852158,26.813967,8.567461,36.348929,2.177055,47.887247,0.541696,59.460535,2.767911,67.904006,11.296451,73.288619,21.736467,77.237878,32.861181,78.962267,44.516543,79.613572,56.217284,80.155449,67.921525,79.885320,79.698893,78.629523,91.449588,76.601615,103.070139,74.693876,114.673151,73.296197,126.305717,73.424903,137.945998,74.792625,149.603784,76.274948,161.324031,77.418218,173.071644,78.626465,184.787156,79.908117,196.481132,80.524678,208.206721,78.027419,219.721114,72.916923,230.071597,65.308224,238.473902,53.555344,240.773327
Type03,L,245,54.125199,246.057045,42.062461,244.751446,31.659291,237.296854,25.792054,226.719420,22.190946,215.451786,19.549367,203.844114,17.237441,192.015878,15.261416,180.080291,13.305332,168.171203,11.077954,156.321991,8.878928,144.479393,6.450071,132.749824,3.904614,120.982032,1.885790,109.113371,0.568828,97.146487,0.255013,85.091865,0.547907,73.073083,1.793092,61.145956,4.026756,49.417113,7.726688,38.131515,12.819303,27.359271,19.250764,17.255192,27.341911,8.560487,37.075199,1.813539,48.919753,0.408496,60.725606,2.915535,69.019904,11.902525,74.416718,22.664178,78.359517,34.094068,80.013818,46.051277,80.700025,57.982713,81.546601,69.884199,81.529178,81.914524,80.119063,93.948283,77.845786,105.809388,75.962666,117.662727,74.886597,129.534330,75.385903,141.337898,76.855978,153.226968,78.082419,165.262415,78.920649,177.321222,79.983475,189.306345,81.455283,201.227292,82.068259,213.237170,79.336592,225.049556,74.239457,235.405275,66.502703,243.688354,54.396169,246.114912
Type03,L,250,54.882756,250.743263,42.641782,249.551697,32.110704,242.032460,25.897213,231.409615,21.927859,219.992323,19.356665,208.059771,17.331538,195.924484,15.302953,183.734223,13.270796,171.578946,11.069137,159.472870,8.793562,147.395397,6.315244,135.361081,3.780532,123.339212,1.882945,111.206229,0.647757,99.000191,0.254620,86.717110,0.554450,74.447165,1.596879,62.227988,3.787328,50.203421,7.627198,38.626195,12.981456,27.642402,19.709083,17.388582,27.808724,8.217943,37.875916,1.243089,50.045182,0.228530,62.015231,3.170534,70.166650,12.551573,75.576041,23.622751,79.446239,35.377417,81.099904,47.622180,81.892276,59.771376,82.963835,71.863285,83.173082,84.137063,81.596082,96.444524,79.095952,108.541286,77.250654,120.639643,76.472566,132.740403,77.280975,144.702707,78.830844,156.819161,79.832713,169.157284,80.431506,181.512402,81.368141,193.756916,83.004725,205.895603,83.585690,218.184166,80.691263,230.307294,75.457975,240.564901,67.500970,248.570172,55.085493,251.137983
Type03,L,255,55.851694,255.236131,43.435457,254.227540,32.664798,246.764171,26.150816,236.081708,22.096184,224.435283,19.578140,212.200976,17.704306,199.800958,15.567398,187.388965,13.474519,175.006810,11.333133,162.659297,8.970306,150.367804,6.370547,138.034765,3.824046,125.780786,1.956434,113.415416,0.714750,100.997580,0.257024,88.503599,0.556528,75.999927,1.452176,63.513752,3.603275,51.217482,7.561200,39.359357,13.047074,28.129637,19.918519,17.668801,28.018395,8.056769,38.435597,0.949037,50.881616,0.101214,63.002976,3.339821,71.181382,12.954806,76.690908,24.253183,80.516330,36.305190,82.242940,48.807353,83.139275,61.151560,84.266665,73.426513,84.530664,85.930134,82.814487,98.495989,80.194747,110.827171,78.365107,123.152436,77.705762,135.453880,78.657345,147.577573,80.257241,159.907747,81.137412,172.520369,81.640435,185.141584,82.561664,197.619887,84.339435,209.959340,84.934704,222.492211,81.964561,234.930325,76.648845,245.186247,68.755643,253.186455,56.113675,255.975818
Type03,L,260,57.303258,259.995556,44.674197,259.229321,33.418394,251.928880,26.663442,241.121100,22.899956,229.150946,20.374799,216.661878,18.388998,204.051051,16.082034,191.438909,13.956375,178.835711,11.895094,166.251444,9.474240,153.746303,6.699324,141.136895,4.085613,128.668153,2.097469,116.099721,0.731724,103.483936,0.277434,90.778405,0.571941,78.049161,1.456406,65.326315,3.577513,52.789124,7.562821,40.674236,12.991509,29.152423,19.795032,18.388459,27.933747,8.437263,38.615244,1.211567,51.260768,0.079636,63.575344,3.324204,72.028049,12.998823,77.770758,24.423992,81.646857,36.729155,83.490894,49.470617,84.444972,61.995508,85.465661,74.455288,85.581573,87.187331,83.781462,100.011214,81.174145,112.590130,79.312246,125.129988,78.542952,137.608216,79.464786,149.905847,81.095239,162.443199,81.964478,175.316239,82.511623,188.187567,83.549651,200.883043,85.452995,213.415494,86.151691,226.158153,83.171349,238.921539,77.979351,249.391666,70.603922,257.860079,57.796969,260.966480
Type03,L,265,59.277923,265.313449,46.382167,264.791267,34.390853,257.719232,27.405870,246.729099,24.183761,234.377308,21.607452,221.665571,19.298341,208.871227,16.799370,196.054327,14.666321,183.217241,12.669520,170.386828,10.235413,157.646599,7.285493,144.787974,4.550255,132.104093,2.301359,119.342787,0.713296,106.521398,0.321997,93.585706,0.614635,80.622472,1.633652,67.677862,3.739523,54.915928,7.612349,42.560871,12.837954,30.707461,19.429430,19.559134,27.693799,9.387526,38.507642,1.973738,51.289259,0.147137,63.860977,3.165454,72.785268,12.794094,78.871141,24.282537,82.902343,36.809317,84.856213,49.798432,85.826895,62.506213,86.679837,75.161086,86.547152,88.135464,84.724549,101.237665,82.212185,114.088458,80.266060,126.845101,79.238838,139.495734,80.050814,151.982126,81.714167,164.734035,82.625216,177.882337,83.272607,191.016835,84.498019,203.934852,86.516543,216.668004,87.396064,229.607193,84.424579,242.713689,79.591031,253.591512,73.056827,262.862638,60.082103,266.328149
Type03,L,270,61.538195,271.036643,48.341891,270.678764,35.495278,263.845478,28.218914,252.677511,25.513608,239.963448,22.902821,227.027530,20.250516,214.035808,17.605117,200.989010,15.476103,187.898011,13.488413,174.809490,11.074644,161.807068,8.016335,148.727744,5.138549,135.814444,2.561854,122.852108,0.712648,109.805376,0.385086,96.618606,0.687852,83.405230,1.929914,70.235007,4.038774,57.245754,7.651664,44.653268,12.645115,32.459213,19.032864,20.911843,27.533974,10.612263,38.364219,2.893973,51.258132,0.233321,64.127306,3.011143,73.568872,12.598687,80.025527,24.152046,84.266828,36.893405,86.270275,50.157396,87.259970,63.060385,88.027335,75.918342,87.724184,89.152221,85.926807,102.560261,83.498040,115.700982,81.434523,128.684923,80.165534,141.521499,80.928049,154.200042,82.647642,167.180340,83.563355,180.638444,84.248757,194.069333,85.620926,207.231244,87.741087,220.180148,88.820231,233.326143,85.828873,246.787638,81.488582,258.120934,75.763934,268.138199,62.551227,271.904792
Type03,L,275,63.658595,276.530309,50.177330,276.191087,36.560748,269.556468,28.888504,258.293101,26.398607,245.321361,23.835509,232.136968,21.038298,218.909205,18.353365,205.609751,16.223528,192.259517,14.165872,178.918098,11.779358,165.645705,8.727328,152.380377,5.733308,139.227829,2.861789,126.054806,0.785578,112.772337,0.452253,99.333783,0.782043,85.866392,2.244947,72.462970,4.374865,59.239556,7.620441,46.409621,12.479686,33.913333,18.824113,22.041721,27.656771,11.664080,38.442764,3.541721,51.461626,0.257477,64.610620,3.023077,74.437526,12.666987,81.189585,24.340446,85.617635,37.302996,87.580467,50.862572,88.641661,63.966160,89.515535,77.018139,89.277176,90.511250,87.528552,104.234297,85.085639,117.655724,82.903762,130.868482,81.568139,143.905639,82.453415,156.756075,84.260798,169.967488,85.072581,183.761092,85.643943,197.513841,87.021077,210.935395,89.218289,224.104525,90.441959,237.473820,87.375915,251.274968,83.494534,262.924788,78.162142,273.210169,64.613086,277.121406
Type03,L,280,65.198049,280.894377,51.505413,280.409754,37.393231,273.902351,29.241254,262.677959,26.522934,249.610528,24.120689,236.161786,21.505787,222.670274,18.913122,209.124857,16.767847,195.544783,14.566285,181.989499,12.188395,168.479143,9.264847,155.076280,6.219139,141.700984,3.168369,128.328432,0.955787,114.830541,0.506769,101.176921,0.878347,87.483565,2.480137,73.858861,4.644847,60.413331,7.490643,47.363280,12.388638,34.651963,18.924009,22.604833,28.127557,12.167750,38.867878,3.615659,52.034678,0.172525,65.380623,3.286456,75.338525,13.113837,82.232494,24.974658,86.756304,38.154025,88.593547,51.994682,89.803025,65.279599,90.997264,78.489033,91.112940,92.205986,89.413638,106.211268,86.823759,119.862948,84.553905,133.278913,83.401633,146.510533,84.607794,159.484919,86.524786,172.901611,87.108765,187.015750,87.398182,201.076820,88.598515,214.743468,90.834786,228.109227,92.094932,241.698713,88.905880,255.780285,85.295164,267.474735,79.717048,277.319985,65.764987,281.169428
Type04,L,230,54.774515,231.216607,43.294154,230.169973,33.309160,224.772291,26.684828,215.628166,23.391490,204.720131,21.447195,193.379840,19.729872,182.007986,17.806890,170.672117,15.720771,159.363357,13.484576,148.083932,11.061544,136.842472,8.626895,125.602361,6.203678,114.359848,3.707983,103.131788,1.594747,91.829141,0.300331,80.402096,0.229440,68.913954,1.553340,57.496852,4.153402,46.298213,7.886447,35.418008,12.549325,24.913897,18.692019,15.196229,26.468638,6.732621,36.613213,1.325369,47.966453,0.024956,59.132755,2.497387,68.886946,8.480275,75.634420,17.571608,79.628844,28.247894,81.543699,39.531078,81.906894,50.995392,81.259977,62.464445,80.172234,73.914070,78.983212,85.352390,77.847891,96.796653,77.116390,108.275692,76.610353,119.769308,76.879004,131.238577,78.284805,142.657647,79.526250,154.089750,80.554612,165.541621,81.310005,177.014755,81.794205,188.501144,81.678654,199.970329,79.797628,211.235147,75.235275,221.466475,66.191279,228.627290,54.933112,231.299239
Type04,L,235,56.490430,235.685520,44.946203,234.107046,34.886840,228.697165,28.177292,219.490480,24.408289,208.583126,21.971709,197.234597,20.185110,185.727652,18.343124,174.197045,16.159354,162.729911,13.935682,151.266191,11.673741,139.812372,9.238125,128.402051,6.780056,116.998701,4.249209,105.644301,1.977699,94.209939,0.494326,82.697446,0.107649,71.085446,1.226778,59.557174,3.592033,48.224958,7.139858,37.126296,11.725128,26.388441,17.661547,16.426574,25.353861,7.646061,35.591474,2.043622,47.038131,0.105416,58.411665,2.423722,68.010754,9.010860,75.085201,18.364507,79.232219,29.326380,81.575857,40.537259,82.692709,51.950396,82.446981,63.592723,81.791466,75.256518,80.745043,86.874622,79.402399,98.455651,78.138808,110.069723,77.455897,121.728605,77.460349,133.304395,78.746253,144.981005,79.974805,156.549150,81.106934,168.155842,81.778457,179.794991,82.518834,191.398005,82.619086,202.877720,80.883866,214.123338,76.562282,224.809044,67.951014,232.811973,56.422669,235.744318
Type04,L,240,57.909487,240.819472,46.251004,238.920203,36.307171,233.173599,29.622516,223.824447,25.538167,212.865197,22.863199,201.308907,21.091029,189.584361,19.302560,177.856378,17.115356,166.182949,14.758730,154.503252,12.453329,142.815355,9.850252,131.203413,7.237034,119.591592,4.616931,108.017355,2.250828,96.364398,0.667247,84.636284,0.140319,72.807435,1.216745,61.035587,3.602195,49.472330,7.266176,38.203660,11.763925,27.199828,17.484125,16.821085,25.225950,7.833579,35.847549,2.441263,47.449737,0.133464,59.012044,2.579865,68.440486,9.897684,75.498142,19.500285,79.706149,30.623119,82.633288,41.933210,84.313569,53.465692,84.160513,65.342098,83.622920,77.241435,82.577955,89.073181,81.026065,100.841654,79.386377,112.647841,78.733507,124.520011,78.843465,136.231895,79.888879,148.202085,81.115699,159.985298,82.238658,171.818118,83.082948,183.669767,83.997679,195.471136,84.353792,207.099507,82.837696,218.535190,78.191303,229.629766,69.600408,238.092450,57.832299,240.992381
Type04,L,245,58.720796,245.996538,46.894851,243.972426,37.159853,237.646698,30.646544,228.050810,26.489194,216.955348,23.814507,205.085050,22.089152,193.102944,20.311172,181.181648,18.153312,169.279166,15.617904,157.374682,13.127066,145.461828,10.288032,133.633430,7.497822,121.788515,4.763843,109.948762,2.373481,98.028526,0.775509,86.009072,0.255568,73.913290,1.446975,61.840674,4.049186,50.004468,8.001486,38.582500,12.457815,27.329884,18.036553,16.508335,25.941038,7.453037,37.069412,2.442600,48.882090,0.119424,60.594078,2.923559,69.863407,10.952637,76.632814,20.810292,80.861078,31.989492,84.275571,43.558149,86.218189,55.342218,85.983619,67.471696,85.295119,79.598311,84.091380,91.646778,82.357309,103.629963,80.568031,115.661457,80.104175,127.768882,80.577445,139.653808,81.341962,151.908958,82.582588,163.956155,83.623992,176.044729,84.773131,188.124716,85.764234,200.169648,86.337925,212.050523,84.971130,223.797526,79.702796,235.193341,70.792778,243.736969,58.817390,246.321525
Type04,L,250,58.944180,250.925702,46.895244,248.928733,37.309422,241.960360,31.078095,232.013234,27.077373,220.682041,24.536624,208.497144,22.826438,196.258450,21.015581,184.135753,18.859783,171.999883,16.204950,159.871694,13.505900,147.751204,10.480795,135.698791,7.580753,123.615673,4.747082,111.512207,2.374723,99.320004,0.800609,87.001975,0.374904,74.635796,1.771625,62.282308,4.654088,50.188231,8.847222,38.564436,13.335491,27.097423,18.920145,15.955911,27.039853,6.919341,38.598181,2.153218,50.658035,0.087309,62.497238,3.306981,71.653606,11.871009,78.071663,22.027699,82.343486,33.257616,85.967919,45.189063,87.874682,57.295014,87.544132,69.665166,86.554801,81.999707,85.076953,94.255438,83.224080,106.467675,81.507407,118.740481,81.279540,131.088994,82.156230,143.198527,82.709286,155.702713,83.980194,168.033163,84.953497,180.371497,86.384441,192.676845,87.366456,204.977633,88.033194,217.165146,86.621625,229.234824,80.798691,240.793717,71.445378,249.207037,59.272874,251.328340
Type04,L,255,58.922689,255.679049,46.598322,253.824946,36.967074,246.349825,31.024055,235.985594,27.302854,224.333789,24.892949,211.901496,23.125842,199.428664,21.254453,187.076256,19.050086,174.707618,16.389397,162.353632,13.571730,150.029150,10.487747,137.745870,7.576045,125.430173,4.687512,113.090888,2.327271,100.653213,0.753724,88.079031,0.456821,75.469028,2.048733,62.896705,5.133878,50.591414,9.325470,38.660406,13.903319,26.993803,19.667669,15.732542,27.984222,6.689986,39.759580,1.809651,52.078376,0.061945,64.068460,3.543814,73.191775,12.363906,79.434120,22.886084,83.809918,34.281458,87.348135,46.603444,89.028408,59.044877,88.680505,71.634540,87.372726,84.166338,85.599984,96.628203,83.721754,109.083601,82.224427,121.607228,82.155008,134.199432,83.257347,146.594534,83.756538,159.309634,85.070184,171.922263,86.075980,184.488706,87.660339,197.014752,88.583145,209.567081,89.164078,222.071828,87.483877,234.400945,81.451580,245.999507,71.777667,254.310444,59.390216,256.026772
Type04,L,260,59.133375,260.536026,46.494001,258.916831,36.572877,251.197065,30.794265,240.419431,27.320639,228.404358,24.938463,215.796743,23.048249,203.108016,21.113899,190.485315,18.831595,177.877483,16.257394,165.286564,13.454814,152.740143,10.439564,140.219761,7.580396,127.676724,4.692022,115.125523,2.299222,102.474362,0.668404,89.695114,0.504582,76.870061,2.194916,64.131592,5.327006,51.654194,9.225249,39.307508,13.906381,27.419462,19.980505,16.200652,28.426608,7.016572,40.197220,1.650311,52.766223,0.058721,64.978578,3.515571,74.168494,12.321133,80.546230,23.254367,85.077264,34.991793,88.370256,47.663890,89.786152,60.422089,89.493220,73.223214,87.949583,85.961693,85.964857,98.647656,84.158674,111.365547,82.912002,124.149837,82.843037,136.992585,83.880095,149.725570,84.498380,162.632161,85.858302,175.516543,87.033658,188.296107,88.631069,201.048701,89.492236,213.848936,89.823335,226.657278,87.747708,239.177260,81.917085,250.755883,72.189501,259.172593,59.555910,260.723529
Type04,L,265,59.918267,265.722191,46.948036,264.394271,36.550860,256.686154,30.717340,245.570077,27.325866,233.202032,24.846786,220.445084,22.815519,207.538395,20.839768,194.613102,18.494084,181.750689,16.022532,168.907479,13.322214,156.110592,10.436755,143.353451,7.631948,130.579819,4.787857,117.815711,2.315644,104.964261,0.586407,92.001256,0.537342,78.969318,2.195582,66.069754,5.238846,53.421247,8.699866,40.621416,13.458241,28.467929,19.860440,17.313833,28.358437,7.804916,40.018715,1.781345,52.823343,0.080681,65.345030,3.252850,74.695194,11.902405,81.469893,23.225147,86.163940,35.432372,89.246966,48.376449,90.482275,61.424654,90.250048,74.450466,88.609048,87.422560,86.562315,100.363272,84.891240,113.361536,83.815945,126.414371,83.585502,139.515742,84.305126,152.606875,85.138408,165.710805,86.536482,178.852571,87.975336,191.848591,89.511227,204.843831,90.355048,217.895499,90.366488,230.987148,87.957059,243.684126,82.589913,255.280829,73.038715,264.037381,60.139643,265.732478
Type04,L,270,61.290781,271.175159,48.005393,270.124365,37.081226,262.557303,30.958724,251.218053,27.429437,238.550405,24.782333,225.611473,22.655510,212.467967,20.673042,199.239121,18.311902,186.109030,15.877199,173.007393,13.259255,159.944532,10.476859,146.965883,7.688085,133.950387,4.910140,120.948307,2.353050,107.882893,0.543195,94.715060,0.553147,81.459812,2.078677,68.352678,4.996266,55.492164,8.163337,42.325809,12.963500,29.877954,19.567349,18.637477,28.061360,8.666077,39.680629,2.119076,52.715716,0.121981,65.598438,2.934741,75.168115,11.483516,82.389094,23.086507,87.207420,35.743437,90.245321,48.878303,91.423729,62.190842,91.202470,75.465185,89.625440,88.699693,87.670511,101.917892,86.132602,115.197233,85.083015,128.513837,84.595502,141.871011,84.903739,155.291105,85.907414,168.612735,87.324907,181.990572,89.012582,195.218953,90.498938,208.470132,91.401028,221.775527,91.166085,235.128494,88.676212,248.058646,83.777586,259.806998,74.439920,269.001854,61.289364,271.080231
Type04,L,275,62.926433,276.455397,49.374940,275.571804,38.020833,268.101232,31.447594,256.649010,27.602277,243.756537,24.804772,230.571907,22.673432,217.176838,20.717282,203.688968,18.390911,190.299410,15.885121,176.957750,13.225310,163.648999,10.460444,150.485099,7.658514,137.219524,4.947633,123.952212,2.365199,110.646073,0.557711,97.230006,0.517074,83.727754,1.881495,70.345913,4.754768,57.216220,8.053645,43.893231,12.882913,31.173314,19.442484,19.577819,27.909337,9.126387,39.697550,2.443459,52.970993,0.173245,66.188868,2.799224,75.984680,11.472222,83.440356,23.177320,88.321740,36.088379,91.478577,49.351384,92.681185,62.896215,92.423375,76.430139,91.072492,89.936094,89.309101,103.423164,87.834047,116.951608,86.660764,130.501894,85.919621,144.087110,85.912345,157.755141,86.904280,171.307006,88.316810,184.884533,90.116294,198.354215,91.616095,211.853174,92.656314,225.396247,92.378907,238.979020,90.163913,252.233235,85.517793,264.316079,76.194721,273.831312,62.847385,276.363697
Type04,L,280,64.332327,280.848352,50.592095,279.944342,39.005147,272.397676,31.944643,260.904675,27.715159,247.863988,24.859858,234.385857,22.822365,220.753789,20.912108,207.095236,18.645617,193.491304,15.975066,179.961668,13.105246,166.471548,10.267493,153.180230,7.468699,139.676721,4.813991,126.144361,2.318242,112.585587,0.628393,98.894589,0.384766,85.142406,1.635233,71.444296,4.619177,58.012340,8.603261,44.807167,13.482644,31.901255,19.712487,19.682966,28.152451,8.872205,40.356207,2.526515,53.875916,0.225033,67.316237,3.015621,77.292863,12.095640,84.599368,23.705332,89.490175,36.560478,92.822667,49.909493,94.047596,63.635029,93.757530,77.404213,92.771306,91.153314,91.218376,104.856029,89.696663,118.563465,88.301728,132.285705,87.395917,146.039009,87.299616,159.836737,88.031832,173.601327,89.416541,187.320817,91.115525,201.012216,92.685925,214.715726,93.917934,228.448247,93.858963,242.208517,92.238380,255.851266,87.539591,268.424651,77.884978,277.962633,64.427674,280.839683
Type05,L,230,52.388247,230.732932,41.130001,229.247794,32.242073,222.298807,26.964595,212.444067,23.702884,201.550144,21.316213,190.398927,19.732961,179.114183,18.680382,167.763992,17.814734,156.387360,16.301088,145.093186,13.588341,134.039787,9.910070,123.251226,5.852640,112.593473,2.358468,101.757405,0.410533,90.572268,0.093068,79.188975,1.205442,67.863558,3.773549,56.743587,6.976803,45.805975,11.184412,35.206521,16.055919,24.900118,21.914105,15.126139,29.914170,6.949825,40.306017,2.340763,51.424134,0.329294,61.952870,3.852944,68.714891,12.028710,72.888864,22.674057,76.923497,33.357955,79.972832,44.298902,81.038819,55.620035,79.998308,66.950477,77.643067,78.115764,74.710003,89.126608,71.698718,100.117295,69.256276,111.248479,68.323013,122.552947,69.227334,133.922810,70.894469,145.199307,73.164750,156.367297,75.934178,167.429859,78.625450,178.511663,80.771901,189.685206,80.783149,201.035032,78.030458,212.128137,73.104254,222.211651,64.025798,229.114271,52.790885,231.012990
Type05,L,235,53.645979,235.771902,42.210927,234.323200,33.222763,227.293591,27.793717,217.302355,24.418333,206.201874,22.013628,194.808106,20.399462,183.277773,19.303919,171.682387,18.343463,160.067259,16.748918,148.531637,14.010795,137.222228,10.313959,126.174878,6.232851,115.262869,2.665363,104.193386,0.572959,92.784772,0.103702,81.164616,1.113819,69.582250,3.601860,58.195217,6.798013,46.996434,11.012837,36.133864,15.927217,25.570698,21.818550,15.525503,29.881785,7.069295,40.448153,2.231114,51.843509,0.299957,62.611780,3.918298,69.557443,12.300886,73.804768,23.133131,77.793810,34.084850,80.881569,45.268126,82.080959,56.806978,81.237062,68.370616,78.991965,79.785041,76.053299,91.044715,72.984716,102.280249,70.481321,113.659802,69.456893,125.219739,70.252614,136.843545,71.905332,148.374445,74.205811,159.791986,76.988490,171.106703,79.672203,182.443064,81.812720,193.866593,81.918931,205.443901,79.309284,216.749827,74.335467,226.977983,65.290526,234.042873,53.904267,235.993779
Type05,L,240,55.185583,240.922939,43.377337,239.623683,33.835888,232.575858,28.001536,222.431604,24.762660,211.037256,22.440819,199.403885,20.784670,187.653078,19.708056,175.831074,18.594591,164.006358,16.901108,152.251269,14.008389,140.749128,10.276346,129.490394,6.133619,118.359651,2.623787,107.025369,0.668974,95.362375,0.253914,83.522017,1.284971,71.730854,3.642539,60.100709,6.881130,48.689201,10.969919,37.540053,15.890225,26.729563,21.998639,16.532674,30.358093,7.783286,40.824863,2.251723,52.478213,0.232786,63.604531,3.550438,70.898986,11.943455,75.234222,22.994847,79.077745,34.235259,82.262035,45.654217,83.564876,57.435157,82.808763,69.253505,80.511341,80.904781,77.377737,92.359194,74.099562,103.767934,71.551550,115.345052,70.578056,127.111686,71.393581,138.941405,73.107945,150.679943,75.487288,162.308376,78.268084,173.853135,80.981440,185.416795,83.127230,197.089122,83.477555,208.920235,81.205368,220.546280,76.276461,231.189780,67.112606,238.816697,55.436197,241.108771
Type05,L,245,55.524221,244.644378,43.610715,243.092532,34.481453,235.374193,28.934436,224.904697,25.592519,213.344051,23.129099,201.553353,21.462241,189.629407,20.303866,177.641454,19.192955,165.642794,17.474780,153.727940,14.497601,142.077691,10.767790,130.636632,6.644970,119.317543,3.052573,107.823040,0.842962,96.023210,0.240023,84.029765,1.124873,72.061868,3.437014,60.265548,6.650194,48.745800,10.759791,37.460531,15.717965,26.514605,21.619342,16.070984,29.827356,7.083230,40.713707,1.994361,52.557174,0.215783,63.709443,4.183329,71.177564,12.887857,75.585211,24.077057,79.591869,35.443384,82.694288,47.048164,84.139470,58.976510,83.679449,70.957347,81.661391,82.811104,78.742260,94.485788,75.600539,106.110073,72.941575,117.852608,71.663259,129.777960,72.198008,141.789837,73.765740,153.723178,76.090040,165.538206,78.897299,177.253198,81.638073,188.983492,83.881378,200.799690,84.230999,212.785947,81.920895,224.576542,76.967515,235.311600,67.679772,242.898887,55.731507,244.937680
Type05,L,250,56.128879,249.672585,44.044547,247.860575,35.246364,239.464171,29.951419,228.620344,26.514496,216.835361,23.969679,204.822262,22.315478,192.665478,21.074344,180.455502,19.921107,168.232865,18.120641,156.108983,15.057673,144.250471,11.313075,132.573907,7.214253,121.005792,3.531466,109.295775,1.049712,97.305460,0.228577,85.104977,0.944177,72.901408,3.190769,60.876404,6.371422,49.179506,10.511724,37.687100,15.527330,26.537015,21.245499,15.780304,29.322119,6.499729,40.618571,1.725445,52.712828,0.188212,63.975208,4.727441,71.655044,13.789232,76.115809,25.171445,80.215198,36.744125,83.276069,48.586987,84.900373,60.716370,84.772867,72.919587,83.047613,85.034329,80.328535,96.985162,77.295342,108.875258,74.530436,120.838258,72.953915,132.978557,73.191466,145.225764,74.619211,157.408695,76.892881,169.465628,79.717565,181.409993,82.452408,193.371976,84.768757,205.396746,85.181626,217.596604,82.928726,229.612782,77.924674,240.506204,68.536592,248.176316,56.306311,250.015746
Type05,L,255,56.917977,255.218333,44.618959,253.189858,35.975445,244.258289,30.835241,233.060948,27.339088,221.028516,24.815258,208.760570,23.205556,196.348148,21.899992,183.896099,20.654682,171.438050,18.712334,159.091629,15.580318,146.996675,11.802013,135.071692,7.728657,123.234323,3.966779,111.288169,1.251943,99.083336,0.222969,86.655321,0.776855,74.195430,2.946285,61.914909,6.091141,49.994151,10.268228,38.251369,15.354532,26.856422,20.958787,15.771053,28.957439,6.194404,40.556694,1.499874,52.921351,0.152570,64.375750,5.030609,72.264820,14.428545,76.734897,26.031301,80.810221,37.866715,83.893262,49.958648,85.703767,62.310710,85.879952,74.761469,84.399643,87.151741,81.819394,99.386926,78.836262,111.545847,75.998511,123.748636,74.200931,136.125739,74.186473,148.621318,75.514066,161.065950,77.752454,173.379460,80.577588,185.575676,83.260059,197.799716,85.598403,210.067855,86.144166,222.506563,84.060757,234.773614,78.980104,245.873636,69.548641,253.767300,57.092098,255.520834
Type05,L,260,57.859456,260.673680,45.319732,258.520191,36.598387,249.293942,31.467991,237.816555,27.954101,225.541441,25.554178,213.013196,24.010424,200.350281,22.668642,187.661557,21.288972,174.981811,19.162950,162.421753,15.992720,150.085035,12.163963,137.925457,8.110948,125.828450,4.291913,113.650309,1.421395,101.227931,0.224713,88.574862,0.649805,75.865281,2.740094,63.328576,5.853247,51.155805,10.068626,39.143374,15.229287,27.485969,20.821666,16.100276,28.819526,6.262544,40.560444,1.360762,53.185445,0.113810,64.904500,5.019466,72.979045,14.681806,77.420622,26.507087,81.349851,38.636407,84.521285,50.961584,86.500531,63.535420,86.906764,76.232950,85.580271,88.882036,83.043331,101.375294,80.031132,113.773444,77.163366,126.209579,75.262081,138.820885,75.084231,151.550963,76.372436,164.240082,78.601914,176.796324,81.410576,189.240194,84.003752,201.728243,86.307934,214.250110,87.046372,226.928287,85.234583,239.446424,80.065108,250.785348,70.654281,259.032494,58.056554,260.846126
Type05,L,265,58.989853,265.813952,46.191827,263.657434,37.167299,254.383613,31.884798,242.717081,28.371929,230.215903,26.148221,217.434845,24.661191,204.536151,23.307097,191.621899,21.771359,178.736199,19.457124,165.971568,16.284943,153.393430,12.395587,141.016163,8.348131,128.678076,4.491269,116.278177,1.548405,103.640139,0.232618,90.768568,0.574052,77.822509,2.591652,65.036550,5.686884,52.592838,9.937771,40.304448,15.165364,28.377988,20.856204,16.744053,28.935975,6.692402,40.671860,1.325188,53.539305,0.078562,65.580151,4.736909,73.824317,14.574740,78.241255,26.608383,81.948939,39.042824,85.251225,51.583405,87.370096,64.373080,87.924902,77.308312,86.651536,90.192093,84.052676,102.908000,80.929341,115.509776,78.059064,128.166069,76.163722,141.003129,75.920594,153.950229,77.230446,166.861419,79.485524,179.640436,82.270600,192.320389,84.772183,205.061201,87.008590,217.835881,87.973151,230.746529,86.494159,243.510584,81.250082,255.112172,71.896839,263.799111,59.219736,265.809448
Type05,L,270,60.383550,270.778582,47.310324,268.745162,37.829195,259.586805,32.253532,247.802450,28.716818,235.087863,26.633716,222.060628,25.152243,208.933189,23.793018,195.792788,22.109072,182.698849,19.649869,169.720243,16.507247,156.891910,12.557005,144.296236,8.490574,131.725107,4.601033,119.103066,1.642558,106.242290,0.243077,93.146504,0.542799,79.965156,2.499952,66.927861,5.600285,54.195820,9.880656,41.627703,15.157595,29.425584,21.037342,17.596006,29.266298,7.363798,40.927583,1.379887,54.031727,0.053607,66.429531,4.331250,74.858860,14.273898,79.319150,26.496521,82.816370,39.233823,86.247699,51.991498,88.479467,65.001362,89.129948,78.173030,87.834717,91.281961,85.087186,104.200117,81.787819,116.988648,78.907407,129.862426,77.075159,142.927427,76.839115,156.091014,78.211186,169.218423,80.528727,182.214493,83.299825,195.129052,85.757480,208.113191,87.936276,221.140881,89.122473,234.284752,87.973656,247.301244,82.701116,259.186433,73.389311,268.330139,60.628215,270.622975
Type05,L,275,62.083270,275.840640,48.718928,274.032821,38.741278,265.018333,32.785127,253.146121,29.154829,240.220167,27.085466,226.947365,25.522151,213.584434,24.143838,200.200610,22.349797,186.872915,19.831796,173.648802,16.737629,160.549527,12.736838,147.711437,8.621214,134.897937,4.686034,122.038058,1.724124,108.935652,0.251454,95.593961,0.537106,82.161018,2.448980,68.856843,5.582693,55.820965,9.884628,42.969271,15.186470,30.482583,21.303584,18.495246,29.717162,8.089358,41.339120,1.488700,54.692978,0.043980,67.454095,3.997844,76.119349,14.014107,80.749552,26.407574,84.141922,39.434680,87.651503,52.436381,89.980175,65.684745,90.720493,79.104231,89.375757,92.451076,86.432830,105.576184,82.925449,118.562939,79.988304,131.667390,78.202785,144.977505,77.999181,158.379821,79.441544,171.741196,81.853200,184.969486,84.636783,198.132503,87.143988,211.358303,89.322755,224.643994,90.686389,238.033901,89.796564,251.324869,84.567203,263.510302,75.223689,273.049867,62.297044,275.635659
Type05,L,280,64.029241,281.098437,50.368451,279.574150,39.970782,270.607728,33.618030,258.638605,29.801017,245.498768,27.563418,231.981447,25.817899,218.371186,24.391428,204.721256,22.546869,191.124527,20.078459,177.615956,17.036175,164.224887,13.003551,151.110487,8.810391,138.037762,4.804541,124.919664,1.810936,111.555737,0.253957,97.942496,0.536099,84.235522,2.418615,70.646473,5.612473,57.302832,9.927391,44.170965,15.227762,31.397112,21.580130,19.273905,30.175552,8.681254,41.877819,1.608003,55.502275,0.051380,68.598678,3.898756,77.565928,13.995392,82.515424,26.542023,85.972544,39.832272,89.475142,53.115912,91.894655,66.624107,92.758357,80.305765,91.383413,93.914525,88.245961,107.267140,84.537625,120.481159,81.473668,133.835261,79.657345,147.411629,79.465726,161.084769,80.955416,174.709370,83.480292,188.194749,86.312092,201.624874,88.983139,215.092011,91.249478,228.637868,92.716327,242.288864,91.962626,255.879174,86.855678,268.367719,77.372695,278.177456,64.151892,280.993214
Type06,L,230,51.727855,231.086959,40.713535,228.146076,33.926554,223.184709,27.511541,214.228822,23.428484,203.387932,21.034961,191.600206,19.634858,179.491571,17.924176,167.298812,15.776909,155.650178,13.466589,144.534963,10.667425,133.529898,7.786863,122.546022,5.167113,111.496855,2.800642,100.394355,0.953589,89.187403,-0.020126,77.888671,0.502510,66.557220,1.940896,55.322357,4.525696,44.283894,7.925925,33.467674,12.307652,23.026653,18.096807,13.331702,25.823905,5.053387,36.166911,0.464353,47.423587,0.016093,57.723228,4.414530,65.631183,12.254574,70.921031,22.150873,74.755299,32.818801,77.677292,43.792846,79.495048,54.993544,79.898162,66.327566,79.605962,77.665446,78.893443,88.996237,77.585931,100.276277,76.255388,111.550938,75.217815,122.851623,74.761920,134.185234,75.075740,145.520081,76.182070,156.809758,77.487173,168.128551,79.022964,179.474713,79.957440,190.837202,79.938185,202.094406,77.891815,213.072790,72.419750,222.694211,63.154614,229.728664,51.696449,230.879018
Type06,L,235,53.403727,235.269895,42.060302,232.933289,34.199164,227.317595,27.815339,217.883435,23.410890,207.039479,20.780451,195.318903,19.476213,183.292170,18.231867,171.159334,16.351557,159.415357,14.025093,148.097756,11.085413,136.942209,8.248960,125.774493,5.367174,114.554833,2.888514,103.213046,1.024496,91.790774,0.052899,80.278403,0.399689,68.730793,1.840079,57.288236,4.249552,45.886481,7.550251,34.955159,11.642449,24.284757,17.392175,14.444185,24.816242,5.568359,35.323563,0.843202,46.634843,-0.140666,56.821144,4.793395,64.761374,12.493780,70.952128,21.925686,75.054917,32.618361,78.186721,43.719954,80.288390,55.056699,81.257499,66.572968,81.115238,78.082662,80.634976,89.560295,79.713116,101.052773,77.921986,112.478709,76.863421,124.000786,76.189235,135.672442,76.380903,147.356526,77.288620,158.805384,78.285465,170.305085,79.695871,181.795772,80.824091,193.329134,81.059075,204.887718,79.352348,216.272121,74.624108,226.612790,65.199587,234.041685,53.253006,234.784028
Type06,L,240,54.205249,240.208285,42.540643,238.254387,33.845395,231.824913,27.499754,221.977174,23.097359,210.930554,20.546598,199.161693,19.319410,187.161593,18.243373,175.083058,16.475369,163.236430,14.118541,151.685326,11.200489,140.289419,8.477450,128.862091,5.564267,117.412196,3.094954,105.821209,1.177905,94.154083,0.125159,82.400103,0.276248,70.596671,1.608149,58.878869,4.038505,47.229022,7.325605,36.098747,11.301331,25.164249,17.003178,15.051238,24.423658,5.789267,35.208902,1.068174,46.659290,-0.110226,56.951400,5.172261,65.064444,12.890787,71.679168,22.295534,75.820271,33.187130,79.177202,44.450855,81.447017,56.013953,82.660361,67.789628,82.593779,79.525321,82.224033,91.193708,81.384911,102.905698,79.528262,114.572974,78.445727,126.386877,77.679249,138.440876,77.666567,150.425939,78.553253,162.047611,79.404860,173.734165,80.621384,185.441240,81.803140,197.211866,82.171987,209.088903,80.572891,220.871360,76.082222,231.768197,66.048861,239.149066,54.095936,239.738717
Type06,L,245,54.265277,245.369570,42.320149,243.507879,33.129024,236.334928,26.764999,226.204938,22.620122,214.808828,20.392937,202.881170,19.169870,190.836292,18.006466,178.772610,16.227521,166.814468,13.866546,155.023975,11.115742,143.334871,8.549085,131.610537,5.797028,119.893907,3.426618,108.062089,1.410042,96.156564,0.181021,84.167525,0.177944,72.107723,1.391291,60.107072,3.968493,48.306829,7.325658,36.914154,11.385137,25.722236,17.044863,15.268516,24.638936,5.810287,35.714414,1.120846,47.395534,0.008424,58.016781,5.386954,66.377479,13.294541,72.950425,23.058288,76.949351,34.282679,80.504227,45.726009,82.805152,57.578265,83.886399,69.658617,83.757814,81.644623,83.418445,93.529411,82.541896,105.461899,80.999455,117.422676,79.918036,129.556139,79.116619,141.983596,78.824262,154.215140,79.792985,166.020004,80.662481,177.893554,81.718872,189.850675,82.788763,201.891671,83.107210,214.047637,81.492813,226.092984,76.720512,237.309727,65.850423,244.344037,54.105191,245.053673
Type06,L,250,54.009375,250.464547,41.838558,248.448382,32.509326,240.782814,26.068354,230.495599,22.255643,218.707744,20.411649,206.547314,19.093922,194.379109,17.729269,182.252069,15.891072,170.156094,13.567319,158.131305,11.043660,146.136898,8.622913,134.113689,6.097196,122.114587,3.834491,110.048226,1.687318,97.923935,0.215873,85.719626,0.127284,73.423033,1.302263,61.171841,4.059208,49.245707,7.545406,37.549982,11.849576,26.125065,17.487418,15.320357,25.265822,5.745922,36.575356,1.028226,48.564404,0.100101,59.650505,5.367512,68.223536,13.593959,74.450398,23.920914,78.260673,35.524274,81.956674,47.149919,84.196373,59.316577,84.890342,71.717336,84.579140,83.958501,84.242892,96.070920,83.404628,108.230927,82.398569,120.499789,81.369094,132.950282,80.472217,145.711892,79.847309,158.163650,80.924308,170.166984,81.949123,182.231855,82.944694,194.443294,83.770475,206.762815,83.859547,219.134669,82.279721,231.251225,76.872895,242.573520,65.225754,249.263954,53.553698,250.258503
Type06,L,255,53.899467,255.460751,41.554311,253.177173,32.402919,245.310373,25.902087,234.916556,22.290170,222.802602,20.681529,210.386473,19.195376,198.020590,17.683052,185.726363,15.811041,173.443983,13.543251,161.186858,11.188447,148.905566,8.841344,136.603834,6.456110,124.321730,4.219721,112.014162,1.949146,99.679273,0.236004,87.269118,0.113626,74.751474,1.360593,62.285850,4.257544,50.174605,7.896335,38.155406,12.514379,26.510356,18.170785,15.385042,26.037908,5.655590,37.521363,0.845023,49.853847,0.109260,61.379562,5.200747,70.022707,13.787496,75.822148,24.651765,79.546317,36.578644,83.324548,48.376385,85.498857,60.844962,85.792614,73.561080,85.281464,86.055971,84.956222,98.397234,84.321338,110.798865,83.843912,123.365629,82.922495,136.120344,81.774751,149.174264,80.803683,161.857530,81.977066,174.078995,83.254566,186.345317,84.282543,198.804349,84.813830,211.400122,84.582711,223.941422,83.228246,235.986062,77.108580,247.311852,64.950533,253.967101,53.022720,255.236598
Type06,L,260,54.144632,260.460154,41.663570,257.939565,32.932275,250.031900,26.502951,239.477293,22.839421,227.156447,21.202580,214.501125,19.551111,201.878794,18.053242,189.317116,16.201886,176.789692,13.959039,164.293461,11.620665,151.756606,9.230093,139.203507,6.805836,126.648149,4.464992,114.084228,2.121902,101.523630,0.249296,88.894231,0.109272,76.152771,1.503204,63.483725,4.474880,51.086039,8.259173,38.741625,13.155648,26.862978,18.898317,15.469089,26.784684,5.511241,38.431861,0.631969,51.079116,0.081126,62.840328,5.117336,71.360854,13.999683,76.829755,25.201366,80.647382,37.326044,84.474918,49.273513,86.661513,62.003741,86.775361,75.018741,86.184682,87.765829,85.892388,100.328963,85.563931,112.983337,85.406561,125.828581,84.620608,138.877986,83.062485,152.197167,81.783633,165.140484,83.044675,177.594804,84.621402,190.071282,85.710821,202.774458,85.992210,215.644470,85.494071,228.351101,84.590511,240.316900,77.939817,251.707199,65.538924,258.762481,53.180568,260.164000
Type06,L,265,54.554205,265.513928,41.964922,262.847572,33.815481,254.810293,27.668073,243.957963,23.735007,231.516805,21.857086,218.647425,20.146160,205.734940,18.825047,192.843249,17.016617,180.027240,14.718628,167.282807,12.219899,154.519703,9.660610,141.740282,7.030604,128.930124,4.478072,116.102111,2.140974,103.285541,0.253796,90.406734,0.099600,77.423539,1.654155,64.533787,4.657943,51.776997,8.565859,39.127872,13.634151,26.987982,19.554093,15.388943,27.541232,5.224515,39.402122,0.440146,52.265670,0.138881,63.932923,5.395503,72.173453,14.426348,77.474311,25.719879,81.516858,37.910756,85.398146,49.975282,87.701785,62.915049,87.949473,76.206088,87.489598,89.198682,87.263168,101.967102,87.184662,114.867945,87.047440,127.970895,86.363721,141.306761,84.341564,154.877026,82.847492,168.089570,84.200900,180.773631,86.062117,193.456085,87.171230,206.403303,87.311540,219.545753,86.738124,232.453585,86.427981,244.493553,79.560435,256.158797,66.961557,263.889358,54.513324,265.280902
Type06,L,270,54.631014,270.471929,41.961541,267.686785,34.480620,259.183363,28.808434,247.877434,24.565000,235.301083,22.434579,222.221421,20.854941,209.016327,19.774908,195.793964,17.958532,182.686770,15.505095,169.697574,12.724473,156.731108,9.904272,143.749735,7.009211,130.714211,4.227481,117.638786,1.973759,104.544161,0.233980,91.390478,0.103060,78.151690,1.796231,65.019316,4.840697,51.919904,8.852682,39.015799,13.977216,26.606522,20.164836,14.875212,28.522742,4.712776,40.671501,0.304231,53.600904,0.409215,64.827656,6.222867,72.739609,15.230465,77.987481,26.457063,82.230012,38.641743,86.193673,50.785268,88.674459,63.885469,89.272178,77.422517,89.134678,90.636574,89.030969,103.581119,88.999025,116.694819,88.621638,130.029597,87.935940,143.629518,85.566665,157.431777,83.991431,170.872871,85.431448,183.756421,87.497653,196.618667,88.559257,209.799602,88.673101,223.202604,88.283102,236.359139,88.559452,248.731578,81.748261,260.952304,68.657466,269.234746,57.118848,270.619494
Type06,L,275,53.856519,274.941988,41.147414,271.915718,34.353360,262.490865,29.230315,250.631957,24.863375,237.795321,22.718028,224.478795,21.486564,211.011718,20.575189,197.523348,18.630306,184.176136,15.941942,170.972900,12.862810,157.826427,9.751018,144.675582,6.670768,131.459158,3.754667,118.185819,1.634603,104.824327,0.169129,91.400125,0.163746,77.919337,1.987224,64.551678,5.132188,51.232885,9.239998,38.156267,14.354314,25.522965,20.861265,13.740295,29.969287,3.962470,42.448626,0.241502,55.278921,0.942307,65.820319,7.588100,73.487899,16.442001,78.692574,27.600360,82.926741,39.796753,86.995694,51.983039,89.622559,65.204801,90.557257,78.946030,90.807989,92.330266,90.914841,105.407500,90.682171,118.673026,89.934965,132.197996,89.094687,146.008215,86.645701,159.997769,85.138144,173.570255,86.617458,186.595277,88.758505,199.587156,89.741507,212.964578,89.895032,226.592957,89.907659,240.019298,90.624834,252.980676,83.972161,265.990750,69.829554,274.255690,60.649102,275.842172
Type06,L,280,52.000715,278.379709,39.309633,274.856072,33.157405,264.134912,28.489900,251.733416,24.345245,238.460677,22.585443,224.868940,21.869351,211.200187,20.950623,197.557235,18.732408,184.067558,15.782261,170.714165,12.491695,157.423367,9.124392,144.152311,6.035781,130.816645,3.159051,117.423534,1.184440,103.852501,0.048741,90.207166,0.320563,76.539103,2.309537,62.994148,5.641402,49.653046,9.845414,36.512226,14.956865,23.764614,21.763824,12.012060,31.954528,3.054256,44.736090,0.252461,57.331220,1.674474,67.123082,9.262374,74.726988,17.916745,79.806439,29.144076,83.713264,41.441567,87.877234,53.642175,90.532680,66.954348,91.561113,80.842005,92.097868,94.318458,92.514950,107.472418,91.910346,120.810784,90.814148,134.460773,89.668056,148.390710,87.462297,162.487839,86.152591,176.058575,87.576531,189.147974,89.646349,202.201578,90.589635,215.704419,90.778479,229.492907,91.284119,243.156756,92.224697,256.853415,85.634802,270.734262,69.850818,278.151909,64.422803,280.286574
Type07,L,230,57.425275,230.692796,46.129747,229.752043,36.083798,224.472429,29.298466,215.661307,25.417247,205.091484,22.186678,194.153184,19.511617,183.093858,17.709606,171.893603,16.517745,160.600031,14.755964,149.403795,12.124463,138.370941,8.936875,127.476538,5.655358,116.606947,3.023743,105.578585,1.254573,94.370563,0.270459,83.074915,0.337704,71.744769,1.553364,60.465109,4.107390,49.429960,8.163570,38.856979,13.517130,28.820471,19.466618,19.132725,26.090051,9.978230,35.000943,2.845546,46.002027,0.138276,57.228625,1.527086,66.869637,7.640260,73.647580,16.628162,77.207756,27.290419,79.036953,38.475207,79.826353,49.781730,81.282202,61.088318,81.883356,72.412303,80.966021,83.701769,79.287856,94.926794,78.781480,106.228556,79.431146,117.577791,80.086603,128.920530,80.205558,140.268601,79.901478,151.639135,79.562597,163.029027,79.850553,174.386525,80.768624,185.696563,81.488420,197.004889,80.517712,208.227817,76.346791,218.697390,69.466313,227.915304,58.409441,230.439104
Type07,L,235,57.968578,235.706175,46.438831,234.713590,36.288499,229.151336,29.515715,220.044692,25.612897,209.223895,22.518352,198.019533,19.972989,186.697045,18.166312,175.254054,16.855354,163.735259,15.005868,152.308681,12.359042,141.032126,9.189153,129.885041,5.927377,118.761886,3.240445,107.498244,1.347123,96.069173,0.286397,84.542286,0.379344,72.975846,1.729245,61.475134,4.413013,50.223635,8.514450,39.408487,13.835581,29.096647,19.841539,19.173218,26.682162,9.884663,35.893326,2.777745,47.150440,0.132900,58.597762,1.664269,68.216901,8.126948,74.864480,17.455459,78.462629,28.369158,80.359719,39.784343,81.194472,51.328641,82.483371,62.878653,82.938194,74.443475,82.000112,85.974268,80.394898,97.448664,79.862586,108.993610,80.402739,120.582296,80.967718,132.165737,81.086525,143.753660,80.902842,155.358986,80.727661,166.978648,81.111432,178.569144,82.026724,190.119221,82.674248,201.671575,81.637898,213.127804,77.358350,223.789525,70.167234,233.002057,58.860556,235.462785
Type07,L,240,58.522197,240.720568,46.765753,239.681025,36.518366,233.853958,29.751464,224.465729,25.819855,213.396933,22.858121,201.925354,20.440581,190.337693,18.627998,178.649662,17.197944,166.903100,15.261641,155.243331,12.600148,143.720172,9.447866,132.317740,6.204951,120.938712,3.461317,109.437646,1.442207,97.785424,0.303006,86.025107,0.419972,74.219813,1.903152,62.495119,4.716529,51.024160,8.863742,39.963850,14.153410,29.374022,20.217223,19.212578,27.277535,9.788034,36.793085,2.706780,48.310092,0.127338,59.978890,1.806927,69.573117,8.623795,76.087525,18.295887,79.721233,29.462968,81.684465,41.110029,82.563882,52.894105,83.685268,64.689616,83.992066,76.496875,83.031596,88.270601,81.499462,99.997119,80.942989,111.788646,81.374812,123.619580,81.849186,135.446180,81.967854,147.276447,81.905262,159.119092,81.894997,170.971072,82.375911,182.797150,83.287982,194.589696,83.858602,206.387609,82.746417,218.074226,78.348387,228.916200,70.850235,238.098921,59.306141,240.487481
Type07,L,245,59.130644,245.740346,47.188749,244.680173,36.886063,238.686460,30.089865,229.095676,26.089881,217.796552,23.243032,206.051317,20.942891,194.187394,19.117513,182.241672,17.568369,170.253179,15.550191,158.344202,12.877707,146.558196,9.742516,134.885559,6.513575,123.237869,3.705556,111.487634,1.551522,99.600744,0.323399,87.594951,0.454886,75.536542,2.065853,63.571655,5.007961,51.863991,9.203585,40.542143,14.466782,29.659981,20.595407,19.248223,27.887688,9.677527,37.728961,2.620324,49.527372,0.120821,61.424274,1.978921,70.981055,9.179335,77.348406,19.217182,81.002907,30.649977,83.021373,42.537429,83.941173,54.572748,84.891572,66.625473,85.040116,78.684235,84.047441,90.709938,82.589272,102.703875,82.019261,114.759850,82.349673,126.847788,82.732707,138.931213,82.851280,151.017638,82.913762,163.111078,83.075352,175.208698,83.660938,187.284182,84.567256,199.332903,85.034537,211.385279,83.788174,223.286331,79.214539,234.241699,71.428548,243.254855,59.715825,245.518768
Type07,L,250,59.626371,250.925268,47.356674,249.740137,36.756996,243.436553,29.954538,233.451580,26.075991,221.830438,23.349351,209.820835,21.316281,197.680841,19.507597,185.508089,17.861409,173.306739,15.600356,161.212187,12.913996,149.205686,9.795492,137.301089,6.587960,125.414686,3.796094,113.425910,1.489080,101.333133,0.220349,89.097003,0.599952,76.821331,2.314615,64.662255,5.346105,52.758044,9.508406,41.198357,14.706871,30.005431,20.913660,19.234875,28.446783,9.615055,38.593768,2.708010,50.581662,0.162954,62.695525,2.206600,72.152017,9.939172,78.554464,20.300054,82.399534,31.947924,84.410041,44.082077,85.301774,56.356618,86.111858,68.642844,86.157809,80.939757,85.030694,93.192881,83.477642,105.403002,82.757981,117.665760,82.912307,129.968956,83.121442,142.276389,83.159574,154.586343,83.359445,166.893207,83.808126,179.191084,84.668807,191.466072,85.755683,203.728796,86.279700,216.023015,84.991642,228.197833,80.335779,239.452929,72.159043,248.630067,60.019469,250.831120
Type07,L,255,60.063089,253.838686,47.727438,252.763224,37.209986,246.045554,30.442001,235.818431,26.273527,224.124786,23.707322,211.957925,21.866748,199.650635,20.021362,187.343438,18.252291,175.023390,15.888104,162.812967,13.190395,150.670481,10.095672,138.620838,6.909222,126.587529,4.057740,114.469210,1.621238,102.259960,0.242125,89.897641,0.624576,77.491776,2.453491,65.210493,5.586957,53.192338,9.926798,41.541604,15.137214,30.207650,21.454768,19.369159,29.058444,9.523970,39.354257,2.545166,51.482843,0.148022,63.821965,1.947843,73.511101,9.493712,79.433239,20.107689,83.092217,31.960330,85.243514,44.217816,86.328075,56.603638,86.974332,69.027349,86.939925,81.463256,85.989073,93.870403,84.849932,106.251153,84.389239,118.675522,84.626148,131.123669,84.986888,143.569113,85.220588,156.014527,85.442608,168.464234,85.670746,180.920453,86.133535,193.363840,86.828637,205.785077,87.149841,218.221961,85.918722,230.551979,81.214439,241.948573,72.767510,251.201506,60.536514,253.490742
Type07,L,260,60.642709,258.506293,48.145230,257.481854,37.642697,250.314236,30.914030,239.759684,26.526834,227.886472,24.148589,215.469937,22.497579,202.909849,20.623435,190.380669,18.703751,177.859420,16.236689,165.443876,13.522125,153.077542,10.453351,140.793062,7.292642,128.523522,4.364535,116.192432,1.777088,103.785138,0.280650,91.214203,0.649115,78.592351,2.631147,66.107658,5.905686,53.894411,10.400049,42.052800,15.615311,30.485366,22.035971,19.489037,29.790740,9.414921,40.341601,2.385658,52.707320,0.127734,65.325915,1.825190,75.177527,9.407304,80.685611,20.376553,84.220014,32.507748,86.507158,44.970951,87.755874,57.558276,88.197882,70.205655,88.034845,82.864476,87.199884,95.505769,86.411516,108.139421,86.128463,120.806007,86.369215,133.482028,86.794479,146.150792,87.170902,158.817244,87.470201,171.490861,87.620427,184.179788,87.841025,196.864882,88.234354,209.524989,88.375209,222.188695,87.157171,234.748562,82.368766,246.344937,73.576092,255.652458,61.156194,257.977486
Type07,L,265,61.281101,264.395100,48.536006,263.338578,37.961922,255.768436,31.270549,244.847606,26.797544,232.698793,24.603000,219.969015,23.099213,207.101773,21.212032,194.287431,19.138116,181.503804,16.589504,168.814401,13.854702,156.161023,10.809265,143.578365,7.674820,131.010111,4.664648,118.406536,1.930481,105.740533,0.332068,92.901412,0.668538,80.001334,2.820596,67.254119,6.255862,54.785035,10.844664,42.667785,16.054979,30.799951,22.548201,19.566583,30.523035,9.305872,41.408524,2.262851,54.082494,0.104948,66.990694,1.896273,76.884639,9.783566,82.145329,21.162191,85.656840,33.606518,88.045967,46.335547,89.389784,59.195056,89.619146,72.127252,89.293907,85.067490,88.476347,97.994428,87.888876,110.931317,87.646394,123.890573,87.792610,136.850720,88.161288,149.802943,88.585793,162.751368,89.014926,175.703659,89.279929,188.669951,89.500771,201.638266,89.765496,214.588064,89.790669,227.536591,88.528681,240.371897,83.629080,252.199503,74.467611,261.524181,61.776557,263.812760
Type07,L,270,61.880248,270.683509,48.832108,269.506978,38.101274,261.653810,31.438784,250.383469,27.043179,237.896744,24.997296,224.834027,23.568992,211.649263,21.688551,198.525877,19.481753,185.454479,16.888943,172.459234,14.133443,159.495217,11.104568,146.592457,7.992645,133.704619,4.907828,120.806472,2.055850,107.856337,0.389476,94.726395,0.679025,81.524119,2.992064,68.491328,6.583623,55.740421,11.183920,43.297868,16.379118,31.104066,22.898688,19.583876,31.134696,9.214787,42.388944,2.201439,55.400150,0.083116,68.561613,2.172940,78.356164,10.616771,83.597138,22.398017,87.203576,35.142673,89.639905,48.161156,90.985704,61.327285,91.028032,74.565967,90.529662,87.806878,89.616168,101.030167,89.028401,114.276794,88.666069,127.537094,88.622981,140.797653,88.808558,154.054092,89.167078,167.306386,89.763600,180.552865,90.340595,193.800919,90.833551,207.052357,91.185082,220.301128,91.186160,233.552606,89.823496,246.669112,84.800651,258.725131,75.305289,268.022155,62.295492,270.199263
Type07,L,275,62.352676,276.442539,48.991317,275.076879,38.042703,267.100148,31.396555,255.548172,27.227998,242.711693,25.274372,229.345506,23.839688,215.879628,21.984510,202.469027,19.685410,189.127072,17.091742,175.839353,14.318132,162.587043,11.296702,149.389569,8.200303,136.208496,5.059123,123.037252,2.135157,109.819635,0.444362,96.419256,0.679154,82.935517,3.120607,69.636349,6.841131,56.619375,11.369404,43.850303,16.541671,31.353185,23.038129,19.539184,31.537506,9.154803,43.140024,2.209617,56.467530,0.065430,69.809202,2.611792,79.379137,11.778403,84.827911,23.896470,88.631569,36.884714,91.054121,50.173446,92.309743,63.635136,92.217777,77.156663,91.560919,90.673084,90.453773,104.159761,89.667261,117.677047,89.044416,131.202436,88.746334,144.735352,88.650891,158.271803,88.840580,171.804936,89.616958,185.317699,90.654683,198.810469,91.648007,212.303351,92.286109,225.816339,92.356988,239.344158,90.852471,252.706246,85.712596,264.954349,75.966814,274.183574,62.638144,276.191570
Type07,L,280,62.642013,280.856599,49.006545,279.270416,37.820210,271.328356,31.176944,259.597198,27.331369,246.454215,25.406589,232.856807,23.894990,219.184696,22.077384,205.549963,19.735576,191.993949,17.179044,178.470253,14.392357,164.993351,11.369269,151.568501,8.279900,138.162146,5.106967,124.778415,2.162073,111.348850,0.488634,97.737283,0.670216,84.033326,3.191955,70.525373,6.997806,57.296869,11.392134,44.250253,16.538160,31.516085,22.971839,19.447195,31.696145,9.131180,43.575665,2.277333,57.152712,0.054077,70.583161,3.125074,79.853510,13.048925,85.676989,25.394718,89.737004,38.539656,92.094622,52.040448,93.193381,65.742745,93.033770,79.483123,92.255504,93.210852,90.899017,106.891758,89.770859,120.604090,88.804547,134.322537,88.233161,148.061565,87.814222,161.813975,87.771112,175.564792,88.710673,189.278660,90.268458,202.946282,91.884865,216.607199,92.940132,230.313554,93.152138,244.052123,91.491535,257.591045,86.257995,269.970060,76.373086,279.106806,62.774293,280.921252
