Type,side,size,x1,y1,x2,y2,x3,y3,x4,y4,x5,y5,x6,y6,x7,y7,x8,y8,x9,y9,x10,y10,x11,y11,x12,y12,x13,y13,x14,y14,x15,y15,x16,y16,x17,y17,x18,y18,x19,y19,x20,y20,x21,y21,x22,y22,x23,y23,x24,y24,x25,y25
Type00,L,230,57.308587,235.258648,36.109249,229.777006,25.622687,210.524888,22.010614,188.133436,18.648648,165.505564,12.930726,143.259294,7.536277,120.903448,2.629569,98.454029,0.614329,75.854309,4.463911,53.520182,13.337092,32.303233,23.994971,12.615787,42.867265,-0.137021,65.779203,3.738765,76.515929,22.565517,82.263869,44.634218,84.291321,67.473698,83.290275,90.367725,83.214562,113.299466,84.790192,136.204785,85.977778,159.057580,84.594902,181.797128,80.321951,204.506012,75.689569,226.077965,56.808755,235.151180
Type00,L,235,58.415724,240.508277,36.473391,235.143091,26.255135,215.424542,22.915464,192.494490,19.585404,169.394567,14.179913,146.618620,8.601749,123.866319,3.049606,101.121417,0.637896,78.135197,4.412791,55.285163,12.944396,33.478949,23.671188,13.293196,42.786641,-0.020263,65.824026,4.641680,77.277118,23.557462,83.285552,46.016660,85.082008,69.291276,83.599760,92.600265,82.862889,115.934170,84.133865,139.293986,85.663886,162.606521,85.067041,185.827747,81.974847,209.022788,77.684455,230.816246,58.224007,240.318743
Type00,L,240,59.003870,243.822627,37.033592,237.996727,26.868582,217.864312,23.226064,194.674444,19.685780,171.315476,14.364751,148.238417,8.762799,125.216829,3.120556,102.214388,0.714385,78.957007,4.580074,55.805670,12.967172,33.669796,24.006740,13.346787,43.461749,0.055647,66.531957,5.488854,77.951054,24.680623,84.005062,47.439561,85.703608,70.969963,84.015963,94.548789,82.974743,118.148638,84.277109,141.749667,85.947726,165.307722,85.449377,188.840981,83.094306,212.356309,78.661661,234.261269,58.836690,243.570861
Type00,L,245,60.082878,248.389397,37.984227,241.881049,27.859773,221.173470,23.600501,197.665098,19.710889,173.964057,14.803793,150.420616,9.302853,127.020750,3.394546,103.716040,0.946730,80.134566,4.976059,56.534998,12.868752,33.873339,24.475631,13.409855,44.445124,0.253056,67.424260,6.981921,78.979720,26.390538,85.017751,49.570073,86.609859,73.476306,84.650178,97.414068,82.640701,121.348847,83.803615,145.241299,85.981414,169.087485,85.759683,193.060250,84.965823,217.037980,80.541568,238.960502,60.073362,247.892986
Type00,L,250,61.913866,253.467473,39.170015,247.365479,28.899498,226.313796,24.256271,202.367947,20.178205,178.207631,15.582601,154.120796,9.975477,130.287494,3.667954,106.611767,0.970133,82.590412,4.801004,58.442287,12.342714,35.180414,24.167245,14.237016,44.170588,0.351177,67.430433,7.500395,79.637056,26.931535,85.988644,50.508239,87.642384,74.849987,85.320195,99.189031,82.457573,123.514781,83.413839,147.856209,85.938627,172.150683,86.361209,196.632317,86.934556,221.130577,82.832796,243.431593,62.004216,252.960068
Type00,L,255,64.079501,258.650159,40.452831,253.661477,29.890070,232.438580,25.041975,207.990694,20.886136,183.309716,16.377500,158.676281,10.487985,134.389125,3.821344,110.276362,0.799629,85.728252,4.185444,61.004037,11.630683,37.154821,23.400601,15.519734,43.095556,0.336000,66.942129,7.189331,79.990059,26.599029,86.885607,50.542540,88.731365,75.330937,86.020075,100.087239,82.660639,124.837934,83.485623,149.728601,86.087785,174.577093,87.260112,199.589860,88.764657,224.618233,85.049439,247.593381,64.143235,258.359901
Type00,L,260,65.857806,263.807323,41.491907,259.817942,30.650608,238.407574,25.736502,213.433890,21.539506,188.225359,16.841904,163.097433,10.602064,138.352694,3.778146,113.740285,0.526538,88.620553,3.487277,63.365609,11.142325,39.013121,22.785501,16.685953,42.199043,0.244857,66.732428,6.663758,80.368626,26.247266,87.805283,50.569210,89.863532,75.793886,86.810595,100.978128,83.465755,126.177714,84.383483,151.643116,86.773016,177.078963,88.453943,202.611204,90.307705,228.145828,86.663123,251.896160,65.774849,263.833526
Type00,L,265,66.489800,268.973609,41.838581,264.979995,30.946072,243.147776,26.122529,217.646061,21.871490,191.945689,16.757366,166.401859,10.245400,141.200516,3.542652,116.044360,0.278453,90.361710,3.136890,64.678604,11.279238,39.946900,22.944153,17.138926,42.533102,0.150241,67.587321,6.715714,81.200629,26.874160,88.898819,51.644448,91.061057,77.299369,87.778850,102.926141,84.962260,128.589848,86.279217,154.582256,88.246997,180.565944,89.913970,206.583507,91.514721,232.579689,87.288268,256.953137,66.227899,269.212035
Type00,L,270,65.513883,274.122841,41.136321,268.594213,30.579134,245.983166,26.063802,219.964274,21.746636,193.836927,16.119664,167.958602,9.538163,142.308835,3.197134,116.607021,0.162837,90.429013,3.437674,64.452682,12.243685,39.473804,24.211148,16.524852,44.706005,0.125416,69.903684,7.913005,82.774936,29.103821,90.256979,54.422005,92.333567,80.512810,88.973943,106.590527,87.042931,132.712474,89.037275,159.128169,90.522851,185.561727,91.560725,212.010987,92.406502,238.407002,86.822850,263.044219,65.167695,274.284162
Type00,L,275,62.993280,278.990654,39.320549,270.492539,29.500563,246.794948,25.554282,220.291158,21.199957,193.821976,15.122210,167.684328,8.724816,141.616350,2.860705,115.428159,0.223103,88.875239,4.426363,62.746915,13.932966,37.639111,26.469670,14.891388,48.572643,0.209887,73.470236,10.308289,85.062970,32.850795,91.823493,58.786999,93.632821,85.315239,90.352380,111.823127,89.410244,138.358222,92.227815,165.062701,93.324378,191.812519,93.250515,218.616438,93.026129,245.330426,85.477950,269.796015,62.755797,278.708736
Type00,L,280,61.015565,282.746776,37.623198,272.073175,28.550258,247.546990,25.353970,220.628562,21.107887,193.889423,14.897371,167.519491,8.642079,141.154220,2.837739,114.685020,0.316927,87.906964,5.235762,61.646625,15.077578,36.386997,27.960525,13.742441,51.312677,0.331303,75.864890,12.346910,86.803213,35.761829,93.007310,62.145447,94.488707,89.022110,91.182339,115.851135,90.713358,142.682237,93.923627,169.602203,94.928124,196.585205,94.307341,223.649892,93.526875,250.599021,84.763518,274.809454,61.072939,282.023678
Type01,L,230,47.360853,234.840537,25.969891,229.273854,18.105707,209.689675,14.864672,187.292471,12.319370,164.779437,9.209402,142.340043,5.191424,120.043845,1.638772,97.682198,0.739284,75.154162,4.039317,52.829263,10.971946,31.307628,21.895889,12.161635,41.239660,0.390845,61.417996,9.805178,73.142679,28.145535,78.330491,49.944957,79.226126,72.544682,78.834008,95.197638,78.945448,117.844114,78.965926,140.479818,77.462493,163.076347,76.152927,185.667969,75.003790,208.223424,67.936435,228.163755,47.220792,234.455895
Type01,L,235,49.416647,238.522602,27.472144,233.590500,18.803020,213.848152,15.765399,191.083832,13.340677,168.158698,9.726260,145.398604,5.383103,122.754398,1.725588,100.000876,0.447225,77.067223,2.864856,54.221371,9.368132,32.175750,20.455443,12.609787,39.893133,0.177534,60.976292,8.942238,73.538960,27.163498,78.732190,49.252340,79.315169,72.267195,79.109180,95.339741,79.236060,118.407741,79.248258,141.459482,78.486228,164.484734,77.649386,187.507778,76.471295,210.488243,69.790011,231.124417,49.240209,238.092304
Type01,L,240,51.231449,243.445281,28.933554,238.615685,19.564015,218.488474,16.488042,195.265459,14.096977,171.832762,10.103305,148.629022,5.488363,125.522789,1.752039,102.270579,0.283430,78.826368,2.276914,55.422160,8.667912,32.839754,20.074023,12.880225,39.843033,0.053184,61.744357,8.516897,74.622117,27.065869,79.735732,49.644055,80.150106,73.169076,79.955386,96.749161,80.072068,120.328043,80.145119,143.896609,79.992382,167.454904,79.629785,191.006876,78.412021,214.507426,71.872764,235.699912,51.079400,242.979466
Type01,L,245,52.910002,248.886269,30.402977,243.735992,20.535795,223.091967,17.170164,199.389086,14.624039,175.443150,10.364560,151.749064,5.558895,128.137952,1.746494,104.359484,0.244112,80.379330,2.352561,56.480011,9.027747,33.442242,20.774090,13.110925,40.930443,0.033668,63.515781,8.404508,76.203823,27.653340,81.253942,50.822242,81.673233,74.874131,81.222069,98.966023,81.260957,123.062623,81.544448,147.165202,81.837651,171.273981,81.840338,195.373318,80.633755,219.415920,74.102679,241.019831,52.806137,248.398943
Type01,L,250,54.639146,254.260738,31.937704,248.616201,21.805957,227.437344,17.981689,203.280807,15.050023,178.879493,10.579647,154.713003,5.658288,130.612226,1.747717,106.340207,0.290245,81.858714,2.953466,57.576151,10.254027,34.201530,22.241855,13.486517,42.652826,0.092659,65.804730,8.407854,77.988638,28.541496,83.076036,52.301939,83.633603,76.841379,82.651001,101.392872,82.509154,125.957960,83.195361,150.548247,83.818312,175.156067,83.984555,199.763585,82.901462,224.318701,76.385754,246.260225,54.566774,253.752364
Type01,L,255,56.473399,259.307319,33.473745,253.247779,23.279472,231.596484,18.975573,207.021268,15.488264,182.235918,10.806328,157.643499,5.815560,133.093999,1.779697,108.382314,0.376446,83.455188,3.800010,58.879724,11.884379,35.253847,23.978055,14.115919,44.422001,0.174374,68.061338,8.406241,79.688044,29.387257,84.922467,53.680661,85.658284,78.651973,83.974597,103.600985,83.543415,128.574430,84.788757,153.583700,85.705926,178.610768,85.791629,203.668025,84.969995,228.689910,78.549033,250.985879,56.397678,258.751286
Type01,L,260,58.231440,264.117785,34.790910,257.853621,24.674079,235.806844,20.021626,210.821808,15.959364,185.687674,11.056843,160.701087,6.009424,135.733619,1.839319,110.617463,0.473902,85.281666,4.594102,60.427846,13.382694,36.554527,25.513799,14.958252,45.831424,0.221781,69.899993,8.434664,81.126673,30.060460,86.544094,54.828758,87.395611,80.197787,85.029585,105.516101,84.241578,130.869422,86.084034,156.250589,87.314247,181.635304,87.104726,207.102672,86.641864,232.561957,80.352161,255.284498,58.130587,263.463866
Type01,L,265,59.587640,269.001571,35.615375,262.711067,25.657467,240.300683,20.875622,214.874609,16.393902,189.366077,11.310736,163.973183,6.195337,138.585852,1.905037,113.060381,0.573220,87.311602,5.126908,62.106307,14.352260,37.903598,26.579935,15.845410,46.787289,0.205697,71.222219,8.637284,82.288243,30.658207,87.822329,55.887806,88.665197,81.660484,85.828876,107.373943,84.703826,133.130454,87.021712,158.886010,88.573390,184.618455,87.954510,210.496645,87.834818,236.396285,81.595226,259.617735,59.469486,268.200934
Type01,L,270,60.293680,274.251153,35.795664,267.973109,26.043692,245.165842,21.336790,219.240926,16.704487,193.283292,11.557656,167.427443,6.353206,141.586935,1.958769,115.613936,0.669920,89.411052,5.326187,63.729139,14.666397,39.071158,27.155764,16.582490,47.452593,0.139028,72.182154,9.132355,83.281271,31.370148,88.813737,57.095689,89.531756,83.309735,86.548675,109.485906,85.216570,135.709687,87.754778,161.891611,89.565360,188.019991,88.567687,214.346661,88.619912,240.715559,82.253554,264.472390,60.185115,273.292998
Type01,L,275,60.365114,279.917690,35.425792,273.549805,25.915642,250.275100,21.381754,223.800959,16.865412,197.312184,11.828978,170.920748,6.516249,144.586047,2.003426,118.124001,0.748558,91.417409,5.238211,65.146413,14.465864,39.929357,27.397924,17.055557,48.070035,0.068596,73.034945,9.890390,84.248142,32.301193,89.705903,58.569616,90.254144,85.264814,87.430259,111.974812,86.114920,138.734468,88.568569,165.416442,90.484965,192.023436,89.280955,218.847362,89.193557,245.715853,82.532014,270.006049,60.282434,278.856777
Type01,L,280,60.095283,285.699720,34.822781,279.082143,25.587386,255.288292,21.182301,228.260058,16.938375,201.201675,12.187467,174.230115,6.755728,147.386974,2.062522,120.428789,0.780852,93.198786,4.972655,66.301307,14.044347,40.501729,27.512192,17.277612,48.788699,0.049667,73.966839,10.714574,85.269588,33.374311,90.701819,60.192680,91.131677,87.374803,88.643742,114.647653,87.607505,141.972057,89.722839,169.206274,91.533054,196.364830,90.384275,223.709464,89.783037,251.078216,82.779889,275.877323,60.017842,284.655748
Type02,L,230,63.560480,232.952279,42.171865,226.950843,33.540248,206.796048,28.468960,184.241926,23.470234,161.667127,17.309058,139.397086,9.438534,117.683658,2.755091,95.640211,0.638402,72.832416,3.870874,50.048205,11.813447,28.549455,25.382049,10.523444,45.616110,0.484548,68.112041,5.819594,78.510005,25.841906,84.071517,48.147050,87.691773,70.981671,82.654815,92.740680,74.483026,114.348296,72.317277,136.687184,77.448188,159.160280,84.088952,181.292900,87.590689,203.992018,83.229570,224.982922,63.422779,232.640441
Type02,L,235,63.862949,236.154256,42.804062,231.426817,33.934487,211.178799,28.940548,188.251243,23.891520,165.342484,17.673807,142.743562,10.282737,120.515253,3.613979,98.077788,0.508876,75.038303,3.440441,52.006668,11.760902,30.217392,25.083802,11.586566,45.085941,0.431138,67.777251,6.331596,78.130296,26.356424,83.445661,49.080321,87.007930,72.264108,82.140236,94.333320,73.330633,116.063587,70.551705,138.608689,75.836867,161.403491,82.743891,183.817104,86.959879,206.726303,83.367614,228.321608,63.605937,236.622322
Type02,L,240,64.292758,240.799434,43.415705,236.683211,34.278353,216.145159,29.447308,192.740217,24.413444,169.387320,18.048196,146.383165,10.926552,123.603630,4.241377,100.689938,0.435592,77.293074,3.166709,53.883953,11.780290,31.698168,25.062064,12.491320,45.033584,0.412557,67.976685,7.013842,78.254599,27.244357,83.424799,50.467578,86.971479,74.091614,82.077984,96.525685,72.807505,118.539976,69.632873,141.456193,74.910346,164.701904,82.013015,187.513544,86.922111,210.721607,83.819355,232.915329,63.941345,241.791599
Type02,L,245,64.825372,246.447277,43.896809,242.057763,34.512412,221.039879,29.901587,197.108204,24.936235,173.251097,18.351285,149.807265,11.212091,126.515357,4.476432,103.099359,0.438481,79.246082,3.133533,55.362479,11.906758,32.717735,25.405993,13.061274,45.596036,0.439718,68.822919,7.786156,79.003558,28.438847,84.169132,52.182043,87.753730,76.288933,82.600607,99.093992,73.149877,121.538712,69.918584,144.969259,75.012425,168.749228,82.196456,192.039269,87.641796,215.613957,84.611595,238.302484,64.427744,247.561829
Type02,L,250,65.459650,252.626177,44.200217,247.187931,34.641287,225.551273,30.238317,201.085009,25.328167,176.709389,18.507397,152.808324,11.107147,129.064710,4.294934,105.151546,0.503940,80.771572,3.347349,56.356718,12.182725,33.233577,26.138384,13.278021,46.767427,0.509570,70.297540,8.569976,80.373122,29.826899,85.654662,54.079146,89.324115,78.680821,83.705176,101.831454,74.333799,124.804583,71.400955,148.854477,76.205697,173.206089,83.363611,197.021410,89.107225,221.020157,85.749781,244.068118,65.071938,253.454777
Type02,L,255,66.208285,258.902003,44.354064,252.060264,34.730490,229.752784,30.432967,204.766137,25.465882,179.891118,18.470587,155.508241,10.719411,131.341032,3.822013,106.938793,0.588329,81.990910,3.730795,57.029686,12.638427,33.443558,27.195249,13.285603,48.381111,0.604941,72.232943,9.303765,82.212973,31.266950,87.656350,56.017416,91.434165,81.116080,85.235460,104.578149,76.062460,128.104259,73.682333,152.827336,78.227742,177.749101,85.307754,202.109780,91.109737,226.587355,87.197645,249.899594,65.876121,259.177103
Type02,L,260,67.070110,264.877051,44.437745,256.841763,34.870373,233.913458,30.501820,208.430856,25.280442,183.098176,18.241396,158.196943,10.247884,133.578474,3.277730,108.685472,0.636832,83.161764,4.152872,57.680119,13.268008,33.672596,28.431934,13.313442,50.150452,0.700464,74.343247,9.945963,84.252677,32.609921,89.806425,57.862118,93.684257,83.459016,86.919951,107.204879,77.869459,131.227596,76.117234,156.617149,80.577637,182.075061,87.606524,206.976113,93.294823,231.979139,88.856076,255.540949,66.814941,264.560915
Type02,L,265,68.001942,270.156995,44.535246,261.608387,35.125986,238.199217,30.486440,212.257953,24.788379,186.528432,17.868396,161.079994,9.895125,135.948574,2.881680,110.564285,0.608603,84.498810,4.481869,58.562737,14.014807,34.196951,29.657122,13.557608,51.754954,0.772038,76.297743,10.468698,86.170749,33.721533,91.707629,59.481190,95.649191,85.566943,88.453368,109.575533,79.293504,133.970838,78.058248,159.955882,82.696752,185.884931,89.765074,211.290218,95.268417,236.837559,90.558673,260.703375,67.817660,269.433285
Type02,L,270,68.910390,274.346417,44.691912,266.150176,35.500517,242.454511,30.431883,216.117428,24.091630,190.073066,17.433249,164.089570,9.784822,138.402892,2.764607,112.554604,0.495239,86.030787,4.635221,59.742907,14.777073,35.102141,30.683905,14.084405,52.936652,0.805380,77.810849,10.850585,87.682312,34.503675,93.054375,60.748888,97.009670,87.282483,89.588469,111.526934,80.042481,136.133235,79.089409,162.583994,84.160755,188.887179,91.378600,214.720603,96.715148,240.779579,92.096542,265.019849,68.770696,273.523883
Type02,L,275,69.372659,277.440070,44.780031,268.845966,35.616321,244.856404,30.485731,218.251756,23.979595,191.965447,17.321429,165.695765,9.627514,139.738136,2.576732,113.617399,0.498139,86.795556,4.800864,60.241290,15.106212,35.380073,31.278213,14.207098,53.756019,0.845482,78.815412,11.187672,88.653971,35.172688,94.043589,61.698382,98.038939,88.503440,90.368791,112.907781,80.802346,137.750608,80.101987,164.536943,85.183703,191.119706,92.409100,217.236582,97.727450,243.575392,92.940623,267.991085,69.262067,276.406374
Type02,L,280,70.174693,282.719436,44.861460,273.207163,35.772724,248.686127,30.529535,221.638018,23.738238,194.948887,17.079334,168.199553,9.229681,141.814835,2.119842,115.246182,0.523377,87.907856,5.161170,60.895174,15.707199,35.664827,32.399852,14.287861,55.324672,0.926466,80.697108,11.744828,90.479523,36.340552,95.938142,63.325475,100.015577,90.582721,91.863600,115.241183,82.350767,140.506384,82.193138,167.882709,87.261403,194.938666,94.462931,221.539414,99.662857,248.361558,94.460799,273.019339,70.132322,281.194422
Type03,L,230,51.015459,234.339211,30.208253,227.779296,22.070459,207.724656,18.069803,185.439557,14.577451,163.040284,10.138925,140.823270,5.199269,118.701366,1.444085,96.370384,0.339165,73.792561,3.267197,51.454497,10.785318,30.212725,23.307937,11.937300,42.090946,0.677245,63.476059,8.237925,73.694730,27.827638,77.930875,49.891457,78.940684,72.516603,77.095939,95.046583,73.083925,117.353236,72.094010,139.698965,75.072445,162.173098,77.973081,184.654495,78.890106,207.171888,72.298546,227.122391,51.788207,233.908527
Type03,L,235,52.072797,238.266060,30.717027,231.840829,22.563576,211.422279,17.968885,188.889038,14.243448,166.154227,10.038235,143.540054,4.961934,121.106894,1.234066,98.458781,0.352841,75.523333,3.391318,52.863244,10.805450,31.244653,23.645888,12.743690,41.899963,0.942869,64.223785,7.358027,74.470677,27.654498,78.610070,50.050348,79.520419,73.030769,77.600749,95.886706,73.512260,118.512898,72.733379,141.161557,75.682767,163.993134,78.450805,186.837983,79.600337,209.636153,72.812606,230.194612,52.765266,237.687330
Type03,L,240,53.146410,243.391723,31.224181,236.944328,22.659678,216.129499,17.779895,193.211433,13.887006,170.016603,9.765502,146.915653,4.662952,124.028929,1.049124,100.926449,0.304223,77.520464,3.347923,54.422858,10.835798,32.374684,24.083773,13.552576,42.160478,0.970078,65.096569,7.327930,75.396253,28.272665,79.427975,51.133352,80.532317,74.557659,78.495425,97.839940,74.350540,120.892155,73.948915,143.941762,76.813784,167.252104,79.363847,190.588453,80.724320,213.797859,73.735053,234.848704,53.788598,242.689800
Type03,L,245,54.171156,249.000992,31.717382,242.451651,22.508799,221.258758,17.621616,197.871276,13.630518,174.158131,9.457629,150.543491,4.385578,127.135946,0.911927,103.513682,0.208904,79.585819,3.169055,55.995490,10.875011,33.510408,24.474278,14.272908,42.752390,0.816183,65.946410,7.985425,76.365154,29.420138,80.323679,52.808081,81.790208,76.702903,79.608934,100.462910,75.426601,123.991826,75.439022,147.487165,78.196632,171.328392,80.536278,195.209033,82.069814,218.903783,74.967548,240.320014,54.797632,248.219996
Type03,L,250,55.227654,254.535223,32.261300,247.940134,22.417915,226.410889,17.660130,202.518973,13.610999,178.284944,9.316332,154.169211,4.242845,130.243001,0.841858,106.102408,0.110892,81.651638,2.953055,57.560369,10.921404,34.641666,24.687416,14.890165,43.444031,0.606943,66.686959,8.892449,77.342145,30.639084,81.307168,54.553555,83.110932,78.903345,80.784646,103.160457,76.567854,127.173803,76.879656,151.116957,79.552685,175.485763,81.786052,199.902220,83.463516,224.105661,76.431181,245.835834,55.867117,253.726371
Type03,L,255,56.487820,259.760027,32.958352,253.301352,22.692753,231.471344,18.033497,207.069980,13.924898,182.339448,9.517515,157.742201,4.337251,133.336642,0.856835,108.716948,0.066874,83.767789,2.823516,59.186009,10.972595,35.815041,24.678281,15.455245,44.004708,0.467814,67.326700,9.553130,78.367207,31.493850,82.441751,55.900007,84.397177,80.679177,81.956756,105.444664,77.686289,129.932381,78.081486,154.305279,80.729511,179.174840,83.010041,204.092965,84.825835,228.800105,78.096215,250.904900,57.157528,258.970115
Type03,L,260,58.102173,264.747172,33.882479,258.654227,23.471188,236.536001,18.778750,211.626999,14.581063,186.421123,10.123093,161.345602,4.717739,136.496655,0.972410,111.438261,0.122889,86.017222,2.874546,60.947702,11.025044,37.073034,24.517796,16.039916,44.314211,0.456222,67.953535,9.657947,79.514378,31.778350,83.788529,56.641302,85.668211,81.840734,83.171764,107.133102,78.812350,132.089508,79.075600,156.875086,81.768375,182.226678,84.220355,207.623700,86.189408,232.826037,79.969272,255.443753,58.809012,264.011581
Type03,L,265,60.089695,269.687359,35.022099,264.128207,24.642489,241.714554,19.800847,216.294849,15.486186,190.617267,11.042907,165.049136,5.354227,139.763677,1.195724,114.284557,0.294331,88.410646,3.129952,62.839981,11.074041,38.395640,24.364594,16.684746,44.407898,0.534562,68.676701,9.219147,80.826896,31.597190,85.343216,56.901995,87.017728,82.535276,84.537573,108.376966,80.053509,133.806857,80.073045,158.996946,82.858802,184.833315,85.507724,210.715372,87.647780,236.412769,82.042977,259.674003,60.835665,269.028308
Type03,L,270,62.290053,274.646387,36.263668,269.645586,25.896475,246.929232,20.901437,220.998212,16.471578,194.844238,12.067477,168.772468,6.142252,143.031665,1.516469,117.129194,0.558637,90.822292,3.535783,64.735373,11.114434,39.679433,24.389310,17.367953,44.435365,0.598417,69.555915,8.529918,82.264343,31.280193,87.001181,57.027395,88.522335,83.113725,86.127177,109.510349,81.499515,135.415756,81.318293,161.002128,84.203059,187.335448,86.952369,213.725915,89.262846,239.918457,84.238552,263.858023,63.077694,274.074493
Type03,L,275,64.402984,279.408027,37.424504,274.830332,26.870326,251.827805,21.852803,225.408906,17.349395,198.791732,12.953243,172.239038,6.935872,146.027804,1.900951,119.703183,0.863532,93.003206,3.987110,66.412122,11.141917,40.765668,24.690973,18.009915,44.562904,0.540454,70.555466,7.985676,83.691441,31.189014,88.571577,57.370019,90.156061,83.903968,87.894259,110.817963,83.131249,137.173964,82.922329,163.129137,85.869761,189.951383,88.536753,216.857319,90.986408,243.522692,86.379936,268.035345,65.237161,278.924489
Type03,L,280,66.093202,283.493454,38.317362,279.096234,27.308676,255.862494,22.479678,229.024848,17.972665,202.002232,13.515503,175.047257,7.594048,148.391461,2.295090,121.680639,1.146188,94.664124,4.372610,67.634181,11.154314,41.500475,25.249898,18.507594,44.879964,0.310644,71.547411,7.879463,84.915670,31.531365,89.835163,58.099774,91.763510,85.025380,89.652928,112.359808,84.789398,139.094435,84.772826,165.354867,87.722721,192.608663,90.114357,219.985414,92.643902,247.056509,88.221986,271.915762,66.978666,283.091445
Type04,L,230,55.048116,233.954975,33.166894,230.057613,24.108713,210.904764,20.204146,188.312392,16.475069,165.650066,11.955138,143.128033,7.150129,120.662154,2.561618,98.154135,0.444027,75.432903,3.390062,52.801306,11.050489,31.240239,22.964906,12.062108,42.556698,0.340916,64.570378,6.392049,77.513986,23.993984,82.079891,45.979542,81.373259,68.894060,79.231366,91.751662,77.247493,114.638056,77.378828,137.504367,79.888923,160.329655,81.811030,183.213193,81.912005,206.125148,75.691610,226.609130,55.349610,233.257894
Type04,L,235,56.835321,238.208411,34.802810,233.551366,24.979189,214.099423,20.841532,191.293855,17.131401,168.338952,12.501464,145.546180,7.642968,122.798472,2.992894,100.009913,0.480679,77.019363,3.061193,54.127841,10.734859,32.253191,22.330530,12.648628,41.939596,0.456641,64.204327,6.507204,77.149574,24.462924,82.652041,46.648000,82.929477,69.809194,80.754781,92.928252,78.331221,116.045613,78.223251,139.208637,80.552702,162.343215,82.592256,185.506577,83.112153,208.705099,77.271529,229.699499,57.130876,237.610289
Type04,L,240,58.534646,243.316385,36.245334,237.882546,26.008189,217.950896,21.860488,194.739970,18.128369,171.363882,13.212829,148.195228,8.070245,125.073402,3.214319,101.890234,0.486201,78.483740,3.038566,55.196046,10.926501,32.907330,22.239484,12.732348,42.352571,0.515072,64.890262,6.953323,77.889176,25.422789,84.183028,47.949383,84.954889,71.493889,82.534999,95.008510,79.799152,118.511427,79.677886,142.104405,81.961097,165.678933,84.113779,189.267452,85.022444,212.883541,79.361908,234.302577,58.857938,242.774643
Type04,L,245,59.742787,248.669979,37.159515,242.533693,26.930303,221.988095,22.926513,198.252454,19.148055,174.386450,13.892066,150.780041,8.361880,127.231925,3.231798,103.593031,0.484819,79.694320,3.312243,55.934961,11.504374,33.181611,22.697312,12.440130,43.605364,0.502446,66.405214,7.678331,79.383757,26.801644,86.170540,49.784410,86.970076,73.789178,84.171151,97.771569,81.295068,121.754274,81.337743,145.848065,83.688861,169.925021,85.969914,194.011114,87.114705,218.109396,81.324563,239.840128,60.092564,248.121427
Type04,L,250,60.332398,253.920932,37.454015,247.253369,27.563462,226.037172,23.723017,201.740701,19.890556,177.369065,14.383403,153.294634,8.531626,129.292702,3.148862,105.181307,0.515963,80.784773,3.779773,56.531864,12.195885,33.292496,23.511499,12.099451,45.213251,0.435512,68.270032,8.515732,81.080142,28.367135,88.030020,51.882204,88.573145,76.365458,85.384321,100.832655,82.529774,125.328429,82.797528,149.938762,85.273107,174.521532,87.716764,199.110033,88.874227,223.699831,82.655818,245.685239,60.664149,253.302377
Type04,L,255,60.510936,259.042883,37.321414,252.097004,27.882671,230.241784,24.093615,205.408894,20.207276,180.544074,14.632617,155.983844,8.652247,131.505744,3.102408,106.925759,0.607377,82.067525,4.285475,57.326018,12.705507,33.582677,24.377012,12.075138,46.621719,0.354505,69.969535,9.243691,82.502602,29.795148,89.376948,53.878446,89.616038,78.824296,86.142398,103.765955,83.413115,128.769628,83.838094,153.883082,86.429451,178.946449,89.073180,204.006344,90.038592,229.073061,83.238020,251.361256,60.749935,258.316196
Type04,L,260,60.688647,264.208530,37.124380,257.267800,27.999295,234.874113,24.086162,209.550269,20.144271,184.205648,14.681535,159.141470,8.785556,134.160368,3.173629,109.111803,0.745410,83.826856,4.669708,58.601301,12.856179,34.328978,25.009205,12.573746,47.455882,0.301842,71.175461,9.682133,83.469354,30.804773,90.184132,55.457614,90.244898,80.850061,86.657700,106.259507,84.073879,131.756959,84.502485,157.358776,87.156203,182.882431,90.017750,208.385549,90.694169,233.921871,83.383016,256.651897,60.761105,263.381915
Type04,L,265,61.228233,269.557128,37.188648,262.853763,28.063597,240.047810,23.881251,214.267780,19.878113,188.444598,14.608557,162.860677,8.916610,137.352959,3.330521,111.821325,0.864113,86.110951,4.809342,60.396434,12.665747,35.577528,25.254003,13.526289,47.659707,0.298365,71.851689,9.775617,84.121257,31.287100,90.726828,56.483585,90.780823,82.329503,87.253392,108.218471,84.755023,134.203809,85.021276,160.290348,87.672024,186.275595,90.731468,212.219196,91.176009,238.236305,83.636619,261.566259,61.097156,268.693227
Type04,L,270,62.228098,274.986411,37.625527,268.622732,28.159079,245.509741,23.663090,219.290974,19.595704,192.986872,14.463409,166.887222,8.942775,140.854009,3.440792,114.820769,0.866630,88.649607,4.642518,62.446565,12.318903,37.101960,25.123790,14.617298,47.460651,0.331734,72.197158,9.613566,84.763563,31.349089,91.364472,57.039989,91.514996,83.366571,88.173701,109.754384,85.649610,136.224517,85.641927,162.793414,88.239268,189.253669,91.435570,215.654243,91.839539,242.166430,84.460660,266.182143,61.916560,274.190917
Type04,L,275,63.469186,280.086240,38.287675,274.002502,28.258117,250.641080,23.520298,224.002265,19.398121,197.235444,14.242828,170.665448,8.730744,144.155361,3.348666,117.624040,0.671975,90.949148,4.179377,64.291181,12.057192,38.506758,24.754588,15.441773,47.201412,0.364450,72.481030,9.376146,85.637740,31.243296,92.305467,57.354914,92.541240,84.182342,89.446090,111.066410,86.777596,137.998122,86.472059,165.023606,88.991513,191.955344,92.235509,218.818877,92.847320,245.812088,85.980434,270.464573,63.058865,279.478034
Type04,L,280,64.547062,284.250023,38.874391,278.261465,28.260360,254.670945,23.430707,227.659994,19.279975,200.493261,13.917836,173.551434,8.205439,146.670467,2.967671,119.693323,0.261762,92.508741,3.500084,65.483595,12.054426,39.412464,24.322288,15.698673,47.149901,0.356370,72.879364,9.239050,86.769236,31.226294,93.495467,57.658011,93.717188,84.963395,90.868380,112.289611,87.971999,139.615710,87.426193,167.025861,89.866459,194.378416,93.064406,221.666460,94.091808,249.071342,87.933725,274.173526,64.151984,283.922737
Type05,L,230,54.130250,237.543746,33.251952,230.582477,25.218797,210.152424,21.104489,187.457634,19.301435,164.482469,15.442322,141.892886,7.603667,120.252152,1.529858,98.295376,1.573990,75.432947,6.991533,53.063187,15.635999,31.711413,27.742071,12.610881,47.923516,1.093760,67.760342,10.588196,76.479782,30.373797,82.366300,52.658694,81.497699,74.994242,75.302763,97.242638,70.422626,119.665802,70.803131,142.490826,75.585215,165.056627,80.945528,187.498485,82.752330,210.036618,74.703351,230.624920,53.998028,236.747515
Type05,L,235,55.322097,242.407527,34.006185,235.532507,25.734523,214.746991,21.635373,191.588077,19.685745,168.161485,15.701325,145.112856,7.820209,123.001772,1.614283,100.585688,1.514992,77.269601,6.848477,54.425816,15.535479,32.598309,27.818191,13.083077,48.121702,1.070610,68.546945,10.588796,77.313742,30.733541,83.308173,53.461066,82.747631,76.274784,76.569268,98.962296,71.486293,121.806610,71.750709,145.090680,76.527242,168.123511,81.923830,191.027978,83.912918,214.050415,76.208013,235.092467,55.191735,241.786974
Type05,L,240,56.124192,245.118583,34.422849,238.501180,25.936860,217.573503,21.832077,194.146820,19.785138,170.457145,15.773165,147.129383,7.861662,124.747816,1.592577,102.068084,1.495548,78.478671,6.785095,55.356184,15.505670,33.256357,27.957733,13.511148,48.270120,1.109001,69.078368,10.450353,77.894603,30.748126,83.933803,53.737124,83.519209,76.816248,77.231958,99.727725,72.025757,122.807644,72.293991,146.367559,77.112632,169.666037,82.541179,192.838538,84.659080,216.140595,77.226505,237.473051,56.013119,244.639705
Type05,L,245,56.574232,248.711825,35.157820,241.103424,26.876043,219.625041,22.604973,195.923040,20.566822,171.943243,16.364983,148.364868,8.441556,125.666920,2.001575,102.684250,1.428699,78.849741,6.671685,55.431471,15.387688,33.007299,27.634870,12.940906,48.469481,0.868336,69.410781,11.169830,78.406280,31.999056,84.576029,55.271481,84.455874,78.742727,78.637271,102.053917,73.300517,125.447751,73.193320,149.259724,77.824303,172.876831,83.346748,196.325841,85.448158,219.937001,77.734148,241.427600,56.322062,247.942302
Type05,L,250,57.295743,253.640385,36.045851,245.113598,27.893577,223.002116,23.540128,198.887929,21.454009,174.496175,16.999131,150.545279,9.055364,127.403469,2.417524,103.990653,1.333949,79.786043,6.497874,55.944648,15.218722,33.066815,27.318903,12.568632,48.650548,0.621716,69.907552,11.850209,79.013687,33.288860,85.348912,56.959420,85.622760,80.942703,80.295968,104.779127,74.781250,128.600326,74.264281,152.790549,78.701938,176.855613,84.288791,200.715206,86.434863,224.770695,78.596224,246.548883,56.924164,252.705601
Type05,L,255,58.199678,259.212617,36.929379,250.066052,28.781744,227.355114,24.483633,202.741211,22.284726,177.870970,17.546049,153.472754,9.576089,129.820145,2.750085,105.907199,1.222105,81.252478,6.280982,56.916909,15.017302,33.518192,27.077633,12.540502,48.757589,0.420723,70.498998,12.327667,79.591179,34.340686,86.101682,58.469029,86.814203,83.005367,81.905754,107.414968,76.192183,131.716014,75.309514,156.364209,79.587623,180.946082,85.181015,205.300185,87.442034,229.877357,79.715963,252.047320,57.765531,258.320743
Type05,L,260,59.236346,264.846702,37.712830,255.516730,29.416485,232.322165,25.303891,207.169751,22.933222,181.800643,17.922896,156.919266,9.921467,132.739495,2.940555,108.306020,1.108969,83.161209,6.048412,58.307202,14.812482,34.372387,26.968718,12.918060,48.789563,0.303786,71.152995,12.503709,80.112825,34.979264,86.785081,59.581991,87.926953,84.653843,83.280272,109.617839,77.364582,134.401317,76.221658,159.546182,80.405857,184.661605,85.949727,209.546237,88.393644,234.671349,81.035313,257.309283,58.810012,264.219220
Type05,L,265,60.418438,270.255163,38.403009,261.170313,29.810325,237.626172,25.932492,211.931086,23.352388,186.064947,18.126756,160.682775,10.086528,135.983919,2.985006,111.036115,1.012192,85.384138,5.832508,60.009668,14.638372,35.548888,27.021827,13.642420,48.813065,0.282789,71.892660,12.386739,80.682708,35.201678,87.488422,60.278950,89.012162,85.851250,84.426606,111.315687,78.307362,136.561574,77.033440,162.218761,81.203303,187.856933,86.680058,213.276104,89.359097,238.946656,82.560227,262.105197,60.053604,270.037928
Type05,L,270,61.799774,275.453573,39.096193,266.889379,30.101543,243.083986,26.375658,216.859781,23.581470,190.497192,18.231812,164.595754,10.141991,139.384305,2.934296,113.931326,0.947208,87.761209,5.663626,61.862730,14.526077,36.884743,27.229075,14.543341,48.940856,0.339992,72.778229,12.090025,81.493587,35.173333,88.400808,60.733526,90.242742,86.792600,85.524897,112.703299,79.189182,138.396363,77.894702,164.576102,82.121935,190.724056,87.577863,216.667769,90.516781,242.875729,84.336621,266.588201,61.507771,275.646206
Type05,L,275,63.417556,280.594745,39.915345,272.590012,30.481134,248.532764,26.692500,221.801874,23.715821,194.933785,18.350245,168.489690,10.197782,142.760445,2.869954,116.804526,0.923340,90.106693,5.563178,63.671270,14.495236,38.172755,27.547465,15.393937,49.281623,0.436755,73.859237,11.784416,82.725715,35.147440,89.707561,61.214319,91.805581,87.782645,86.814943,114.105430,80.236040,140.246930,78.982515,166.959099,83.313277,193.612698,88.857819,220.065476,92.047514,246.806970,86.386257,271.085055,63.158676,281.032723
Type05,L,280,65.229850,285.730807,40.929454,278.098955,31.092968,253.732710,26.953398,226.530231,23.854884,199.150018,18.575833,172.149856,10.349334,145.897704,2.867331,119.443679,0.941322,92.221163,5.538660,65.239808,14.548030,39.216895,27.912183,15.989283,49.883791,0.529818,75.122153,11.627138,84.434300,35.346295,91.472140,61.943414,93.772786,89.061688,88.447171,115.779040,81.595765,142.376366,80.389226,169.619004,84.836525,196.773513,90.611982,223.708824,94.010833,250.974719,88.638784,275.798630,64.926589,286.132608
Type06,L,230,53.302658,234.981455,32.755278,227.723986,23.727033,207.932577,20.659738,185.532173,17.444497,163.078966,12.325878,140.969461,6.727212,118.958788,2.101548,96.737944,0.848789,74.237484,4.282544,51.873750,11.373600,30.394177,22.873846,11.544469,42.455224,0.158825,62.465245,10.417345,73.106925,29.164487,79.292443,50.975910,80.983967,73.464339,79.562501,96.112021,77.337888,118.723709,76.055720,141.449369,77.219789,164.075140,80.045164,186.598731,80.761644,209.170115,74.322176,228.907495,53.319590,234.631270
Type06,L,235,54.361600,239.330574,33.611387,232.160686,24.130620,212.111906,20.770029,189.357552,17.645024,166.503114,12.467738,144.011581,6.774577,121.620106,2.124201,99.002120,0.815408,76.101437,4.037677,53.308370,11.016446,31.367536,22.237090,11.855131,42.388019,0.033975,62.091528,11.480215,73.496119,30.094139,80.091519,52.215842,82.323579,75.079964,81.070975,98.045327,78.889770,121.076261,77.571756,144.351654,78.444311,167.379236,81.214729,190.278083,81.948541,213.232407,75.032945,233.382083,54.038621,238.727167
Type06,L,240,55.082743,244.480388,34.005386,237.419089,24.266537,217.064758,20.745750,193.843146,17.658386,170.514912,12.552117,147.522122,6.976981,124.609892,2.297413,101.499762,0.750221,78.125673,3.812053,54.829305,10.805742,32.366199,21.832791,12.153722,42.554430,0.038623,62.300016,12.072192,74.302391,30.714177,81.127897,53.285511,83.632509,76.644381,82.460293,100.035357,80.352135,123.574601,79.044013,147.468732,79.720970,170.983337,82.380171,194.352084,83.073229,217.789700,75.813911,238.450456,54.560724,243.731587
Type06,L,245,55.240714,249.858109,33.769705,242.820604,24.067609,222.121004,20.607416,198.368831,17.546561,174.548367,12.624699,151.001714,7.318515,127.506697,2.578285,103.880442,0.675991,80.019799,3.696554,56.221187,10.882483,33.252579,21.844467,12.415603,43.075586,0.187767,63.167421,12.276519,75.443828,31.125804,82.332987,54.223042,84.775421,78.129708,83.612121,102.010274,81.710209,126.093654,80.382381,150.611764,80.869364,174.639322,83.367979,198.514503,83.961288,222.472978,76.481610,243.638160,54.661734,249.089122
Type06,L,250,54.858436,255.177323,33.022557,247.944565,23.661317,226.834263,20.462763,202.531038,17.450080,178.230008,12.748262,154.134948,7.721858,130.068682,2.875330,105.949911,0.618437,81.620475,3.741834,57.366010,11.300998,33.950652,22.325018,12.623321,44.019562,0.442817,64.590944,12.417953,76.766075,31.642938,83.645300,55.282554,85.779807,79.733748,84.602031,104.128361,83.062637,128.754038,81.607307,153.866760,81.856738,178.393275,84.181379,202.769005,84.619337,227.243721,76.966788,248.823381,54.314463,254.467838
Type06,L,255,54.259410,260.451155,32.173765,252.743280,23.344049,231.125820,20.470246,206.280197,17.532216,181.511374,12.979438,156.905875,8.085414,132.325462,3.092770,107.749016,0.593657,82.965329,3.921559,58.301505,11.963417,34.488874,23.128742,12.788283,45.291658,0.716784,66.279857,12.837653,78.073686,32.564866,84.994798,56.723126,86.788677,81.685397,85.632405,106.591608,84.519540,131.741285,82.796545,157.414765,82.795018,182.414443,84.985255,207.268295,85.230975,232.243304,77.383474,254.133541,53.769482,259.802046
Type06,L,260,53.996799,265.812070,31.792443,257.476049,23.453620,235.267255,20.770438,209.906498,17.919148,184.664583,13.362760,159.589812,8.350306,134.561339,3.187092,109.545393,0.600386,84.300094,4.130483,59.235461,12.613995,35.023491,23.917316,12.984009,46.550325,0.900697,67.813305,13.591866,79.173322,33.872500,86.279668,58.507798,87.940054,83.946332,86.896569,109.347602,86.104079,135.002841,84.012356,161.215731,83.853855,186.673197,85.993038,211.988210,86.054349,237.459182,78.017210,259.634422,53.521484,265.169373
Type06,L,265,54.659334,271.256940,32.378965,262.488965,24.198655,239.693167,21.417453,213.860933,18.659667,188.122591,13.935135,162.604555,8.552356,137.176573,3.200302,111.718642,0.621674,85.989877,4.225317,60.484430,12.918229,35.808434,24.262861,13.355620,47.241211,0.903318,68.761241,14.282951,79.919316,35.063913,87.360899,60.129709,89.248512,86.025130,88.452485,111.896693,87.717264,138.043180,85.251558,164.784679,85.139460,190.700270,87.320220,216.471732,87.271330,242.448262,79.213409,265.029483,54.141904,270.583043
Type06,L,270,56.620352,276.482799,34.141374,267.944337,25.538112,244.716989,22.344929,218.477774,19.712549,192.220650,14.721790,166.271463,8.816122,140.470526,3.244332,114.567804,0.634888,88.347475,4.090747,62.336008,12.602610,37.096835,23.818779,14.075297,46.786038,0.688073,68.831405,14.176078,80.248680,35.290847,88.089903,60.735271,90.563847,87.080357,90.174881,113.385592,89.179009,140.004363,86.439982,167.257158,86.610025,193.633431,88.891499,219.857719,88.869832,246.344681,81.203010,269.597778,56.031290,275.829437
Type06,L,275,59.842976,280.919733,36.884819,273.634710,27.181385,250.283658,23.384109,223.727440,20.957322,196.958602,15.713980,170.595241,9.285097,144.442574,3.441081,118.122467,0.623922,91.447791,3.695960,64.885810,11.587065,39.005387,22.480901,15.251144,44.856394,0.289987,67.980680,12.573548,80.192650,33.767542,88.360656,59.524873,91.631672,86.304202,91.804769,112.985030,90.309714,140.036122,87.464013,167.754625,88.075107,194.572143,90.455288,221.224802,90.624581,248.194550,83.950276,272.444654,59.204827,280.451254
Type06,L,280,63.843922,283.943312,40.070574,278.980184,28.710566,255.890578,24.325029,229.130997,22.221243,201.910562,16.841058,175.179222,10.028181,148.715885,3.852153,122.057295,0.586674,95.026722,3.111185,67.935237,10.037302,41.412835,20.453943,16.839183,41.583466,-0.196349,66.435772,9.235884,79.858865,30.227445,88.158069,56.211077,92.216313,83.376126,93.060215,110.345124,90.999627,137.753078,88.214892,165.848613,89.275284,193.044696,91.693564,220.060815,92.186205,247.432930,87.109686,272.927070,63.226029,283.888604
Type07,L,230,57.348635,234.708233,35.370192,230.236274,26.015737,211.161075,19.971364,189.035159,16.971984,166.412111,12.912836,144.021191,6.354666,122.124948,1.487131,99.855446,0.096717,77.043287,3.301100,54.698357,11.987579,33.622423,24.230858,14.556405,41.459909,0.313844,63.991474,4.689815,75.960072,22.962839,79.625292,44.984548,82.216123,67.787126,80.629720,90.193636,79.215086,112.745694,80.464282,135.586992,80.084478,158.500896,80.442789,181.354911,82.040068,204.063221,76.853705,225.015745,58.034102,234.081078
Type07,L,235,58.136222,240.541562,35.766768,235.736566,26.362557,216.079642,20.632359,193.356936,17.519996,170.200366,13.300664,147.275680,6.813774,124.800505,1.753287,102.011213,0.261988,78.717318,3.736562,55.852379,12.509538,34.221579,24.838312,14.652511,42.698444,0.302123,65.630244,5.227661,77.458473,24.114214,81.327714,46.707787,83.641634,70.042126,81.968854,93.033587,80.518897,116.157030,81.531992,139.540823,81.359337,162.977860,82.013052,186.354950,83.518981,209.614232,78.121432,230.988279,58.728701,239.888277
Type07,L,240,58.907081,246.277338,36.147604,241.148329,26.699635,220.922546,21.272925,197.612253,18.051232,173.929894,13.677690,150.479237,7.259929,127.434373,2.011052,104.133096,0.424293,80.364282,4.161284,56.986478,13.012473,34.806840,25.423322,14.742879,43.906844,0.291507,67.229480,5.767484,78.932360,25.266307,82.998321,48.421287,85.039896,72.280692,83.271399,95.846069,81.771302,119.530460,82.542018,143.448297,82.572706,167.399553,83.539352,191.289793,84.971302,215.090209,79.350761,236.876255,59.401314,245.595544
Type07,L,245,59.565812,251.234891,36.457465,245.833155,26.982627,225.122345,21.806709,201.302540,18.494256,177.163206,13.994414,153.255547,7.634370,129.717355,2.225495,105.971681,0.564146,81.789755,4.521052,57.965380,13.425351,35.304479,25.902922,14.812229,44.931323,0.284259,68.586030,6.257321,80.207425,26.304418,84.435173,49.942740,86.241216,74.260627,84.367134,98.319397,82.791046,122.486761,83.330596,146.867499,83.536311,171.262859,84.821046,195.594128,86.222637,219.860936,80.376851,241.997833,59.960689,250.522487
Type07,L,250,59.897547,253.831162,36.585835,248.299463,27.116158,227.346325,22.051350,203.256790,18.697931,178.873710,14.144216,154.722511,7.810827,130.924325,2.323134,106.942618,0.636631,82.539730,4.696593,58.475707,13.603250,35.550663,26.108356,14.833167,45.432771,0.283848,69.251309,6.554695,80.877203,26.922431,85.175200,50.810552,86.857653,75.376727,84.888135,99.689222,83.214892,124.106239,83.595316,148.731711,83.891417,173.359036,85.426368,197.916889,86.871043,222.425622,80.850201,244.737045,60.215030,253.092244
Type07,L,255,60.465498,257.131570,37.123473,251.292588,27.447937,229.902398,22.747801,205.501976,19.269813,180.857969,14.512091,156.443649,8.252024,132.333046,2.609213,108.087749,0.737124,83.454947,5.061881,59.150112,14.252667,36.022972,26.874583,15.029650,46.457556,0.245939,70.595623,6.481602,81.706258,26.886879,86.253453,51.129289,87.781474,75.920745,86.133975,100.607292,84.970687,125.377890,85.569230,150.288937,85.994322,175.217892,86.923680,200.112200,87.771702,224.954128,82.158911,247.589196,60.964700,256.474737
Type07,L,260,61.224925,262.074854,37.695128,255.864265,27.843782,233.899947,23.550455,209.013924,19.931115,183.948582,14.952383,159.111174,8.777533,134.521352,2.936655,109.858511,0.882431,84.849547,5.520327,60.144206,14.961285,36.630969,27.707122,15.217965,47.750810,0.212483,72.298047,6.653563,82.961958,27.345935,87.782642,52.096070,89.077689,77.281310,87.635919,102.495968,86.841236,127.773556,87.504198,153.128261,88.113698,178.504779,88.712260,203.872815,89.073029,229.197788,83.678007,252.254105,61.821555,261.468728
Type07,L,265,62.071647,268.086639,38.193555,261.498784,28.240035,238.904036,24.324028,213.410633,20.570880,187.807169,15.394591,162.430800,9.302651,137.248670,3.249758,112.058872,1.054760,86.565648,6.003166,61.339683,15.600627,37.286637,28.454175,15.357711,49.120041,0.191445,74.106415,7.099775,84.500838,28.335781,89.570096,53.684078,90.580402,79.395700,89.155835,105.225547,88.476524,131.100678,88.996889,157.008357,89.823253,182.925630,90.504945,208.844345,90.615490,234.743292,85.153909,258.258416,62.639556,267.481328
Type07,L,270,62.882258,274.350763,38.529444,267.439412,28.573534,244.250974,24.941220,218.109022,21.084163,191.920879,15.768424,165.960159,9.743552,140.151997,3.496654,114.395261,1.230230,88.372476,6.436634,62.572763,16.059430,37.891752,28.985129,15.420100,50.356971,0.187842,75.746404,7.785736,86.115273,29.769498,91.365199,55.723063,92.077501,82.027426,90.453651,108.473045,89.584201,134.953055,89.750013,161.449428,90.795439,187.926845,92.016292,214.395629,92.185264,240.880074,86.345383,264.823394,63.283008,273.689570
Type07,L,275,63.544817,279.996653,38.657945,272.859841,28.798724,249.196334,25.318139,222.454952,21.401160,195.717068,16.022794,169.208046,10.040021,142.827220,3.643822,116.542538,1.384498,90.018737,6.761182,63.672199,16.276000,38.362995,29.228664,15.397290,51.291590,0.201991,76.992529,8.613906,87.580783,31.443818,92.919145,57.925819,93.361609,84.806460,91.351852,111.783108,90.016275,138.791446,89.666909,165.830293,90.903220,192.809428,93.039816,219.751462,93.564561,246.751682,87.090298,271.033574,63.664570,279.231215
Type07,L,280,63.985033,284.304644,38.588700,277.059271,28.898159,253.090907,25.433527,225.877846,21.503212,198.698633,16.137609,171.750478,10.169339,144.924611,3.683757,118.220800,1.498478,91.291935,6.945318,64.499633,16.252144,38.651372,29.188834,15.303994,51.831682,0.229491,77.720600,9.447373,88.709008,33.088254,94.043414,59.957053,94.278785,87.317778,91.776499,114.676602,89.802242,142.071889,88.871954,169.536067,90.247622,196.895012,93.495628,224.176518,94.582876,251.558828,87.342832,276.053585,63.765234,283.407931
