type, side, size, x1, y1, x2, y2, x3, y3, x4, y4, x5, y5, x6, y6, x7, y7, x8, y8, x9, y9, x10, y10, x11, y11, x12, y12, x13, y13, x14, y14, x15, y15, x16, y16, x17, y17, x18, y18, x19, y19, x20, y20, x21, y21, x22, y22, x23, y23, x24, y24, x25, y25, x26, y26, x27, y27, x28, y28, x29, y29, x30, y30, x31, y31, x32, y32, x33, y33, x34, y34, x35, y35, x36, y36, x37, y37, x38, y38, x39, y39, x40, y40, x41, y41, x42, y42, x43, y43, x44, y44, x45, y45, x46, y46, x47, y47, x48, y48, x49, y49, x50, y50, x51, y51, x52, y52, x53, y53, x54, y54, x55, y55, x56, y56, x57, y57, x58, y58, x59, y59, x60, y60, x61, y61, x62, y62, x63, y63, x64, y64, x65, y65, x66, y66, x67, y67, x68, y68, x69, y69, x70, y70, x71, y71, x72, y72, x73, y73, x74, y74, x75, y75, x76, y76, x77, y77, x78, y78, x79, y79, x80, y80
Type00, L, 240, 58.599260, 240.162682, 56.114830, 239.995187, 51.950765, 240.156748, 44.760971, 237.571006, 38.458747, 233.958455, 32.478711, 228.390892, 28.444165, 222.195728, 26.229574, 215.189748, 24.606002, 208.075050, 23.871127, 201.276461, 23.035524, 193.723589, 22.637517, 187.039311, 21.555478, 180.154892, 20.823978, 173.637018, 19.254568, 165.882875, 17.975956, 159.516285, 16.332236, 152.505173, 14.922790, 145.860420, 12.997137, 138.777667, 11.179177, 131.921359, 9.615459, 124.794456, 7.523690, 118.191534, 5.790404, 110.679479, 4.034440, 103.997943, 2.698067, 97.467176, 1.312627, 90.927841, 0.353840, 83.503444, 0.000000, 76.561496, 0.803440, 68.734668, 2.032202, 61.950101, 3.812599, 55.031617, 6.050107, 48.005199, 8.243784, 41.380750, 10.853186, 34.618507, 13.648850, 27.629362, 17.072857, 21.087080, 21.148035, 14.761041, 26.327179, 8.956676, 32.431002, 4.465602, 39.154443, 1.543760, 46.241023, 0.000000, 52.687158, 0.216074, 59.587546, 1.872525, 66.148588, 5.666833, 71.677628, 11.071809, 75.397750, 17.551706, 78.183211, 24.450855, 80.274624, 31.549709, 81.854646, 38.497548, 82.914706, 45.405552, 84.305878, 52.484425, 85.106851, 60.144587, 84.981042, 66.843129, 84.468188, 74.445906, 83.895358, 80.501336, 83.193713, 87.656176, 82.732486, 93.908894, 82.335172, 101.061466, 82.237252, 108.145625, 82.219979, 115.574475, 82.221457, 122.398748, 82.634433, 129.832696, 82.962941, 137.092011, 83.569170, 144.252711, 84.054763, 151.109326, 84.520103, 158.596144, 85.019066, 165.892675, 85.046661, 172.204851, 85.026709, 179.523248, 84.461064, 186.307564, 83.743875, 192.877907, 82.723480, 200.521705, 82.012952, 207.590504, 81.562643, 214.861765, 80.228212, 221.826128, 76.990014, 228.673023, 71.877966, 234.476123, 65.741131, 239.100400, 61.072703, 239.248538, 58.398455, 241.105612
Type00, L, 245, 59.427007, 245.281885, 56.929380, 245.219830, 51.812675, 244.748735, 44.868953, 241.942774, 38.895751, 236.970203, 34.445343, 230.500463, 31.060642, 223.934697, 27.961043, 217.009126, 25.798153, 210.287088, 23.820062, 202.817732, 22.218478, 195.533672, 20.825840, 188.231757, 19.426448, 181.366328, 18.296200, 174.513478, 16.725815, 167.657994, 15.257856, 160.394473, 13.683736, 153.566319, 12.223300, 146.272452, 10.536498, 139.546731, 8.966252, 132.272621, 7.474521, 125.638695, 5.879537, 118.584469, 4.417329, 111.574488, 2.768652, 104.216928, 1.410405, 96.500957, 0.406211, 89.883177, 0.000000, 82.679144, 0.230982, 75.378113, 0.729848, 68.252381, 2.214318, 61.063819, 3.675055, 54.191331, 5.615108, 47.083323, 8.109848, 39.870172, 10.773517, 32.865955, 13.894531, 25.926923, 17.837401, 19.357800, 22.161293, 13.009207, 27.749254, 7.526694, 34.431991, 3.342435, 41.051346, 0.796509, 48.321248, 0.000000, 55.444459, 0.686046, 62.682918, 2.864028, 69.222709, 7.343146, 73.814294, 13.575380, 76.775931, 20.398834, 79.164776, 27.050631, 80.995392, 34.137450, 82.655138, 41.194714, 84.217488, 48.315769, 85.161073, 55.280621, 85.667474, 62.748122, 85.903619, 69.597398, 85.624609, 76.673682, 85.199432, 83.816255, 84.669048, 91.287079, 83.804396, 97.896787, 83.216139, 105.513137, 82.550598, 113.265522, 82.296823, 120.163413, 82.383534, 127.456272, 82.926356, 134.602477, 83.750692, 141.467998, 84.826753, 148.710013, 85.713119, 155.589943, 85.771793, 163.218842, 85.684954, 169.685746, 85.291709, 177.481934, 85.112891, 184.490309, 84.861941, 191.565595, 84.867088, 198.738577, 84.563936, 206.261523, 84.413331, 213.417571, 83.562025, 220.824845, 82.050888, 227.898257, 78.552129, 234.714750, 73.651248, 240.835289, 66.366658, 244.218899, 62.430077, 244.967906, 57.886385, 245.466033
Type00, L, 255, 61.674552, 255.332335, 59.344808, 255.387698, 54.582371, 255.064932, 47.232727, 252.567509, 40.705124, 248.172858, 34.760819, 242.747298, 30.662650, 235.858783, 28.310004, 228.384176, 26.680804, 220.682641, 25.873545, 213.036137, 24.893096, 205.675032, 23.702364, 198.328958, 22.846860, 190.358767, 21.582959, 183.415100, 20.248654, 175.900067, 19.155217, 168.363175, 17.577971, 160.377563, 16.224518, 153.130760, 14.847641, 145.860393, 12.865215, 138.059714, 10.535182, 130.555199, 8.408974, 123.089634, 6.106936, 116.063976, 4.010256, 108.702084, 2.433810, 101.251778, 0.573525, 93.627450, 0.241205, 86.409535, 0.000000, 78.668385, 0.962941, 72.021402, 2.008142, 64.346696, 3.669507, 57.099065, 5.333226, 49.745427, 7.408526, 42.516477, 9.846167, 35.475162, 12.908042, 28.234815, 16.519369, 21.345695, 20.909013, 14.658413, 26.449225, 8.645512, 32.924441, 3.737457, 40.147641, 1.190117, 47.796751, 0.000000, 55.162553, 1.073421, 62.340804, 3.842760, 68.715170, 8.413206, 74.376972, 14.804821, 77.890640, 21.297022, 81.056133, 28.601510, 82.809468, 35.805636, 84.898457, 43.407877, 86.123385, 51.006726, 86.926710, 58.377412, 87.354521, 66.003225, 87.159587, 73.653471, 86.317450, 80.938840, 85.236450, 88.689587, 84.172748, 96.161761, 83.028990, 103.223675, 82.167856, 110.485671, 81.528449, 117.826264, 80.769344, 124.876277, 80.692567, 132.495074, 80.889111, 140.264272, 81.471574, 147.477039, 82.331352, 154.633345, 82.994376, 162.252223, 84.018894, 169.397972, 84.636334, 176.636983, 85.043921, 183.974068, 85.367463, 191.201261, 85.616456, 199.014760, 86.034546, 206.375085, 86.845205, 214.017411, 87.453017, 221.245113, 87.147160, 229.251628, 85.250163, 236.375938, 81.523293, 243.534907, 75.666603, 249.495061, 69.118486, 253.692365, 64.018686, 254.712838, 61.895608, 255.715472
Type00, L, 265, 68.310521, 264.676648, 65.895189, 265.322241, 60.674646, 265.430866, 52.675950, 264.044681, 45.401011, 260.929559, 38.734919, 255.595861, 33.792112, 248.702188, 30.758595, 241.277582, 28.501062, 233.772377, 26.611593, 225.541378, 24.799216, 217.691347, 23.747949, 210.182069, 22.142232, 202.104208, 20.951390, 194.558047, 19.542230, 186.956531, 18.053868, 179.117030, 16.877503, 171.238718, 15.070497, 163.765756, 13.542888, 156.064419, 11.338739, 148.016272, 9.548829, 140.366500, 7.369786, 132.752110, 5.575719, 124.865706, 3.809986, 116.970831, 2.356581, 109.629793, 1.029352, 101.775374, 0.375211, 93.774492, 0.000000, 86.286115, 0.222182, 78.459211, 1.128799, 70.635312, 2.510711, 63.025520, 4.438639, 55.415270, 6.639085, 48.255480, 9.592562, 40.402686, 12.769409, 33.354679, 16.205114, 26.120167, 20.353279, 19.097385, 25.100429, 12.086958, 30.900925, 6.790256, 38.087240, 2.317321, 45.917459, 0.469813, 53.922190, 0.000000, 61.468764, 1.558626, 68.821227, 5.611650, 74.858450, 11.711139, 79.280200, 18.722441, 82.656171, 25.823047, 85.314338, 33.685656, 87.093461, 41.153408, 89.045447, 49.146617, 90.189584, 56.722431, 91.459587, 64.283499, 92.049581, 72.247409, 91.927830, 80.235416, 90.998998, 87.900522, 89.573100, 95.385453, 87.967400, 102.879885, 86.812744, 111.290048, 86.233632, 119.189161, 85.981959, 126.692140, 86.183595, 134.714580, 86.775340, 142.581151, 87.247804, 150.064465, 88.210795, 157.819939, 88.635902, 165.552212, 89.307206, 173.107563, 89.424398, 181.112510, 89.794644, 188.571066, 90.757488, 196.098406, 91.200629, 203.841459, 91.730259, 211.489604, 91.944852, 219.189078, 91.826467, 227.341414, 91.250917, 235.211831, 89.797686, 243.319495, 87.127632, 249.883716, 82.671756, 257.494097, 76.125320, 262.538381, 70.710008, 264.197494, 68.842795, 264.783384
Type00, L, 270, 64.260918, 270.353287, 67.208280, 270.130048, 72.177712, 268.921077, 79.747696, 263.969670, 85.006962, 257.627718, 88.382683, 249.454607, 89.937181, 242.470474, 90.814172, 233.331105, 90.670771, 226.458156, 90.253928, 218.389944, 89.555779, 210.395679, 89.127640, 202.439027, 88.708530, 194.196782, 88.477504, 187.039510, 88.134033, 178.967956, 87.889910, 171.576153, 87.370240, 163.588897, 87.183861, 156.016508, 86.509294, 147.780820, 86.080000, 139.570211, 85.538767, 132.292440, 85.316234, 124.425851, 85.209755, 116.472274, 85.415912, 109.448821, 86.235869, 100.522473, 87.569972, 93.192493, 88.730321, 85.885385, 90.177126, 78.440945, 90.868626, 69.507686, 90.621147, 62.586768, 89.503106, 54.345412, 88.036327, 46.589902, 85.589274, 38.675059, 83.178255, 30.767279, 79.967415, 23.246970, 76.637544, 15.812235, 71.476796, 8.811109, 64.234548, 3.597695, 57.251258, 0.888464, 49.377112, 0.000000, 41.013564, 1.817629, 33.961404, 4.942141, 26.712013, 10.322498, 21.211554, 16.908408, 16.840965, 24.165535, 13.307504, 31.727110, 10.255035, 39.112023, 7.413333, 46.915270, 4.804510, 54.615188, 2.861439, 61.980438, 1.536295, 68.692576, 0.401129, 76.342466, 0.000000, 84.515241, 0.112864, 91.301213, 1.021511, 99.631883, 1.916319, 107.364764, 3.537245, 114.699015, 5.336971, 122.616838, 7.471497, 130.265325, 9.558095, 138.008439, 11.837198, 145.787902, 14.111344, 153.584413, 16.149625, 161.311117, 18.391674, 169.384601, 20.254371, 177.528191, 22.076102, 185.158949, 23.501825, 193.066360, 25.069718, 200.200592, 26.151283, 208.208450, 27.635158, 216.005210, 28.323119, 223.815435, 30.014209, 232.144828, 31.356047, 239.844014, 34.023046, 247.644721, 37.335523, 255.150740, 42.388865, 262.259520, 49.432223, 267.555501, 57.040156, 269.775537, 62.027572, 270.832947, 64.842160, 269.575214
Type00, L, 275, 62.109348, 275.451644, 59.474097, 275.170339, 54.169712, 274.686383, 46.722039, 270.969676, 39.720352, 265.589741, 34.545991, 258.356061, 31.239206, 250.983775, 28.746223, 243.512518, 27.220111, 235.256299, 26.008595, 228.158542, 24.858516, 219.156030, 23.879338, 211.866855, 22.765730, 203.610225, 21.448941, 195.633230, 20.029177, 188.194357, 18.358431, 180.338565, 16.517708, 172.153949, 14.773776, 164.304759, 12.825556, 156.084634, 11.136820, 148.607334, 9.179188, 140.761522, 7.447448, 132.731579, 5.526087, 124.773698, 4.060889, 116.981454, 2.449122, 108.973212, 1.202618, 101.024191, 0.257553, 93.096939, 0.000000, 84.812375, 0.423455, 76.825717, 1.880202, 68.622228, 3.662373, 61.121576, 6.122001, 53.169070, 9.010529, 45.197155, 11.941119, 37.339320, 15.412475, 29.685207, 18.942700, 21.998386, 23.715943, 14.985409, 29.779882, 8.363485, 37.030357, 3.874393, 44.653704, 1.221010, 53.078538, 0.000000, 61.122157, 1.490470, 68.767110, 4.692509, 75.580412, 10.565878, 80.480064, 17.750160, 83.985015, 25.306404, 86.607763, 32.774001, 88.932856, 40.740152, 90.488957, 48.343079, 91.855823, 56.829483, 93.004593, 64.212308, 93.852674, 72.565337, 93.844935, 80.381128, 93.519693, 88.904516, 92.685424, 96.622707, 91.587581, 104.911213, 90.728770, 112.633879, 89.658984, 120.891503, 89.604426, 128.596011, 89.807792, 136.756849, 90.659746, 144.432301, 91.872264, 152.837940, 92.704747, 160.893920, 93.366361, 168.974885, 93.702824, 177.244286, 93.688257, 184.970365, 93.770429, 193.128345, 93.659863, 201.293713, 93.618851, 208.544030, 93.661521, 217.287661, 93.973261, 224.816495, 93.666925, 233.042035, 93.004305, 241.070995, 91.218055, 249.506974, 88.537209, 257.344354, 84.183663, 264.865268, 78.226473, 271.144850, 69.992121, 274.403202, 65.385044, 275.337057, 62.011039, 275.093171
Type01, L, 230, 45.827294, 230.363797, 43.617991, 230.063653, 39.171407, 229.733233, 32.854407, 227.321930, 26.612721, 223.442726, 21.605746, 217.499635, 18.885498, 211.198462, 16.976913, 204.639890, 15.738787, 197.657973, 14.594673, 191.137858, 13.883756, 184.043014, 13.006575, 177.661809, 12.275972, 170.439044, 11.505166, 164.419484, 10.881424, 157.399208, 9.976846, 150.438572, 9.041941, 143.934067, 8.100825, 137.122870, 6.913414, 130.479768, 5.867462, 123.889846, 4.635962, 117.013253, 3.416427, 110.501297, 2.281737, 103.788998, 1.311996, 96.763996, 0.467191, 89.757362, 0.000000, 82.768029, 0.091524, 75.434695, 0.381879, 68.518085, 1.107391, 62.367249, 2.102812, 55.254353, 3.295736, 49.284615, 5.401382, 42.363344, 6.978588, 36.068643, 9.592558, 29.646680, 12.227634, 23.157601, 15.628063, 16.923845, 19.938683, 11.062154, 25.391253, 5.982529, 31.881598, 2.587870, 38.190309, 0.799194, 45.082532, 0.000000, 51.863587, 1.659895, 58.198469, 5.219110, 63.471108, 10.293246, 67.708777, 16.317395, 71.222646, 22.379718, 73.577759, 29.176101, 75.418128, 35.153955, 76.850561, 42.170161, 77.402801, 48.635637, 78.147226, 55.635398, 78.095135, 62.754835, 78.310615, 69.572571, 78.194971, 77.473317, 78.227140, 83.275543, 77.983746, 90.828688, 78.044985, 96.577358, 77.909531, 103.954633, 78.047231, 109.833437, 78.031425, 116.626646, 78.312042, 122.827728, 78.220813, 129.904359, 78.040473, 136.679097, 77.796944, 142.968382, 77.209475, 149.848094, 76.470846, 156.837971, 75.891944, 163.405194, 75.493371, 169.880023, 75.388480, 176.598405, 75.105696, 183.277565, 74.930706, 189.708635, 74.574438, 197.038815, 73.536584, 203.505340, 72.302928, 210.230505, 69.698182, 216.987585, 65.106509, 222.672151, 59.337690, 226.866660, 52.568963, 229.329543, 48.096690, 230.325175, 45.007484, 229.437844
Type01, L, 240, 53.220388, 240.309142, 51.040153, 240.134519, 46.528468, 240.207696, 39.394344, 238.112612, 32.918199, 234.856947, 27.263552, 229.815452, 23.235045, 223.325310, 21.023935, 216.457773, 19.469134, 209.334329, 18.492285, 202.474521, 17.597985, 194.938375, 16.997045, 188.180344, 16.501817, 181.416464, 15.410729, 174.259993, 14.369116, 166.887037, 13.344772, 160.223634, 11.656640, 152.775904, 10.473999, 146.028206, 8.932598, 138.985160, 7.527966, 132.066713, 6.277709, 125.224593, 4.477841, 117.800068, 3.845948, 111.483165, 2.137388, 103.628488, 1.643771, 97.182578, 0.555906, 89.810177, 0.056278, 82.341023, 0.000000, 75.074691, 0.032089, 67.945486, 0.718617, 61.030428, 1.448845, 53.891149, 3.156037, 46.986980, 4.557615, 40.269829, 7.167315, 33.364000, 9.910683, 26.823350, 13.388389, 20.013126, 17.400993, 13.839747, 22.459370, 8.243455, 28.738300, 3.691935, 35.461312, 1.237142, 42.506080, 0.000000, 48.897743, 0.730413, 56.194387, 3.210995, 62.356381, 7.393371, 67.961028, 12.723655, 72.116923, 19.116679, 75.183543, 25.678598, 77.383875, 32.608892, 78.957568, 39.785573, 79.827899, 47.253847, 80.201173, 53.625488, 80.254404, 60.507672, 80.165101, 67.623630, 79.893252, 74.055453, 79.781036, 81.768486, 79.664816, 89.520472, 79.749794, 95.955228, 79.690821, 103.033723, 79.833448, 111.463691, 79.672097, 117.633444, 79.948986, 124.782326, 80.022700, 132.921167, 80.077834, 139.141323, 80.227215, 146.118479, 80.237002, 153.737532, 80.221768, 160.431361, 80.241246, 166.992842, 80.122343, 174.685443, 80.058036, 182.216972, 79.909544, 187.936245, 79.547092, 195.899489, 79.270985, 202.721111, 78.517289, 210.026566, 77.566978, 217.082185, 75.228415, 223.858422, 71.771453, 230.229221, 66.729205, 235.853069, 60.174914, 239.152555, 55.225558, 239.907470, 53.485885, 240.559439
Type01, L, 250, 51.455558, 250.122919, 49.083428, 249.934591, 44.155929, 250.064826, 37.106295, 247.218647, 30.676848, 242.590144, 25.961686, 236.274851, 22.643737, 229.031126, 19.993776, 222.247113, 18.172298, 214.470478, 16.908353, 207.939069, 16.046596, 200.531439, 15.293341, 192.954327, 14.705481, 185.374500, 13.840513, 177.941723, 13.109673, 170.384972, 11.715127, 163.389896, 10.567233, 156.083083, 9.315692, 148.962132, 7.728694, 141.853326, 6.301141, 133.843045, 4.773533, 126.727302, 3.692575, 119.699979, 2.491764, 112.494451, 1.389380, 105.064287, 0.702936, 97.546392, 0.260986, 90.456080, 0.000000, 83.184853, 0.121523, 75.563780, 0.650028, 68.623081, 1.318027, 61.392340, 2.683024, 54.208376, 3.987053, 47.060771, 6.079156, 39.798794, 8.411456, 32.859809, 11.378902, 25.549455, 15.073003, 18.808513, 19.948812, 12.330419, 25.949723, 6.732484, 32.648273, 2.999249, 39.980771, 0.342764, 47.483976, 0.000000, 54.691668, 1.243131, 61.587313, 4.572250, 67.957071, 9.597350, 72.833746, 15.749357, 76.136177, 22.627866, 78.403423, 29.560700, 80.027495, 36.600127, 81.378975, 44.329917, 81.974501, 51.290186, 82.432419, 59.256943, 82.615871, 65.918396, 82.676798, 73.616076, 82.481749, 81.377314, 82.233651, 88.291540, 81.944957, 95.238675, 82.030660, 102.067724, 81.853999, 108.860660, 81.950333, 116.004674, 81.815529, 123.865754, 82.086896, 131.583002, 81.971019, 138.284618, 82.232265, 146.092037, 82.181442, 153.636114, 82.489803, 160.797415, 82.512761, 169.453320, 82.633966, 175.514042, 82.626043, 183.418848, 82.603418, 190.748069, 82.676798, 198.950516, 82.365916, 206.190011, 82.389940, 213.647991, 81.282502, 221.293150, 80.078558, 228.143971, 77.467980, 235.654095, 72.667319, 242.018590, 66.096882, 246.632741, 58.862749, 249.014620, 54.071609, 250.139964, 51.459494, 249.472365
Type01, L, 260, 59.623875, 260.204657, 56.885799, 260.465475, 51.120388, 259.637814, 44.519201, 257.739475, 37.376558, 252.858561, 31.914147, 246.994860, 28.214006, 239.778386, 25.825417, 232.183330, 23.602969, 224.694773, 22.338945, 216.814651, 21.019040, 209.575838, 19.829697, 201.950141, 18.348817, 194.281494, 17.262833, 187.036769, 15.634012, 179.540579, 14.210226, 172.435340, 12.856100, 164.693261, 11.073904, 156.999978, 9.622677, 149.513148, 7.945331, 141.659522, 6.404870, 134.407151, 5.107005, 127.273226, 3.703359, 119.472367, 2.478430, 112.234512, 1.515217, 104.922440, 0.695203, 97.345194, 0.164522, 89.950926, 0.000000, 82.535379, 0.664203, 74.037631, 1.798685, 67.471207, 3.580837, 60.113294, 6.038215, 52.111150, 8.655173, 44.880974, 11.470597, 37.617757, 14.373320, 30.625126, 17.996713, 23.356548, 22.158051, 16.493032, 27.360591, 10.096690, 33.885223, 4.910525, 41.051841, 1.549605, 48.366659, 0.000000, 56.248050, 0.357435, 62.804497, 2.434381, 69.929066, 7.164570, 74.707373, 13.797921, 78.515212, 20.893185, 81.336080, 28.007015, 83.632675, 35.512814, 85.360917, 43.401345, 86.819957, 51.210175, 87.107188, 58.207166, 87.543390, 65.947855, 87.537417, 73.365332, 86.931511, 81.150343, 86.433325, 88.407150, 85.548865, 95.749010, 84.901848, 103.399139, 84.121864, 110.928038, 83.933090, 118.766812, 84.066131, 126.881613, 84.680778, 134.441165, 85.275549, 141.459842, 86.277093, 149.142476, 86.572403, 156.706434, 87.034125, 164.268858, 87.357836, 171.861223, 87.339832, 179.785006, 87.557619, 187.841566, 87.380020, 195.702569, 87.370333, 203.467897, 87.277120, 211.144401, 87.109544, 219.152969, 86.694931, 226.817589, 85.944722, 234.283902, 83.941764, 242.082493, 80.268259, 248.826611, 74.185365, 255.164249, 67.163217, 258.654551, 61.635141, 259.843497, 60.262850, 260.038460
Type01, L, 280, 58.663385, 280.463586, 55.784177, 280.268464, 50.176636, 280.117573, 42.483036, 277.283048, 34.903999, 272.222893, 29.690070, 264.986052, 26.313291, 257.304377, 24.353749, 248.896372, 22.679170, 241.071293, 21.376967, 232.722162, 20.075837, 224.442837, 18.931128, 216.144914, 17.839675, 207.847069, 16.396505, 200.147332, 15.262955, 191.943970, 13.722063, 183.818196, 12.350149, 175.296398, 10.795901, 167.224226, 9.083801, 159.265146, 7.570539, 151.106880, 6.142745, 143.375222, 4.400428, 135.011261, 2.837641, 126.926541, 1.636144, 118.898361, 0.880558, 111.119031, 0.000000, 102.076444, 0.002070, 94.338877, 0.315414, 86.092046, 0.954166, 77.965658, 2.277056, 70.459949, 4.007962, 62.255586, 5.952713, 54.585502, 8.409100, 47.129156, 11.415050, 39.387590, 14.812288, 31.469909, 18.919749, 23.988731, 23.554279, 16.687043, 29.751288, 10.081842, 36.831675, 4.584587, 44.593621, 1.308632, 53.298938, 0.000000, 61.330575, 1.434154, 69.113445, 4.762769, 75.666049, 11.242847, 80.435923, 18.505334, 83.548367, 26.069157, 85.609566, 33.959418, 87.092303, 42.037239, 88.524152, 50.303690, 89.433075, 58.080224, 90.173940, 66.274458, 90.276146, 74.036587, 89.921998, 82.640467, 89.202773, 90.339962, 88.270558, 99.221309, 87.660158, 106.563751, 87.168945, 114.826317, 86.641771, 123.163970, 86.478526, 131.605897, 86.602007, 139.585353, 86.990454, 147.911785, 87.422975, 156.358401, 88.393399, 163.757757, 89.355636, 172.629492, 90.073172, 180.069869, 90.379999, 188.488643, 89.870291, 195.799262, 89.503410, 204.408789, 89.097383, 212.918308, 89.062517, 221.151385, 88.988073, 229.561015, 88.921382, 237.912198, 88.375039, 245.559243, 87.382069, 253.560415, 84.948078, 261.073303, 81.168992, 269.008028, 74.595667, 275.471164, 66.987978, 279.153168, 61.687040, 279.672127, 58.432911, 280.937970
Type01, L, 290, 59.704472, 290.362926, 57.193886, 290.282236, 51.082735, 290.048197, 43.207612, 286.976344, 35.835575, 281.427374, 30.227734, 274.101227, 26.887875, 265.878414, 24.910244, 257.533396, 23.953337, 249.387019, 22.425989, 241.072616, 21.057104, 232.443322, 19.571944, 224.207043, 18.277932, 215.601359, 17.341969, 207.673882, 16.094665, 199.118176, 15.110587, 190.761438, 14.020243, 182.119357, 12.545646, 173.878397, 11.333576, 165.903610, 9.284087, 157.443880, 7.540474, 148.939005, 5.832668, 140.522086, 3.888123, 131.673878, 2.572757, 123.343660, 1.092793, 114.789996, 0.438106, 106.541181, 0.018706, 97.805788, 0.000000, 89.237952, 0.797676, 80.411587, 1.813721, 72.606059, 3.702957, 63.524999, 5.837957, 55.664474, 8.536205, 47.283616, 11.845088, 39.249873, 15.571716, 31.172305, 20.017018, 23.508321, 24.938242, 16.332664, 31.179784, 9.568753, 38.672322, 4.225130, 46.536187, 1.184114, 55.375990, 0.000000, 63.390451, 1.200083, 71.302355, 5.188007, 78.049519, 11.530496, 82.928149, 19.174871, 85.767468, 27.275411, 88.182228, 35.324536, 89.721136, 43.951009, 91.581999, 52.231572, 92.724243, 60.141567, 93.790648, 69.220772, 93.880353, 76.932891, 93.113049, 86.624152, 92.611862, 95.125995, 91.742760, 102.737533, 91.551482, 110.922104, 91.250027, 118.807664, 91.206383, 127.897248, 91.488072, 136.368152, 91.627667, 145.332520, 91.993812, 153.642083, 92.319372, 162.336607, 92.764716, 170.439935, 93.194077, 179.002703, 93.223482, 186.830446, 93.728055, 195.662752, 93.685573, 204.183767, 93.829335, 212.725451, 93.579387, 221.062776, 93.093323, 229.158518, 92.791117, 236.941708, 91.722096, 245.874382, 90.889015, 253.941371, 89.302422, 262.782113, 86.997122, 270.699779, 83.168854, 278.768126, 76.381496, 285.270925, 68.239837, 289.232798, 62.787208, 289.501628, 59.879790, 291.515710
Type02, L, 230, 62.654330, 230.109920, 60.348235, 229.809329, 56.152080, 229.586144, 49.021100, 227.032241, 43.213701, 223.107061, 38.286753, 217.155376, 35.257847, 210.871733, 33.039317, 204.408957, 31.118626, 197.446667, 29.620676, 190.978887, 28.336130, 183.978739, 26.653864, 177.327649, 25.381585, 170.642718, 23.825562, 163.843669, 22.186788, 157.337246, 20.576100, 150.499455, 18.566970, 143.671412, 16.637922, 137.036478, 14.394881, 130.411786, 12.147493, 124.058644, 9.671620, 117.470228, 7.171980, 110.680015, 4.983715, 104.364858, 3.158318, 97.487333, 1.588865, 90.785434, 0.508126, 83.749712, 0.000000, 76.701697, 0.010673, 70.083393, 0.453989, 63.341673, 1.184885, 56.721733, 2.660781, 49.682186, 4.303803, 43.294756, 6.498533, 36.589906, 9.182310, 29.886311, 12.419877, 23.437524, 16.487650, 17.360312, 21.187944, 11.590803, 27.036723, 6.998286, 33.145557, 3.743167, 39.776430, 1.128785, 46.666452, 0.000000, 53.697018, 0.115947, 60.327222, 2.086511, 66.501783, 6.181121, 71.463127, 12.065884, 74.873270, 18.039592, 77.794813, 24.808197, 80.059906, 31.006377, 81.770618, 37.841049, 83.008217, 44.256145, 84.010041, 51.446715, 85.365934, 58.262320, 86.345081, 65.161725, 86.314362, 71.360511, 85.155671, 78.594446, 83.299570, 85.319445, 81.005349, 91.838262, 78.498314, 98.742508, 76.011987, 105.346372, 73.732232, 112.357320, 72.077426, 119.104653, 71.527756, 126.065796, 71.775209, 133.496112, 72.962176, 140.317610, 74.152682, 146.833832, 76.171465, 153.469337, 78.118816, 160.580918, 80.075534, 167.229614, 82.070173, 173.428947, 83.431793, 180.007650, 85.121596, 186.480103, 85.892376, 193.238468, 86.590054, 199.889950, 86.039933, 207.133901, 84.508874, 214.126884, 81.086393, 220.511029, 75.982393, 226.282606, 69.095175, 229.036726, 65.263815, 230.225479, 61.991328, 229.733599
Type02, L, 250, 64.854579, 250.214765, 67.499053, 249.825732, 72.186067, 249.279128, 79.315932, 245.457551, 84.532715, 239.301689, 86.880466, 231.967758, 87.972039, 225.156756, 87.786812, 217.343703, 87.089285, 210.377752, 85.397994, 202.994046, 83.694420, 196.083642, 81.334118, 189.052751, 78.969407, 182.193156, 76.564887, 174.443643, 74.921649, 167.736159, 73.191358, 160.219986, 71.913336, 153.624744, 71.037605, 145.615363, 70.382789, 138.612728, 71.029564, 130.968973, 72.578500, 123.724447, 75.125434, 116.568653, 78.105805, 109.365340, 81.190320, 102.081530, 84.075530, 95.072020, 86.614217, 87.482658, 87.858164, 80.538850, 87.819028, 72.780364, 87.396378, 66.242218, 86.191749, 58.377458, 85.020490, 50.846619, 83.826549, 44.124487, 82.314014, 36.728933, 80.395792, 29.369947, 78.395789, 22.137505, 75.284083, 15.154764, 70.568059, 8.619468, 64.017578, 3.619988, 56.859247, 0.443562, 49.114438, 0.000000, 41.760912, 1.084661, 34.594904, 4.231312, 27.932201, 8.522493, 22.074332, 14.193872, 17.014918, 20.463351, 13.125541, 27.289008, 9.680002, 34.315936, 6.730393, 41.465764, 4.351515, 48.588563, 2.277718, 55.745069, 0.780374, 63.073342, 0.041741, 70.001511, 0.000000, 77.841422, 0.768025, 84.525690, 1.748615, 91.484404, 3.520376, 98.730039, 5.021122, 105.464008, 7.101050, 112.613316, 9.012819, 119.656712, 11.257098, 126.889015, 13.363186, 134.176506, 15.556273, 141.445059, 17.749258, 149.177461, 20.123576, 156.066903, 22.000284, 163.560886, 23.986654, 170.685426, 25.730610, 177.546653, 27.285902, 185.107609, 28.807177, 192.853052, 30.106815, 199.992640, 31.349257, 207.793498, 32.637383, 214.511633, 34.408882, 221.813157, 36.229533, 228.689553, 39.291681, 235.857216, 43.760807, 242.521055, 50.033482, 247.801327, 57.603283, 249.832607, 62.172341, 250.378972, 65.165309, 249.946893
Type02, L, 260, 65.959239, 260.539863, 63.654889, 260.569681, 58.834693, 259.905557, 51.424552, 256.660479, 45.243011, 250.971620, 40.179742, 244.316533, 36.886708, 237.145622, 34.312098, 229.700873, 32.514879, 222.120537, 31.246962, 214.509260, 29.983158, 206.655922, 28.878833, 198.999201, 27.451729, 191.830096, 25.859539, 183.976134, 24.304553, 177.466294, 22.253023, 169.779927, 20.063044, 161.883477, 17.924121, 154.442698, 15.178823, 146.868863, 12.764858, 139.310114, 10.144229, 131.676059, 7.680481, 124.371958, 5.370583, 116.471210, 3.456595, 109.015906, 1.709269, 101.474162, 0.653367, 94.084890, 0.000000, 86.273928, 0.178924, 78.096018, 0.478643, 71.241681, 1.618819, 63.635726, 2.815514, 56.081464, 4.854362, 48.848020, 7.272277, 41.243136, 10.280608, 33.998773, 13.944421, 26.754290, 18.262878, 20.120079, 23.803480, 13.616267, 30.016804, 8.419319, 36.735717, 3.889768, 44.562667, 1.349105, 52.055851, 0.000000, 59.407181, 1.477625, 67.037898, 4.607892, 73.232504, 9.656900, 78.544480, 16.434789, 81.314312, 23.311260, 83.977575, 30.624280, 85.850985, 38.747229, 87.189361, 45.677748, 88.969009, 53.554731, 90.340339, 60.741149, 91.687388, 68.471104, 92.255844, 76.258871, 92.013624, 83.737758, 90.673929, 91.158701, 88.289886, 98.333655, 85.100843, 106.064460, 82.194569, 112.694534, 79.348574, 120.593900, 77.429324, 127.647450, 76.366222, 135.455738, 75.730229, 143.356611, 76.084731, 151.075332, 76.692394, 158.507764, 77.885876, 166.564626, 79.322502, 173.556662, 81.157081, 181.361719, 82.932798, 188.276483, 85.175146, 196.472625, 87.327666, 203.904646, 89.238753, 210.981935, 91.432817, 219.263417, 92.133535, 226.741256, 92.102346, 234.489193, 90.174435, 242.248561, 86.691214, 249.346927, 80.705373, 255.717294, 73.839520, 259.280872, 68.220257, 259.977127, 66.295499, 261.445491
Type02, L, 270, 68.385215, 270.343149, 66.073938, 270.219664, 60.006822, 269.729002, 52.538601, 266.566597, 45.670462, 261.126253, 40.700548, 254.109742, 37.248363, 246.571900, 35.155647, 238.910585, 33.247657, 231.020516, 32.165391, 222.887718, 30.406415, 215.053746, 28.841136, 207.084140, 26.570549, 199.154551, 24.932883, 191.320893, 22.778975, 183.876281, 20.780205, 175.561704, 18.762988, 168.092920, 16.966240, 160.311088, 14.701816, 152.654665, 12.804963, 145.167040, 10.288199, 137.417635, 7.970656, 129.562015, 5.784073, 122.239919, 3.951099, 114.848357, 2.090244, 106.701909, 1.016091, 98.962888, 0.135512, 90.766458, 0.000000, 82.995590, 0.427997, 74.994588, 1.683878, 66.801145, 3.213360, 59.248332, 5.511422, 51.324922, 8.297415, 43.672181, 11.753649, 36.006529, 15.832414, 28.619983, 20.584015, 21.575272, 25.819042, 14.809227, 32.265455, 8.520752, 39.416295, 4.143442, 47.158080, 1.035408, 55.063895, 0.000000, 63.305279, 1.081335, 70.958126, 4.438607, 77.525121, 10.347309, 82.022316, 17.542888, 85.348999, 24.756017, 87.810668, 32.742810, 89.562187, 40.440796, 91.117701, 48.377922, 92.267908, 55.874578, 93.594734, 63.784959, 94.821735, 71.847811, 95.725188, 80.029411, 95.279835, 88.250696, 93.448354, 96.072384, 90.577497, 103.787142, 87.018941, 111.427461, 83.653605, 119.025768, 80.598204, 126.809023, 79.012425, 134.552131, 77.947067, 142.542154, 78.130045, 150.616271, 78.750956, 158.234309, 79.684209, 166.362928, 81.360261, 174.451992, 82.806961, 182.035024, 84.809332, 189.865871, 87.010629, 197.275379, 89.256756, 204.841552, 91.424783, 212.291632, 93.290777, 220.329748, 94.834908, 228.065084, 95.699361, 235.790309, 95.423387, 244.599738, 93.722349, 251.809498, 90.052398, 259.805609, 83.443034, 265.770068, 75.805299, 269.101177, 71.111110, 270.261182, 68.435761, 269.502908
Type03, L, 230, 50.296369, 230.268827, 48.204142, 230.072729, 43.828388, 229.425156, 37.361990, 227.076325, 31.295163, 222.711790, 26.967747, 216.891691, 23.968208, 210.399218, 21.898007, 203.749000, 19.929727, 196.999145, 18.947178, 190.392208, 17.851360, 183.717633, 16.949281, 176.952597, 16.010468, 170.225940, 14.827064, 162.825803, 13.646955, 156.181152, 12.320531, 149.145439, 10.926914, 142.606230, 9.407717, 135.986121, 7.974945, 129.539870, 6.754390, 122.792580, 4.971281, 116.268145, 4.037673, 109.637037, 2.665668, 102.950553, 1.650730, 96.730751, 0.966411, 90.264266, 0.321626, 83.130762, 0.000000, 76.798166, 0.064664, 70.139963, 0.323422, 63.644098, 1.174014, 56.870658, 2.294056, 50.403040, 3.893739, 43.434739, 6.027169, 37.212612, 8.626942, 30.596359, 11.711117, 24.192504, 15.476803, 17.947731, 19.837345, 12.346619, 25.061521, 7.130480, 31.117100, 2.959783, 37.644435, 0.649290, 44.450570, 0.000000, 50.636372, 0.872100, 57.319166, 3.423051, 63.122951, 7.711296, 67.608903, 13.618898, 70.916036, 20.031624, 73.252981, 26.270159, 75.280820, 33.262945, 76.547170, 40.328845, 77.384243, 47.245182, 77.931840, 54.088144, 78.308404, 61.077599, 78.249802, 67.341491, 78.403642, 74.183132, 77.883852, 80.990599, 77.092894, 88.087605, 76.094233, 94.650930, 74.973612, 101.303155, 73.654331, 108.020688, 72.864439, 114.843877, 71.957902, 121.474729, 71.458125, 128.357771, 71.739821, 135.352955, 72.458534, 142.158224, 73.366858, 148.531520, 74.484647, 155.476025, 75.305809, 161.811361, 76.260176, 168.592182, 76.847351, 175.630164, 77.588657, 182.478182, 77.980010, 189.498563, 78.505208, 196.569085, 78.249956, 203.674708, 77.201818, 210.092016, 74.239770, 216.509551, 69.355060, 222.297604, 63.428148, 226.859897, 57.325089, 229.133529, 52.553366, 230.357628, 50.406457, 229.461195
Type03, L, 235, 53.240357, 235.242899, 51.106970, 235.113913, 46.313664, 235.079513, 39.770360, 233.012050, 33.490364, 229.485023, 28.382658, 224.016516, 24.736485, 217.630177, 22.286870, 211.176027, 20.427842, 204.451802, 18.952855, 197.685660, 18.289729, 190.596040, 16.966025, 183.747825, 16.514459, 177.170704, 15.471730, 169.739140, 14.629327, 163.031288, 13.372135, 156.344330, 12.097094, 149.336231, 10.728888, 142.730854, 9.084412, 135.614812, 7.502441, 128.874958, 5.890635, 122.213405, 4.711705, 115.540197, 3.175297, 108.617184, 2.060092, 101.567946, 1.016183, 94.896889, 0.455946, 87.314066, 0.000627, 81.197047, 0.000000, 74.218506, 0.503275, 66.477427, 0.937976, 60.166610, 2.125291, 52.897002, 3.236690, 46.379537, 5.343829, 39.253697, 7.570337, 32.822106, 10.552130, 26.291606, 14.132230, 20.002334, 18.456393, 14.115603, 23.547574, 8.693087, 29.057852, 4.267298, 35.443024, 1.162851, 42.825014, 0.000000, 49.461175, 0.862148, 56.246096, 3.428464, 62.036921, 7.829824, 66.983798, 13.476087, 70.800334, 19.700028, 73.606427, 26.243282, 75.581739, 32.970689, 77.269221, 39.753232, 78.048962, 46.650572, 78.877218, 53.048539, 79.273946, 60.937282, 79.594584, 67.043134, 79.493188, 74.335576, 79.331721, 81.440836, 78.821982, 88.124063, 78.151793, 95.398236, 77.380871, 102.006321, 76.615358, 109.250775, 75.980849, 115.744515, 75.377052, 123.157731, 75.088928, 130.395752, 74.889370, 137.306891, 75.155493, 144.200070, 75.348427, 152.081464, 75.696302, 158.313104, 76.430133, 166.142719, 76.759388, 172.581467, 77.772963, 179.069157, 78.301936, 186.150518, 78.999494, 192.607231, 79.496000, 199.259557, 79.493275, 206.292055, 78.532409, 213.184848, 76.144208, 219.451878, 72.303154, 225.905145, 66.941676, 231.004818, 60.327297, 234.415560, 55.630986, 235.154293, 52.997062, 234.516835
Type03, L, 245, 53.584265, 245.254018, 51.133450, 244.942655, 45.851723, 244.590364, 39.426850, 242.068075, 32.860146, 237.669506, 28.010189, 231.444675, 25.019024, 224.781760, 22.569769, 218.149754, 20.743660, 210.629776, 19.355588, 203.344339, 18.275634, 195.354207, 17.590624, 188.643843, 16.459822, 181.395502, 15.380241, 174.239672, 14.126648, 167.023213, 12.547070, 159.922465, 11.272931, 152.630389, 9.703348, 145.633411, 8.144307, 138.064653, 6.751994, 130.734689, 4.963818, 123.325716, 3.962225, 116.021202, 2.548604, 108.917121, 1.633031, 101.616997, 0.761159, 94.432147, 0.263733, 87.237466, 0.000000, 79.905737, 0.094076, 72.598520, 0.483991, 65.658655, 1.632984, 57.762389, 2.893799, 51.193856, 4.932536, 44.005697, 7.124311, 37.298213, 9.963521, 30.319116, 13.001415, 23.859749, 16.796752, 17.214386, 21.197339, 11.121159, 26.777741, 5.566811, 33.368842, 2.179297, 40.559206, 0.345279, 47.965969, 0.000000, 54.901719, 1.926556, 61.559400, 5.840039, 67.250146, 11.093184, 71.660185, 17.491230, 75.028825, 24.266735, 77.014768, 31.013146, 78.654909, 38.483903, 80.012722, 45.712249, 80.799248, 53.015887, 81.477810, 59.861783, 82.313018, 66.830721, 82.685121, 74.019541, 82.749290, 81.166470, 82.451944, 88.618220, 81.539555, 95.595759, 80.460131, 102.548688, 79.123520, 109.699685, 77.922675, 116.613464, 76.954787, 123.497472, 76.381468, 131.019185, 76.415242, 138.072549, 76.478638, 145.505218, 77.235204, 152.630315, 77.826088, 159.827459, 78.679313, 166.519407, 79.856944, 173.804503, 80.490854, 180.533061, 81.500812, 187.597215, 82.040877, 195.031744, 82.780372, 202.111104, 82.772992, 209.548221, 82.306585, 216.408538, 81.139273, 223.485899, 78.449700, 230.645371, 73.997461, 236.926461, 67.892882, 242.027670, 60.985935, 244.278773, 55.839172, 245.096468, 54.014715, 244.811495
Type03, L, 250, 52.459319, 250.267677, 49.983738, 249.862133, 45.036806, 249.635618, 38.131458, 246.780907, 31.342407, 242.133342, 26.617985, 235.953936, 23.528039, 228.797938, 21.590167, 221.994958, 20.141250, 214.654048, 18.762686, 207.438968, 17.938297, 200.351911, 16.601965, 192.317933, 15.564350, 185.308868, 14.453575, 177.530944, 13.397016, 170.581210, 12.099334, 162.514954, 10.755452, 155.247599, 9.542818, 147.746453, 8.268179, 140.585234, 6.913064, 133.005936, 5.649921, 125.726106, 4.696948, 118.653081, 3.558289, 111.694494, 2.384884, 103.540122, 1.558954, 96.505036, 0.670735, 88.567211, 0.314954, 81.767717, 0.000000, 74.247524, 0.314833, 67.416400, 0.946170, 59.969755, 2.187498, 52.598836, 3.884356, 45.343746, 6.146062, 37.817740, 9.244341, 31.025439, 12.535662, 23.905037, 16.826348, 17.423190, 21.825316, 10.933781, 27.845305, 5.712402, 34.688519, 1.896343, 41.785307, 0.000000, 48.596944, 0.384747, 55.913222, 2.649573, 62.727708, 6.364012, 68.760022, 12.059058, 72.917077, 18.894490, 75.678144, 25.815008, 78.029126, 33.075734, 79.755680, 40.337342, 81.302537, 47.125807, 82.282883, 55.554666, 83.193415, 62.248941, 83.259603, 69.984605, 83.512533, 76.523825, 83.167842, 83.988597, 82.682073, 90.894628, 82.069876, 97.995462, 81.139769, 105.297280, 80.365228, 113.140186, 79.456584, 120.096805, 79.202544, 127.295465, 79.063302, 134.418728, 79.269785, 141.417206, 79.330906, 148.870693, 79.659917, 155.377908, 79.692661, 163.051971, 80.025664, 170.502716, 80.038278, 176.690048, 80.482385, 185.176423, 80.604175, 191.822229, 81.248943, 199.538007, 81.582276, 206.922381, 81.945220, 213.683395, 81.564469, 221.142150, 80.310869, 227.979238, 77.962906, 235.155236, 73.338207, 241.875290, 67.023801, 246.932902, 59.672815, 249.086871, 55.531733, 250.416261, 52.313319, 249.512896
Type03, L, 255, 55.822925, 255.211270, 53.444791, 255.029232, 48.244662, 254.945706, 41.121488, 252.849298, 34.147859, 249.067484, 28.052474, 243.536241, 24.200739, 236.381114, 21.927876, 229.560270, 20.045527, 221.604531, 18.935452, 214.317134, 17.382177, 206.489967, 16.550000, 199.670129, 15.291833, 191.247335, 14.324321, 184.483044, 13.349459, 177.609220, 12.258787, 169.654839, 10.880138, 161.890076, 10.007697, 154.933425, 8.890337, 147.732868, 7.687032, 140.298218, 6.565788, 132.434101, 5.123241, 125.211204, 3.976415, 117.959601, 3.008245, 110.878606, 1.722644, 103.521974, 0.844116, 95.285365, 0.102852, 87.933251, 0.036814, 80.044512, 0.000000, 73.388604, 0.586038, 65.694631, 1.747181, 58.166046, 3.169552, 50.857255, 5.281430, 43.475032, 7.782286, 36.161200, 10.760142, 29.270718, 14.471999, 22.069738, 18.445134, 15.596459, 23.610830, 9.264492, 29.649001, 4.316289, 36.926115, 1.127175, 44.676814, 0.000000, 52.087447, 0.442393, 59.027484, 2.871540, 65.950820, 7.560145, 71.110502, 13.525547, 74.889606, 20.476912, 77.476741, 27.514713, 79.476003, 35.212957, 81.241469, 42.884990, 82.349294, 50.181368, 83.255104, 58.179781, 83.436664, 65.663543, 83.749919, 73.358381, 83.473433, 81.171533, 83.043640, 88.211889, 82.617505, 96.073034, 81.821320, 103.525739, 81.167627, 111.467133, 80.324164, 118.767680, 79.964711, 126.626083, 79.341553, 133.980558, 79.294255, 141.993270, 79.097188, 149.043242, 79.314593, 156.233131, 79.592991, 164.342870, 80.273574, 171.587334, 80.607384, 179.739270, 81.446129, 187.006600, 81.985389, 194.511308, 82.642087, 201.272523, 83.401702, 208.891165, 83.644228, 216.224183, 83.527358, 223.553054, 82.219043, 231.413007, 80.163531, 238.559685, 76.025770, 245.632498, 70.253024, 250.760275, 62.945315, 254.134203, 57.977372, 254.686695, 55.415308, 256.016582
Type03, L, 260, 53.870658, 260.317633, 51.174735, 260.303701, 45.825442, 259.202728, 39.007306, 256.504908, 32.307825, 251.449174, 26.865723, 245.116264, 23.878621, 238.016570, 21.807639, 230.025982, 20.947371, 222.702233, 20.281716, 214.872225, 19.777411, 207.809439, 18.881922, 199.964832, 18.009286, 192.454869, 16.654588, 184.865619, 15.653844, 177.294542, 14.084007, 169.579733, 12.829340, 161.536431, 11.356597, 153.967687, 9.767455, 146.183864, 8.469095, 138.208881, 6.963996, 130.407515, 5.337810, 122.646423, 3.924644, 114.656489, 2.340465, 106.855895, 1.346677, 98.981904, 0.410542, 91.391910, 0.007267, 83.406153, 0.000000, 76.155186, 0.578207, 68.291536, 1.786500, 61.051052, 3.366663, 53.708240, 5.659593, 46.334008, 8.139381, 39.173596, 11.229704, 32.021950, 14.533486, 25.011464, 18.800050, 17.931707, 23.383653, 11.650026, 29.569008, 5.937922, 36.680338, 2.244141, 43.901508, 0.465545, 51.917001, 0.000000, 59.147100, 1.865330, 66.183640, 5.764379, 71.732535, 12.227249, 75.831605, 18.809895, 78.883313, 26.331857, 81.077707, 33.619598, 82.727422, 41.256729, 83.981571, 48.705912, 84.551607, 56.280940, 85.055424, 64.168839, 84.882741, 71.505853, 84.809539, 78.893330, 84.507440, 86.735970, 83.788835, 93.844550, 83.711218, 101.244254, 82.639895, 108.791098, 82.565941, 116.318198, 81.775987, 123.873690, 81.562972, 131.460568, 81.118832, 139.259494, 81.226693, 147.042387, 81.058626, 154.367178, 81.486144, 162.108110, 81.605484, 169.250797, 82.164060, 176.878494, 82.463805, 184.661448, 83.159575, 191.835884, 83.627705, 199.378212, 84.131477, 207.034630, 84.453072, 214.323107, 85.056438, 221.877619, 84.908612, 229.866627, 83.652043, 237.131124, 80.796753, 244.445964, 75.492031, 250.765992, 69.073013, 256.019441, 61.749213, 259.186334, 56.441036, 260.049909, 53.493421, 260.219145
Type03, L, 265, 51.797236, 265.236105, 49.197991, 264.998384, 44.113746, 264.448239, 36.697433, 261.447016, 29.967451, 256.708349, 24.524626, 250.327489, 21.608096, 243.124973, 19.650820, 235.632109, 18.660525, 227.167198, 17.748199, 219.912125, 16.878798, 211.732002, 16.233104, 204.516722, 15.517042, 196.409076, 14.473786, 188.680048, 13.535257, 180.553990, 12.339595, 173.112135, 11.393425, 165.531529, 9.999267, 158.072848, 8.708618, 150.166063, 7.458940, 141.958654, 6.120401, 134.190267, 5.013698, 126.822759, 3.633515, 118.963560, 2.505505, 111.065230, 1.585607, 103.611702, 0.733249, 95.945448, 0.262979, 88.497898, 0.000000, 80.517449, 0.468576, 73.233075, 1.453522, 64.711559, 2.740983, 57.574162, 4.622136, 49.964514, 7.245401, 42.437514, 10.072409, 35.111273, 13.287426, 28.135166, 16.948765, 21.009387, 21.175334, 13.965265, 26.641325, 7.346381, 33.383425, 2.562774, 40.948366, 0.486751, 49.319689, 0.000000, 57.138601, 1.279415, 64.200313, 4.345125, 71.099252, 9.657284, 75.075650, 16.880091, 77.753776, 24.495105, 80.128608, 31.814925, 81.919913, 39.605179, 83.775938, 47.115256, 85.046644, 55.393729, 85.913633, 63.315341, 86.683889, 71.302198, 86.895131, 79.702808, 87.018259, 87.068266, 86.768764, 94.876731, 86.575602, 102.902207, 86.009853, 110.334028, 85.107784, 118.329697, 84.562811, 126.240900, 83.587488, 134.254113, 82.913509, 141.829823, 82.396335, 149.605467, 82.105331, 157.608638, 81.989454, 165.064140, 82.115742, 172.779070, 82.553609, 180.630404, 82.692527, 188.176292, 83.140260, 196.271120, 83.627233, 204.269761, 83.692855, 211.914886, 83.836243, 219.260273, 83.847148, 227.065011, 83.413682, 235.058106, 82.163991, 242.427817, 79.429835, 249.640621, 74.195598, 256.201263, 67.223969, 261.144258, 59.961606, 264.469226, 54.228922, 264.412387, 52.199531, 265.967980
Type03, L, 270, 58.999720, 270.138002, 55.936780, 269.856249, 51.133760, 269.827996, 42.901828, 266.738254, 35.937303, 261.744813, 31.042378, 254.463494, 27.914465, 247.101955, 25.612077, 239.093972, 23.877914, 230.936481, 22.349973, 223.185698, 21.283485, 214.958749, 19.874463, 207.368628, 18.930578, 199.182468, 17.699375, 191.457462, 16.429614, 183.323316, 14.685666, 175.032107, 13.208015, 167.182484, 11.459332, 159.611589, 10.164739, 151.442559, 8.421397, 143.880915, 6.765689, 135.974884, 5.388886, 128.568605, 3.825199, 120.966362, 2.517463, 113.343104, 1.693370, 105.518266, 0.766483, 97.501334, 0.486693, 89.315118, 0.000000, 81.975603, 0.153380, 74.252112, 0.749252, 66.760401, 2.142450, 57.999187, 4.082682, 50.599825, 6.818317, 42.681305, 9.708900, 35.156797, 13.621722, 27.578382, 17.557899, 20.340456, 22.401467, 13.234715, 28.163838, 6.780913, 35.672450, 2.566206, 43.394822, 0.152482, 50.562067, 0.000000, 59.380695, 1.531577, 66.283866, 5.488513, 72.349229, 12.049551, 75.805163, 19.329279, 79.054659, 27.046670, 81.379724, 34.639281, 83.787367, 42.719795, 85.175011, 50.060111, 86.562175, 58.649066, 87.373530, 65.612826, 87.621001, 73.736608, 87.930684, 81.458922, 87.610700, 88.717187, 87.440170, 96.121974, 86.825676, 103.827124, 86.371942, 112.782068, 85.757693, 120.914074, 85.542513, 127.477387, 84.973514, 136.896606, 84.905686, 144.839109, 84.604700, 151.691917, 84.706548, 159.219729, 84.755578, 166.075526, 85.000537, 173.640499, 85.543655, 182.484863, 86.005864, 189.993975, 86.553055, 197.975932, 87.181132, 206.670753, 87.419092, 213.884413, 87.776596, 222.009375, 87.881162, 229.849851, 87.580776, 236.759379, 87.216982, 244.653128, 85.342823, 253.207480, 81.672642, 260.049184, 74.639624, 266.232252, 67.575251, 268.568852, 61.475389, 270.445052, 60.399679, 269.466860
Type03, L, 275, 58.309546, 275.325939, 55.692615, 275.317112, 49.894116, 274.501879, 42.317661, 271.655731, 35.258706, 266.277168, 30.369021, 258.898328, 27.713118, 251.773408, 25.085397, 243.477141, 23.376065, 235.229516, 21.967391, 226.527531, 20.536589, 218.510768, 19.561847, 210.265520, 18.704745, 203.156052, 17.490312, 194.311306, 16.084154, 186.382933, 14.625300, 178.213711, 13.123887, 170.380264, 11.269942, 161.811092, 9.489927, 153.649111, 8.080795, 145.802137, 6.372262, 138.625621, 4.912153, 130.999478, 3.442668, 123.156442, 2.412782, 114.655323, 1.160719, 107.237299, 0.906522, 100.260640, 0.000000, 91.099904, 0.291581, 83.847080, 0.505176, 75.227183, 1.357976, 67.321098, 2.477558, 59.623332, 4.289761, 51.904123, 6.493713, 43.995486, 9.093546, 36.196196, 12.132581, 28.882995, 15.813219, 21.173229, 20.246263, 14.093670, 26.288124, 7.435766, 33.218536, 2.715202, 41.563597, 0.470970, 48.711908, 0.000000, 57.053959, 1.991681, 64.318064, 5.932237, 70.866017, 12.224659, 75.151938, 19.459736, 78.298203, 27.021521, 80.869864, 34.837828, 83.194090, 42.995228, 84.991952, 51.529686, 86.425094, 58.000265, 87.596183, 66.491400, 88.352541, 73.338096, 89.198401, 81.960875, 89.207234, 89.878576, 89.076918, 98.275655, 88.730725, 106.485023, 88.011033, 114.175504, 87.008134, 122.086909, 85.853963, 129.876311, 84.896719, 138.006849, 84.087280, 146.172755, 83.794798, 154.582217, 83.748293, 162.464281, 84.538401, 170.408182, 85.009578, 177.919484, 86.111218, 187.360957, 86.580216, 194.853991, 87.127158, 202.673160, 87.652898, 211.584392, 87.987922, 218.687946, 88.850247, 227.653107, 89.215811, 235.190416, 89.125340, 243.272813, 87.928832, 251.114995, 85.475573, 258.542147, 80.739075, 265.903210, 74.092888, 271.227870, 66.079992, 274.642766, 61.014441, 274.774072, 59.187688, 276.139777
Type03, L, 280, 65.841099, 279.731723, 68.577784, 279.066975, 73.918398, 277.771801, 81.118995, 272.186979, 86.006952, 264.856864, 88.960881, 256.921396, 90.079045, 248.916746, 90.471825, 240.780348, 89.866048, 232.810431, 89.649644, 224.569273, 89.121014, 216.386479, 89.072399, 207.879152, 88.504397, 200.511044, 88.037834, 191.666980, 87.394674, 183.540286, 86.732208, 175.293162, 86.166835, 166.890139, 86.028113, 158.827302, 85.733990, 150.409249, 86.111984, 142.128273, 86.865136, 133.809117, 87.848655, 125.748789, 88.992406, 117.606068, 89.833988, 109.523542, 90.215584, 101.936617, 90.302984, 93.200121, 90.072020, 84.893755, 89.519103, 77.486457, 88.616767, 67.769447, 87.494596, 60.419014, 86.270710, 51.735938, 84.575292, 43.782822, 83.092148, 35.552924, 80.770138, 27.296138, 77.986477, 19.612428, 73.293549, 12.117508, 66.734309, 5.893328, 59.003130, 1.782987, 50.991732, 0.000000, 42.904301, 0.370146, 34.869964, 3.214605, 27.435221, 7.534303, 21.195487, 14.305400, 16.403071, 21.528879, 12.456007, 29.265404, 9.191765, 37.149196, 6.498067, 44.745416, 4.216173, 53.279779, 2.373504, 61.068048, 1.309484, 68.981663, 0.450035, 76.762150, 0.000000, 84.505826, 0.149601, 92.902902, 0.575914, 101.575132, 1.254444, 108.907649, 2.249956, 117.778577, 3.906247, 126.561712, 5.171727, 135.085460, 7.247328, 144.072728, 8.612085, 150.748391, 10.504514, 158.622912, 12.287724, 167.126563, 14.052148, 175.321437, 15.686640, 182.482878, 16.902773, 189.916998, 18.414911, 198.075237, 19.717114, 206.994427, 20.680813, 214.803390, 21.202748, 223.250426, 22.293254, 231.558127, 23.163839, 238.613433, 24.850992, 246.595262, 27.114116, 255.013438, 30.444411, 262.550008, 35.075104, 270.277287, 42.205977, 275.909839, 49.677279, 279.400797, 58.086981, 280.391905, 62.494076, 280.400724, 67.380568, 280.047304
Type04, L, 230, 54.734456, 230.228540, 52.426499, 230.103046, 48.133366, 230.151321, 41.138316, 228.437498, 34.608149, 225.088206, 29.051120, 219.642632, 25.655465, 213.026257, 23.839060, 206.663889, 22.291900, 199.379835, 21.308248, 192.377219, 20.295414, 185.984837, 19.257812, 179.120620, 18.048845, 172.040565, 16.807822, 165.402908, 15.543968, 158.436681, 14.290424, 151.855290, 12.706599, 144.849687, 11.448014, 138.197766, 9.841212, 131.420366, 8.433906, 124.901585, 7.020818, 117.991873, 5.571940, 111.394306, 3.966820, 104.614005, 2.726466, 98.244885, 1.419557, 91.062482, 0.539581, 84.149508, 0.136666, 77.233662, 0.000000, 70.776469, 0.587027, 63.842696, 1.548491, 56.587477, 3.159455, 49.972492, 4.841825, 43.206922, 7.393407, 36.598098, 9.977105, 29.915578, 13.262347, 23.435745, 17.108574, 17.247776, 21.627798, 11.548255, 27.203728, 6.382795, 33.374105, 2.582759, 40.268109, 0.534921, 47.079810, 0.000000, 53.471571, 0.772291, 60.698741, 3.022119, 66.779074, 6.713668, 72.308819, 11.816894, 75.998821, 18.215995, 78.672283, 24.707933, 80.457147, 31.562945, 81.362839, 38.387381, 81.845513, 45.322851, 81.892958, 52.154234, 81.358865, 59.233042, 80.664272, 65.949130, 80.089058, 73.052879, 79.166184, 80.010474, 78.596680, 86.284034, 78.007910, 93.327428, 77.494111, 100.064165, 77.120459, 106.682300, 76.808330, 113.511978, 76.477360, 120.392287, 76.534196, 127.353779, 77.171189, 134.009286, 78.037847, 140.585641, 78.815145, 147.803357, 79.514629, 154.343846, 80.144584, 160.782310, 80.634811, 167.626597, 81.169676, 174.681739, 81.444960, 181.541184, 81.756513, 188.343445, 81.843898, 194.869793, 81.406976, 201.828816, 80.458899, 208.527696, 78.035494, 215.477447, 74.394720, 221.678810, 68.119951, 226.256950, 61.833549, 228.843714, 57.314499, 229.834622, 54.409028, 230.256653
Type04, L, 235, 55.689547, 235.274527, 53.281035, 235.141064, 48.813572, 235.221013, 41.824820, 233.195472, 35.470255, 229.427301, 30.441080, 223.751588, 26.629964, 217.319372, 24.258945, 210.875601, 22.083860, 204.694041, 20.748416, 197.807805, 19.618386, 190.919900, 18.709883, 183.786010, 17.717139, 177.247393, 16.868640, 170.492241, 15.543240, 163.500027, 14.193267, 156.662810, 12.842249, 149.831927, 11.314169, 142.827901, 9.810912, 135.745322, 8.386714, 129.220422, 6.730528, 121.877328, 5.511613, 115.355405, 3.918020, 108.553313, 2.806016, 101.245717, 1.451934, 94.596423, 0.791610, 87.491097, 0.000000, 80.732364, 0.004353, 73.488811, 0.139379, 66.993596, 0.764947, 59.899055, 2.216617, 53.187506, 3.532151, 46.273265, 5.746359, 39.723371, 8.247419, 32.843033, 11.187079, 26.171848, 14.885382, 19.810316, 19.215214, 13.791705, 24.423891, 8.054386, 30.615340, 4.030517, 37.403958, 1.043783, 44.204311, 0.000000, 51.429554, 0.545213, 58.210467, 2.739832, 64.569784, 6.791941, 69.830120, 12.222794, 73.872644, 18.460365, 76.557366, 24.628597, 78.970438, 31.818459, 80.370363, 38.117741, 81.317308, 44.837482, 81.936700, 51.885754, 82.351797, 58.966104, 82.220516, 65.776852, 81.923121, 72.958351, 81.205385, 79.682747, 80.558261, 87.033547, 79.626006, 93.883348, 78.885926, 101.086867, 78.025514, 107.786673, 77.361632, 115.626521, 77.174915, 122.340732, 76.903612, 129.431368, 77.273753, 136.285640, 77.654579, 143.791542, 78.313404, 150.533187, 78.933818, 157.246224, 79.757919, 164.183597, 80.578597, 171.190856, 81.280901, 178.171280, 81.863229, 185.326305, 82.361573, 192.460721, 82.218081, 199.746674, 81.700157, 206.278364, 80.602374, 213.640547, 78.340204, 220.220077, 74.567027, 226.713114, 68.521600, 231.701860, 62.348279, 234.104660, 57.738162, 235.337700, 55.971504, 234.623401
Type04, L, 240, 58.428936, 240.205666, 55.862836, 240.304803, 51.101322, 239.429476, 44.221917, 236.591436, 37.621132, 233.134421, 32.271536, 227.358448, 28.544153, 220.906652, 26.042335, 213.710762, 24.211517, 206.851581, 22.635790, 199.309962, 21.453325, 192.157582, 20.300153, 185.192028, 19.390823, 178.101296, 18.079216, 171.413007, 16.620504, 164.218342, 15.241826, 157.152756, 14.010727, 150.732676, 12.587887, 143.558117, 11.231345, 136.767209, 9.654545, 129.851191, 8.214513, 121.925209, 6.928872, 115.648288, 5.316640, 108.823272, 4.313379, 101.108288, 2.681031, 94.722717, 1.632407, 87.434824, 0.545361, 80.737035, 0.022459, 73.443448, 0.000000, 66.627618, 0.785300, 59.738943, 2.134706, 52.757483, 4.382325, 45.769710, 6.676061, 38.877890, 9.522895, 32.163466, 12.535016, 25.289736, 16.138304, 18.800976, 20.299234, 12.551007, 26.158992, 7.253240, 32.479918, 3.518260, 39.650293, 1.214072, 46.623300, 0.000000, 53.604911, 0.219289, 60.500428, 2.849302, 66.701711, 7.489289, 72.018680, 13.290985, 75.827586, 19.834336, 78.674390, 26.390913, 80.824271, 33.479007, 82.245385, 40.871510, 83.202682, 47.631017, 83.810766, 54.832628, 83.916101, 62.485829, 84.113441, 68.267582, 83.555866, 75.994199, 83.418931, 82.743240, 82.200780, 90.067816, 81.527982, 96.837025, 80.597938, 104.101522, 79.645135, 111.154715, 79.127204, 118.177590, 78.684344, 125.336104, 78.726825, 132.152752, 79.040032, 139.176560, 79.572822, 146.101485, 80.361618, 153.450280, 81.046017, 160.391703, 81.757837, 167.267390, 82.360030, 173.999269, 82.744739, 181.022015, 82.628616, 187.970440, 83.199961, 195.238369, 83.865597, 202.361829, 84.313385, 209.144145, 83.023039, 215.647536, 80.752421, 222.481409, 76.902191, 228.995600, 72.095517, 234.946389, 65.721077, 238.785665, 60.667556, 240.071110, 59.000003, 240.021913
Type04, L, 245, 58.280388, 245.328236, 55.671273, 245.152876, 50.908037, 245.010456, 43.708970, 242.562188, 37.080989, 238.664737, 31.692819, 232.521533, 28.648627, 226.187684, 26.381244, 219.189785, 24.689795, 212.096594, 23.365607, 204.984544, 22.524914, 197.652752, 21.539255, 190.838528, 20.453661, 182.931733, 19.344454, 176.417793, 18.031673, 169.064433, 16.454946, 161.987219, 15.039088, 154.704423, 13.242700, 147.726815, 11.729197, 140.477366, 9.952392, 133.204974, 8.160624, 126.396073, 6.647422, 119.272256, 5.078274, 112.366558, 3.413882, 105.154751, 2.015059, 98.122676, 0.982442, 90.682220, 0.024918, 83.134609, 0.000000, 76.211523, 0.302997, 68.888347, 1.379806, 61.794196, 2.743986, 54.488602, 4.552966, 47.973023, 6.894949, 40.529257, 9.295915, 33.614408, 12.126056, 26.516983, 15.294232, 19.656808, 19.511173, 13.138495, 25.293805, 7.552171, 31.954801, 3.522588, 38.968379, 1.035718, 45.731990, 0.000000, 53.253706, 0.769973, 60.150708, 3.492147, 66.689811, 7.943675, 72.002170, 13.681523, 76.217098, 20.013814, 78.881198, 27.177063, 81.089341, 34.050825, 82.757676, 40.684728, 85.658434, 48.199587, 86.091450, 54.709391, 85.707769, 62.274640, 85.493048, 69.660222, 84.723870, 77.058632, 83.550505, 84.261069, 82.428073, 91.305413, 81.191268, 99.062243, 80.515635, 105.773015, 79.901049, 112.434894, 79.682977, 120.044419, 79.573645, 127.363181, 79.981833, 134.690646, 80.332129, 142.236994, 80.694709, 148.576793, 81.532065, 156.086738, 82.114940, 164.224370, 83.004229, 170.990501, 83.681415, 178.526359, 84.348222, 186.232471, 85.110199, 192.982606, 85.488060, 200.695147, 85.918570, 207.474180, 85.820511, 214.766015, 84.983812, 221.814953, 82.588261, 229.070897, 78.017661, 235.360737, 71.919149, 240.909165, 65.472491, 243.318903, 60.220321, 245.260773, 59.462212, 244.416970
Type04, L, 250, 61.392150, 250.320541, 59.255791, 250.177534, 54.159634, 249.993231, 46.762375, 247.242183, 40.244279, 242.720401, 34.437789, 236.695347, 30.520880, 229.926839, 27.882404, 222.690784, 25.855519, 214.958692, 24.950966, 207.838406, 23.928887, 199.745217, 23.217584, 192.032575, 21.723563, 184.159616, 20.662033, 177.261163, 18.876909, 169.767121, 17.372461, 162.482310, 15.374327, 155.087756, 13.719534, 148.371003, 11.754903, 140.934891, 9.860966, 133.928204, 8.019395, 126.574398, 6.267444, 119.597572, 4.580305, 112.294826, 2.925429, 104.594865, 1.837626, 97.865407, 0.729365, 90.182845, 0.040361, 82.038862, 0.000000, 75.034354, 0.705871, 67.266482, 1.800075, 60.375871, 3.767074, 52.555838, 5.699334, 45.710263, 8.446900, 38.421528, 11.044182, 31.241317, 14.487205, 24.233004, 18.094705, 17.355567, 23.311694, 10.995107, 29.448151, 6.040693, 36.514205, 2.646255, 43.556426, 0.707305, 50.530401, 0.000000, 58.144707, 1.187009, 65.159450, 4.189532, 71.527734, 9.296532, 76.724740, 15.228905, 80.691634, 21.765735, 83.763739, 28.859190, 86.422313, 36.146238, 88.135835, 43.818440, 89.050752, 50.431033, 89.602321, 58.011630, 89.669834, 65.576737, 89.364412, 72.824879, 88.735589, 80.317984, 87.786951, 87.162415, 86.853234, 94.526072, 85.792599, 102.031962, 84.822851, 109.323851, 83.975162, 116.607337, 83.540135, 124.006247, 83.115686, 131.717202, 83.103907, 139.417898, 83.425799, 146.172059, 84.303068, 154.233422, 85.254886, 161.611148, 86.118246, 169.186449, 86.977251, 176.807746, 87.439865, 183.367061, 87.952474, 190.525508, 88.605378, 196.942618, 89.408712, 205.110724, 89.648681, 212.619138, 89.558274, 220.082624, 88.397502, 226.797994, 86.231431, 234.373231, 82.125271, 241.042595, 75.630373, 246.470837, 68.687234, 248.862440, 63.602963, 250.508662, 61.870109, 249.297124
Type04, L, 260, 58.654235, 260.367728, 56.179439, 259.897246, 51.006375, 259.492595, 43.557487, 256.247659, 36.879547, 251.257074, 32.225306, 244.370975, 29.333566, 237.169254, 27.148604, 229.569839, 25.810976, 222.024322, 24.296894, 214.528595, 23.354642, 206.987406, 22.060892, 199.440484, 21.054993, 191.640479, 19.614320, 184.063842, 18.296941, 176.540722, 16.664057, 168.654754, 15.179962, 161.781229, 13.370974, 153.579938, 11.648274, 146.571459, 9.818372, 138.835407, 8.152611, 131.364024, 6.438072, 123.857555, 4.793378, 116.093048, 3.164677, 108.599766, 1.697618, 101.188180, 0.696409, 93.392232, 0.179263, 86.327599, 0.000000, 78.279401, 0.732984, 70.714685, 2.166695, 63.298560, 3.555426, 55.967883, 5.969655, 48.304689, 8.439971, 40.784658, 11.109195, 33.412017, 14.219729, 26.139131, 17.956092, 18.936502, 22.887558, 12.295191, 29.063645, 6.429107, 36.199597, 2.971162, 43.384034, 0.702597, 51.233223, 0.000000, 58.429726, 1.308639, 65.826873, 4.478189, 72.384452, 9.836522, 77.031182, 16.902393, 80.571501, 23.667157, 83.568759, 30.876711, 86.054275, 38.682264, 87.656507, 45.706967, 88.788822, 53.632089, 89.501328, 60.720659, 89.262202, 68.389581, 88.935270, 76.415478, 87.800606, 83.711087, 86.798212, 91.314595, 85.529083, 98.585461, 84.479203, 106.391685, 83.461446, 113.573264, 82.707516, 121.579027, 82.243816, 128.866576, 82.140570, 136.879404, 82.345879, 144.052600, 82.880889, 152.576013, 83.254285, 159.923076, 84.253135, 168.166033, 84.966336, 175.582255, 85.821903, 183.388275, 86.885664, 190.920114, 87.681331, 198.459849, 88.514690, 206.384378, 89.186237, 214.393970, 89.447316, 222.168144, 89.191967, 230.187654, 87.638066, 237.429068, 85.008804, 244.979995, 79.880517, 251.714648, 73.603757, 257.189939, 65.887180, 259.535469, 61.317660, 260.432216, 59.014700, 259.480008
Type04, L, 265, 59.601566, 265.372032, 57.048658, 265.396425, 51.951121, 264.755495, 44.583763, 262.652042, 37.351888, 257.903399, 32.204090, 251.224700, 28.975595, 243.650383, 26.658769, 236.216431, 25.101225, 228.520527, 23.464827, 220.093244, 22.567828, 212.739882, 21.498074, 204.527265, 20.684503, 197.137709, 19.460699, 188.935372, 18.046009, 181.031267, 16.634345, 173.017531, 15.091851, 166.070779, 13.503750, 157.730186, 11.690708, 150.416157, 10.179595, 142.471502, 8.336902, 134.947904, 6.672967, 127.245373, 5.152171, 119.918374, 3.572447, 111.952405, 2.211326, 104.229447, 1.024140, 96.561869, 0.185708, 88.984622, 0.000000, 81.200213, 0.498528, 73.586096, 1.435522, 65.253121, 3.271258, 58.127836, 5.059665, 50.393978, 7.575610, 42.871929, 10.271708, 35.291358, 13.118443, 27.869996, 16.807675, 20.360561, 21.183128, 13.372454, 27.140466, 7.337737, 34.536070, 3.020165, 41.895733, 0.822787, 49.775954, 0.000000, 57.616557, 1.378305, 65.317409, 4.384007, 71.922857, 9.796637, 77.139646, 16.848138, 80.598805, 23.827516, 83.587302, 31.591593, 85.551635, 39.225752, 87.210890, 46.849483, 88.908200, 54.614867, 89.671708, 61.576224, 90.234898, 69.667863, 89.670843, 77.162773, 89.068164, 85.136549, 88.017207, 92.673321, 87.197163, 100.194834, 86.279233, 107.816779, 85.411528, 115.427801, 84.902128, 123.721601, 84.237790, 130.985289, 83.992676, 139.217294, 84.153900, 146.679394, 84.228791, 154.594236, 84.679274, 162.119544, 85.466103, 169.603823, 86.307422, 177.590106, 87.157544, 185.351365, 88.042475, 193.215387, 88.806486, 200.816171, 89.653736, 208.804716, 89.836465, 216.655465, 90.034416, 224.802570, 89.455439, 232.598875, 88.160538, 240.620616, 85.730524, 248.429667, 81.815614, 255.804408, 75.168307, 261.574588, 67.432533, 264.227620, 62.900496, 265.266649, 58.341526, 265.126137
Type04, L, 270, 62.446412, 270.323019, 59.638739, 270.328431, 54.019294, 270.079351, 46.516660, 267.467020, 39.129348, 262.813200, 33.612666, 256.098012, 30.239737, 248.584818, 27.857731, 241.229909, 26.315885, 233.461642, 25.024865, 225.402868, 23.620482, 217.337801, 22.279985, 209.860752, 21.163630, 201.455288, 19.567058, 193.811882, 18.445340, 185.936286, 16.803905, 178.171511, 15.305110, 170.163634, 13.626668, 162.337301, 11.910491, 154.371243, 10.359243, 146.842931, 8.523141, 138.675581, 6.930351, 130.869548, 5.111404, 122.842959, 3.375459, 114.823118, 1.773973, 106.700148, 0.491966, 98.941587, 0.000000, 91.090731, 0.129834, 83.305587, 1.196829, 75.626607, 2.552925, 67.554567, 3.849861, 59.813652, 5.340704, 52.071899, 7.317074, 43.823957, 9.909759, 36.229516, 13.253296, 28.609373, 17.498128, 21.275383, 22.659770, 14.443892, 28.975581, 8.179783, 36.132546, 3.727384, 43.690949, 0.740314, 51.890513, 0.000000, 59.520421, 0.953619, 67.500087, 3.837169, 74.420614, 9.326248, 78.948951, 16.393220, 82.610808, 23.453866, 85.622673, 30.844893, 88.137729, 38.869845, 89.709239, 46.647736, 90.974316, 54.547649, 91.303089, 62.527588, 91.131359, 70.240830, 90.459976, 78.310450, 89.402226, 86.490720, 88.206381, 94.069707, 87.100766, 102.026428, 86.195713, 110.024457, 85.343185, 117.730160, 84.880934, 125.165109, 84.385762, 132.834804, 84.143952, 140.734777, 84.218510, 148.901107, 84.535839, 156.757700, 85.148384, 164.569272, 85.978834, 172.612989, 86.888546, 180.470559, 88.082976, 188.189493, 88.989758, 195.756906, 89.952333, 203.910019, 90.748493, 211.934151, 91.178297, 219.930472, 91.312420, 227.921333, 90.898254, 235.379531, 89.606318, 243.145655, 87.576226, 250.955858, 83.899161, 258.639129, 78.044971, 265.181599, 70.137783, 268.925513, 65.290701, 270.022558, 62.157797, 269.905767
Type04, L, 280, 64.088659, 280.387897, 61.315665, 280.241831, 55.498111, 279.921118, 47.427792, 277.452836, 39.974407, 272.854608, 34.422750, 265.592528, 30.731371, 258.072080, 28.146852, 249.941426, 26.225790, 241.925609, 24.558413, 233.479259, 23.224043, 224.897789, 22.132105, 217.382007, 21.110658, 208.334996, 19.634606, 200.860052, 18.406057, 192.295244, 16.737570, 184.334249, 14.949539, 175.868260, 13.396792, 168.028168, 11.581452, 160.191869, 10.020517, 152.392167, 8.218995, 144.007987, 6.660331, 136.315588, 5.083668, 128.439837, 3.758954, 120.460523, 2.205821, 112.490770, 1.169674, 103.412468, 0.420793, 95.666728, 0.000000, 87.088706, 0.516967, 78.598688, 1.530815, 70.280718, 3.030861, 62.575825, 5.260912, 54.484780, 7.998122, 46.191992, 10.612536, 38.355267, 13.872224, 30.582227, 17.504717, 22.779853, 22.121283, 15.328729, 28.590446, 8.691627, 35.858479, 3.963288, 43.929529, 1.255598, 51.986106, 0.000000, 60.256745, 0.776402, 68.541814, 3.792289, 75.457491, 9.548920, 80.802050, 16.786471, 84.888234, 24.321242, 88.216811, 32.057410, 90.707240, 40.263699, 92.373786, 48.068330, 93.450600, 55.864745, 93.796579, 63.862775, 93.889411, 72.599741, 93.635113, 80.316205, 92.765494, 89.205962, 92.211596, 96.703870, 91.078649, 104.741700, 90.217667, 112.871325, 89.333698, 121.220206, 88.540507, 129.604162, 87.681668, 137.309888, 87.430146, 145.746437, 87.185301, 153.716300, 87.329683, 162.086096, 87.755961, 169.888837, 88.512700, 178.798604, 89.435923, 186.625641, 90.231967, 195.423136, 91.239543, 202.681625, 92.045938, 211.635848, 93.078578, 218.997142, 93.643898, 227.427178, 93.905487, 236.426293, 93.728087, 244.366129, 92.517003, 253.222596, 90.874911, 260.689483, 86.902523, 268.551124, 80.546617, 274.928844, 72.742284, 278.691680, 67.125546, 280.101427, 64.096063, 279.882799
Type05, L, 240, 54.933249, 240.266154, 52.663239, 240.069351, 47.799411, 239.877800, 40.949298, 237.085652, 34.651376, 232.594146, 30.218027, 226.596980, 27.161296, 219.889567, 25.221897, 213.080666, 23.422253, 206.000157, 22.306888, 198.890943, 20.992461, 191.804634, 20.359992, 184.537821, 19.521424, 177.402531, 19.025456, 169.692606, 18.231290, 162.474467, 17.254594, 155.303110, 15.997300, 148.175921, 14.302397, 141.585584, 12.356926, 134.581255, 9.709313, 127.848378, 7.413436, 121.315952, 5.008829, 114.623197, 2.690643, 107.724563, 1.309669, 100.982958, 0.294309, 93.795154, 0.000000, 86.214219, 0.123965, 79.150254, 0.907196, 72.185881, 2.184791, 65.275793, 3.868729, 57.940124, 5.660381, 51.304999, 8.161842, 44.211942, 10.661059, 37.461274, 13.788093, 30.698933, 17.087110, 24.035909, 21.021025, 17.614114, 26.081927, 11.739706, 31.519676, 6.693428, 38.207761, 2.856190, 44.755640, 0.859065, 52.504417, 0.000000, 59.383187, 1.151700, 66.329301, 4.818691, 70.493050, 10.996259, 73.376939, 17.867874, 75.585900, 24.316996, 78.066964, 31.562381, 80.246174, 37.804933, 81.948129, 44.883432, 82.994387, 51.353745, 83.349950, 58.188391, 83.085142, 65.274180, 81.824738, 72.270430, 80.667648, 79.331174, 78.639947, 86.200110, 76.693676, 93.306276, 74.651262, 100.040706, 72.869916, 107.204468, 71.332532, 114.241406, 70.492492, 120.910625, 70.376067, 128.259935, 70.856450, 135.342702, 71.545104, 141.894421, 72.614283, 148.745439, 74.012895, 156.174458, 75.434032, 162.377247, 77.051074, 169.819857, 78.863700, 176.098279, 80.286789, 183.631456, 82.001941, 190.287981, 82.831006, 197.180195, 83.483352, 204.153731, 82.730183, 211.268920, 81.499102, 218.213059, 78.826169, 225.217763, 74.733494, 231.633790, 68.600597, 236.437130, 61.907979, 239.003240, 57.138030, 240.516590, 55.747955, 239.228759
Type05, L, 260, 57.806339, 260.232829, 55.645238, 259.806480, 50.608286, 259.243328, 43.555071, 255.897178, 37.502292, 249.845963, 33.489311, 242.972044, 30.967722, 235.682128, 28.792995, 228.308584, 27.149644, 221.253512, 25.713015, 213.490823, 24.503779, 205.434290, 23.898320, 197.670822, 22.806882, 190.240136, 22.276374, 182.423866, 21.271574, 175.308624, 20.268311, 167.622977, 18.764175, 159.753406, 16.699343, 152.483276, 14.575262, 144.552430, 12.077726, 137.302642, 9.695208, 130.020690, 7.277603, 122.791267, 4.867774, 115.274271, 2.944123, 108.192114, 1.350133, 100.382475, 0.186953, 92.577961, 0.000000, 84.505991, 0.167980, 77.552976, 1.067009, 70.207488, 2.499573, 62.917366, 4.278774, 55.232044, 6.429423, 47.978684, 9.041482, 40.587677, 12.125037, 33.229594, 15.425569, 25.958209, 18.895746, 18.718156, 23.188829, 11.884310, 29.324175, 6.016702, 36.137052, 2.421196, 43.623201, 0.183297, 51.039993, 0.000000, 58.130516, 1.474380, 65.555349, 5.566638, 71.085219, 11.761960, 75.077070, 18.672888, 77.218921, 25.962603, 80.126267, 33.702854, 82.029845, 41.005057, 84.206888, 48.535899, 85.458242, 56.016523, 86.720471, 64.175324, 86.789560, 71.487893, 86.820809, 79.605036, 85.617206, 87.578481, 84.352710, 94.519831, 82.727466, 102.311765, 80.969983, 109.225190, 78.946491, 117.263013, 77.489065, 124.088615, 76.035019, 131.810994, 75.055323, 138.941681, 74.968840, 146.218480, 75.211523, 154.056047, 76.156472, 162.155111, 77.298003, 169.921491, 78.866721, 177.162684, 80.406887, 184.657978, 82.161835, 191.779894, 83.525841, 199.603656, 85.241852, 206.821646, 86.271323, 213.896609, 86.993389, 221.786987, 86.871063, 228.789923, 85.867240, 236.474075, 83.456337, 243.665777, 79.435031, 250.918695, 73.271548, 256.380257, 65.575416, 259.086925, 60.910251, 260.374622, 56.693196, 259.325402
Type05, L, 280, 63.931374, 280.112151, 66.492197, 279.936207, 72.353164, 278.636721, 79.613433, 274.677162, 86.372664, 267.974917, 90.101717, 260.196332, 92.319797, 252.206205, 92.671401, 244.293917, 91.985108, 235.883770, 91.155952, 228.221575, 89.693471, 219.670206, 88.281803, 211.829534, 86.758355, 204.002454, 84.993663, 195.563276, 83.318377, 187.914771, 81.801575, 179.762543, 80.407178, 172.082831, 79.475725, 163.765718, 79.107749, 155.191818, 79.267330, 147.324699, 80.332122, 138.855316, 81.640146, 130.962442, 83.450480, 122.741448, 85.669263, 114.832175, 87.943464, 106.865789, 89.947568, 99.020652, 91.611189, 90.825872, 92.452971, 82.608031, 92.540661, 74.835475, 91.674329, 65.847921, 90.339412, 57.476710, 88.621193, 49.735877, 86.487341, 41.888606, 84.345096, 33.945762, 82.416077, 25.915807, 80.040411, 18.359831, 75.300063, 10.468810, 69.103127, 4.248884, 60.765762, 0.338086, 53.316260, 0.000000, 44.078964, 0.577568, 36.566322, 3.883408, 29.169415, 9.056797, 23.460136, 16.040515, 18.634130, 23.338919, 14.968189, 31.122812, 11.587498, 39.171777, 8.671284, 46.843154, 5.915681, 55.052059, 3.930915, 62.997064, 2.081764, 71.213327, 1.060955, 79.011621, 0.000000, 87.862348, 0.360093, 95.781753, 0.334675, 104.136211, 2.118399, 112.323407, 3.408057, 120.211636, 5.781168, 128.444685, 8.151720, 135.605318, 10.567486, 143.426151, 13.328108, 151.766263, 15.720218, 159.558600, 18.004071, 167.853585, 19.502998, 175.640101, 21.325564, 184.391288, 22.644647, 192.231017, 23.820045, 200.553952, 24.712600, 208.833111, 25.453155, 216.498708, 26.462081, 223.956798, 27.348112, 232.017131, 28.621694, 239.425163, 30.207647, 247.622466, 32.626227, 255.558804, 36.018198, 263.261881, 40.848699, 270.716180, 48.184962, 276.346619, 55.646075, 279.672642, 61.840885, 279.901419, 62.661621, 280.522197
Type05, L, 290, 67.645735, 290.474968, 65.224945, 290.376730, 59.551663, 290.382013, 51.493911, 287.136931, 44.014971, 281.441494, 38.607017, 273.854579, 35.108561, 266.218250, 32.195146, 257.672161, 30.407316, 249.343912, 28.380663, 241.266413, 27.101161, 232.901968, 25.815828, 224.383973, 24.669298, 215.645251, 23.861625, 207.586043, 22.692827, 198.683212, 21.789335, 190.446376, 20.112117, 181.840865, 18.462997, 173.473506, 16.291884, 165.389613, 13.578341, 157.146384, 11.108512, 148.555248, 8.205428, 140.243518, 5.677613, 131.867081, 3.274653, 123.454852, 1.736244, 115.323718, 0.448421, 106.640647, 0.000000, 98.842056, 0.139627, 90.700988, 0.876411, 80.534720, 2.240805, 73.463477, 4.158580, 64.107397, 6.159384, 56.641253, 8.940561, 48.176280, 11.897527, 40.151806, 15.114006, 31.842624, 19.162001, 23.855242, 23.955238, 16.533269, 30.124580, 9.294558, 37.755676, 4.409345, 45.909177, 1.242494, 54.439421, 0.000000, 62.222189, 1.654783, 70.746659, 5.065900, 77.670383, 11.272873, 82.808099, 19.012703, 85.841604, 26.865438, 88.808836, 35.140939, 90.683701, 43.156121, 92.692380, 51.553029, 94.442209, 59.883124, 96.020885, 68.418180, 96.821859, 77.294821, 97.276097, 84.325351, 96.449673, 94.338828, 95.009712, 101.438885, 92.748908, 110.402720, 90.433755, 118.236730, 87.986096, 126.610210, 85.917283, 134.882914, 84.156114, 143.344384, 83.123754, 151.002061, 82.404631, 160.655576, 82.905494, 170.473410, 83.730993, 178.506738, 85.288032, 187.108927, 86.958151, 195.370465, 88.656137, 203.958326, 90.701535, 211.779814, 92.510678, 220.387470, 94.335383, 228.714083, 95.836562, 236.668043, 96.839544, 245.993306, 97.205678, 254.176820, 96.614586, 262.880889, 94.898329, 270.692164, 91.116289, 278.703891, 83.945716, 285.421368, 76.123112, 288.707334, 70.231319, 290.446494, 67.580848, 289.848187
Type06, L, 230, 51.660556, 230.119194, 49.665472, 229.758425, 44.979710, 229.031965, 38.475771, 226.074543, 32.809684, 221.375653, 28.241269, 215.558976, 25.519222, 209.197250, 23.232725, 202.871070, 21.786956, 196.110376, 20.781578, 189.491806, 19.855550, 182.691728, 19.180763, 175.945935, 18.281656, 168.933704, 17.041420, 162.558047, 15.943474, 156.358779, 14.382075, 149.442023, 12.923032, 142.561305, 10.906544, 135.716634, 9.540345, 129.164934, 7.831071, 123.094075, 6.272717, 115.879982, 4.551935, 109.470315, 3.234266, 102.577992, 2.006850, 96.267925, 0.990600, 89.345873, 0.112391, 82.459776, 0.000000, 75.698664, 0.077167, 68.792292, 0.673127, 62.038728, 1.769721, 55.074857, 3.121905, 48.896688, 4.931573, 41.642336, 7.169953, 35.217018, 9.522788, 28.501926, 12.575112, 22.045457, 16.198069, 15.857038, 20.772627, 9.983487, 26.386992, 5.046134, 32.651105, 1.734264, 39.376841, 0.103453, 46.320702, 0.000000, 53.110105, 2.027619, 59.421803, 5.673382, 64.447182, 10.579847, 68.538511, 16.667960, 71.185176, 23.029222, 73.679893, 29.374803, 75.481554, 35.989599, 77.101469, 42.248671, 78.499584, 48.815260, 79.338237, 55.457189, 79.809302, 62.460354, 79.925326, 69.281318, 79.620230, 76.090079, 79.329689, 82.549429, 78.617022, 88.926553, 77.964477, 95.707135, 77.063011, 102.494472, 76.308491, 109.400457, 75.432674, 116.231343, 75.153237, 122.524616, 74.564778, 129.357945, 74.480389, 136.629203, 74.804966, 143.033138, 75.167133, 150.169005, 76.049495, 156.984193, 76.708220, 163.283194, 78.023791, 170.725913, 78.398277, 176.715914, 79.279500, 183.783314, 79.770702, 189.920535, 79.867440, 197.022867, 79.604348, 203.828612, 78.456535, 210.502424, 75.849148, 217.163541, 71.327526, 223.175862, 65.089239, 226.969426, 58.501398, 229.532833, 54.049870, 230.051074, 51.104444, 229.392942
Type06, L, 240, 54.035339, 240.269933, 51.519201, 240.004809, 46.814058, 239.263843, 39.955019, 236.424385, 34.069760, 231.735542, 29.529227, 225.477633, 27.003835, 219.130776, 24.570689, 212.178632, 22.892246, 205.186487, 21.505978, 198.093917, 20.059972, 191.749875, 19.174396, 184.829664, 17.829422, 177.761399, 16.891091, 170.732379, 15.461633, 163.572434, 14.378850, 157.057286, 12.770777, 149.947592, 11.354997, 142.907236, 9.864343, 136.433069, 8.295692, 130.543837, 6.390561, 123.368260, 4.612824, 116.455040, 3.044191, 109.370777, 1.761568, 102.412230, 0.572385, 95.244697, 0.055210, 88.522261, 0.000000, 81.780434, 0.182751, 74.569021, 0.565675, 68.458654, 1.647499, 61.806497, 2.996451, 54.744654, 4.353944, 48.206891, 6.681216, 41.169321, 8.839958, 34.322783, 11.666867, 27.793470, 14.787850, 20.998550, 18.702887, 14.661932, 23.737733, 8.863275, 29.969204, 4.174476, 36.409844, 1.508505, 43.442597, 0.000000, 50.837392, 0.522261, 57.410488, 3.081211, 63.842073, 7.843238, 68.394026, 13.829100, 71.852783, 20.435592, 74.913081, 26.851775, 77.062757, 34.163937, 78.758383, 40.325156, 79.976913, 47.288037, 80.785530, 54.469026, 81.301564, 61.624423, 81.429600, 68.729924, 81.204256, 75.420486, 80.877251, 83.075858, 80.202992, 89.472731, 79.398084, 97.006143, 78.630199, 104.005322, 77.506201, 111.288212, 76.834925, 118.895085, 76.229735, 125.421632, 75.875539, 132.583714, 75.809461, 139.671084, 76.185682, 147.483219, 76.528884, 154.008143, 77.344566, 161.289572, 78.075550, 168.203281, 78.874433, 175.583312, 79.873963, 182.418990, 80.600119, 190.115275, 81.270301, 196.818439, 81.621769, 204.398771, 81.074094, 210.813085, 79.736712, 218.010928, 77.056857, 225.007490, 73.234840, 231.282944, 67.296158, 236.549321, 60.703787, 239.164079, 56.341183, 240.040196, 54.258962, 240.292941
Type06, L, 250, 55.029470, 250.101320, 52.802280, 249.718729, 47.858314, 249.475263, 40.847911, 246.214421, 34.812807, 241.134975, 30.044479, 234.838641, 26.569670, 228.114345, 23.813939, 221.129512, 21.844811, 213.955893, 20.543475, 207.012624, 19.499316, 199.155088, 18.790136, 192.365199, 17.692177, 184.787967, 16.749793, 177.355939, 15.231429, 169.985004, 14.018712, 162.875359, 12.305414, 155.031349, 10.852771, 148.370362, 9.078450, 140.436581, 7.599012, 134.591568, 6.022338, 127.054946, 4.249380, 120.028346, 3.035467, 112.642604, 1.776995, 105.153587, 0.827759, 97.838519, 0.205262, 90.678058, 0.075480, 83.840798, 0.000000, 76.496616, 0.533378, 69.081510, 1.577148, 61.881496, 2.743645, 54.358597, 4.722481, 47.488489, 6.894229, 40.136611, 9.745566, 33.299871, 12.897361, 26.235045, 16.680330, 19.532580, 21.299385, 13.097266, 26.707135, 7.056888, 33.267484, 2.806473, 40.536603, 0.163766, 47.915351, 0.000000, 54.968827, 1.220045, 62.105445, 4.936216, 67.639064, 10.696874, 71.718652, 17.303727, 74.740332, 23.949539, 77.761861, 31.142887, 79.621719, 38.133636, 81.410224, 45.568769, 82.566693, 52.909977, 83.556289, 60.550358, 84.109780, 67.678717, 84.675553, 75.000077, 84.609333, 81.835061, 84.218861, 89.293905, 83.472073, 96.715771, 82.197993, 103.884247, 81.226007, 110.886941, 80.444743, 118.980282, 79.850352, 125.456819, 79.647406, 132.578814, 79.519293, 140.201503, 79.589531, 147.840661, 80.007281, 155.301712, 80.268052, 162.372743, 80.902145, 169.794927, 81.556284, 176.941226, 82.166295, 184.242504, 82.803232, 191.952839, 83.812290, 198.779479, 84.384067, 206.961998, 84.682773, 214.075087, 84.313474, 221.109446, 82.973305, 228.140454, 80.570630, 235.282441, 75.823702, 241.675454, 69.650977, 246.658108, 62.095570, 248.993293, 57.936035, 250.160898, 53.958798, 249.369493
Type06, L, 270, 61.015703, 270.520915, 58.740903, 270.609614, 53.215235, 270.116458, 45.547599, 267.665388, 38.375176, 262.697615, 32.995660, 256.135754, 29.465612, 248.693619, 27.297601, 241.447932, 25.537111, 233.822468, 24.083229, 226.010536, 22.807878, 218.728477, 21.675594, 210.168738, 20.605278, 202.440313, 19.538276, 194.910076, 18.439008, 187.060062, 17.081408, 179.128698, 15.834365, 171.409499, 14.202209, 163.368224, 12.240517, 155.725628, 10.198367, 147.895309, 8.091657, 139.994912, 6.118517, 132.422038, 4.225223, 124.791343, 2.553315, 116.747819, 1.135662, 109.248213, 0.404703, 100.727854, 0.000000, 92.607477, 0.340091, 84.765711, 0.951139, 77.140152, 2.046970, 69.063484, 3.570000, 61.215263, 5.405401, 53.680782, 7.639434, 46.071080, 10.310109, 38.313812, 13.181952, 30.784706, 16.712592, 23.172546, 20.989966, 16.114421, 27.027352, 9.359496, 33.976106, 4.505925, 41.341478, 1.532290, 49.882214, 0.000000, 57.194339, 1.264328, 64.978493, 4.847613, 71.132061, 10.599107, 76.146457, 17.692879, 79.786790, 24.972764, 82.832300, 32.473875, 85.233633, 40.452453, 86.994687, 47.944175, 88.149228, 55.838131, 89.101850, 64.290765, 89.336386, 72.927863, 89.540326, 80.727755, 89.047895, 88.646814, 88.472842, 96.778198, 87.649650, 104.322181, 86.604219, 112.328325, 85.804270, 119.743513, 84.694826, 127.682829, 83.965698, 135.245462, 83.130554, 142.810120, 82.813525, 151.145344, 82.740305, 158.393636, 83.014117, 166.220457, 83.640231, 174.909803, 84.476764, 182.311549, 85.308723, 190.469712, 86.390993, 197.877118, 87.191628, 205.886777, 88.320398, 213.702157, 88.895176, 221.090127, 89.489687, 228.080713, 89.355138, 236.903182, 88.414013, 244.113423, 86.139836, 251.667207, 82.247448, 259.286000, 76.178385, 265.506980, 68.641231, 269.049967, 63.636578, 269.965301, 61.550790, 271.092058
Type06, L, 280, 64.032967, 280.388786, 61.719142, 280.394159, 55.926524, 279.824242, 48.184670, 277.551677, 40.639835, 272.813780, 34.290829, 266.178876, 30.325042, 258.457205, 27.801703, 250.625085, 26.068527, 242.734637, 24.632074, 234.625166, 23.618520, 226.841944, 22.393039, 218.274191, 21.614035, 209.819427, 20.672273, 202.094841, 19.460791, 193.904952, 18.240811, 186.241072, 16.627915, 176.995387, 15.078958, 169.781381, 13.431808, 161.978216, 11.321443, 154.095289, 9.219285, 145.643123, 7.116025, 137.384451, 4.840399, 128.992903, 3.318290, 121.511980, 1.469714, 113.060026, 0.546751, 104.917999, 0.000000, 97.251350, 0.319261, 88.387510, 1.177526, 80.462511, 2.466852, 72.418131, 3.871335, 64.375043, 5.694251, 56.160043, 7.406933, 48.303996, 9.642834, 40.928539, 12.598981, 33.041970, 16.044444, 25.378371, 20.741831, 17.878602, 26.528361, 11.238603, 33.286067, 5.507309, 41.037711, 2.009971, 49.194050, 0.000000, 57.739420, 0.776533, 65.557497, 4.566475, 72.506722, 10.491567, 77.789113, 17.488045, 82.250752, 25.212276, 85.005482, 32.627541, 87.779773, 40.950223, 89.335908, 48.293899, 90.671938, 56.311131, 91.642610, 64.432261, 92.237239, 72.421154, 92.754570, 80.771085, 92.622573, 88.890569, 92.377800, 96.468425, 91.689559, 105.342138, 90.635553, 113.085966, 89.654405, 121.270328, 88.425052, 129.447025, 87.510784, 137.778974, 86.664736, 146.211335, 86.218866, 154.431622, 86.339475, 161.868174, 86.500896, 170.239865, 87.009395, 177.727236, 87.618536, 186.526470, 88.566989, 194.790106, 89.320389, 202.609226, 90.294527, 210.989706, 91.060058, 219.441919, 92.041310, 227.236079, 92.538839, 235.909932, 92.676346, 243.691666, 91.956634, 252.334132, 89.985513, 260.217174, 86.133734, 267.853488, 80.216701, 274.773629, 72.640534, 279.112808, 67.016331, 279.610607, 63.868123, 281.471870
Type07, L, 250, 59.374515, 250.172556, 56.747829, 250.111478, 51.954491, 249.550455, 44.635710, 247.482466, 37.976504, 243.199324, 32.154238, 237.441209, 29.067449, 230.356829, 26.473004, 223.598777, 24.913533, 216.202439, 23.187261, 208.936812, 21.879885, 201.606286, 20.602795, 194.598110, 19.649163, 187.209867, 18.456946, 179.798553, 17.693487, 172.404516, 16.190643, 164.662942, 15.190846, 158.038696, 13.147841, 150.249410, 11.753460, 143.925170, 9.740485, 136.623715, 7.792879, 129.694958, 5.972703, 122.426651, 4.293656, 115.754855, 2.793185, 108.567192, 1.571002, 101.340223, 0.463972, 94.025396, 0.198148, 86.651756, 0.000000, 79.054379, 0.854587, 71.777333, 1.908503, 64.666142, 3.496608, 57.569201, 5.689553, 50.283803, 8.131176, 43.219350, 11.188782, 36.164367, 14.560594, 29.213077, 18.186473, 22.361796, 22.678204, 15.871410, 27.882448, 9.728723, 34.068690, 4.639766, 41.201696, 1.609128, 48.383344, 0.000000, 55.397167, 0.204890, 62.939995, 2.362175, 69.228741, 6.916518, 74.609184, 13.045692, 78.391839, 19.632740, 80.965225, 27.130430, 82.772084, 33.942034, 83.879607, 41.273410, 84.683284, 48.596761, 84.960900, 55.006231, 85.526929, 62.765151, 85.907163, 69.850665, 86.046868, 78.212144, 85.597307, 85.405572, 84.731935, 92.317603, 83.944025, 99.516078, 82.968435, 106.692793, 82.531244, 113.897051, 82.558839, 121.138098, 82.560447, 129.454660, 82.919778, 137.258136, 82.817724, 144.881333, 82.884241, 152.892434, 83.030741, 159.850522, 83.049382, 166.681362, 83.344932, 173.227443, 83.644355, 180.826636, 84.191806, 187.966824, 84.847961, 195.696840, 85.481887, 202.696914, 85.986338, 210.594854, 85.927864, 218.142490, 85.200451, 225.266994, 83.104629, 232.596238, 79.391756, 239.505200, 73.780856, 245.562953, 66.939275, 249.040826, 61.867656, 249.820384, 60.366143, 250.058971
Type07, L, 270, 61.586808, 270.415594, 59.049797, 270.464631, 53.835417, 270.041217, 46.499798, 267.420293, 39.210339, 262.411902, 33.919416, 255.369327, 30.183958, 248.111764, 27.569810, 240.053133, 25.801748, 233.035352, 24.662310, 224.000369, 23.874258, 216.377866, 23.042288, 209.080354, 21.980465, 201.779278, 20.709006, 193.632900, 19.297802, 185.626688, 17.785482, 177.645993, 16.191186, 169.859700, 14.461629, 162.411380, 12.896022, 154.296361, 10.858488, 146.655248, 9.049003, 139.043149, 7.309049, 131.330668, 5.414396, 123.871647, 3.444650, 115.536455, 2.020366, 108.320889, 0.469722, 99.767517, 0.000000, 91.703636, 0.078060, 83.599559, 1.096907, 76.091963, 2.627162, 68.339278, 4.752050, 60.555332, 7.220617, 53.265068, 10.045157, 45.308074, 13.115986, 37.925614, 16.375628, 30.392009, 20.495390, 23.044128, 25.153302, 16.135457, 31.094291, 9.426417, 38.054640, 4.463750, 45.508204, 1.574662, 53.314687, 0.000000, 61.937526, 0.962240, 69.062717, 2.878959, 76.529973, 8.027311, 80.685341, 15.352678, 83.747824, 22.890236, 85.574360, 30.626246, 87.589339, 38.429200, 89.086714, 46.133668, 90.259861, 54.289182, 90.815116, 62.566635, 90.924079, 69.722179, 90.679535, 77.959806, 90.164520, 85.259816, 89.909163, 93.174984, 89.252673, 101.221696, 89.034857, 109.170239, 88.765512, 116.930271, 88.370686, 124.805671, 88.424831, 132.750729, 88.378926, 140.665519, 88.493441, 149.028501, 88.621521, 156.706626, 88.857934, 165.136821, 89.196506, 172.965721, 89.521197, 180.706304, 89.984300, 188.856249, 90.124207, 196.955311, 90.598173, 204.298009, 90.712334, 211.833967, 90.965000, 220.164159, 90.975387, 228.691298, 90.525518, 236.523449, 89.962809, 244.402526, 87.537423, 252.060306, 83.288634, 259.431569, 77.017737, 265.468691, 69.371201, 269.332821, 64.825692, 269.755694, 61.212302, 270.410081
Type07, L, 280, 62.415700, 280.322321, 59.909113, 280.006011, 54.765453, 279.591491, 46.591795, 276.822927, 39.042756, 271.932663, 33.602506, 264.807592, 30.190153, 257.435193, 27.688904, 249.258660, 26.146669, 241.513790, 25.153081, 233.138428, 24.106094, 224.734711, 23.171163, 216.366617, 22.260277, 208.563130, 20.804830, 199.842061, 19.425377, 192.023355, 18.041669, 184.530941, 16.272633, 175.452984, 14.751517, 167.914076, 12.853040, 159.445663, 11.137763, 151.484363, 9.143174, 143.595846, 7.548163, 135.658331, 5.379816, 127.303621, 3.525796, 119.571423, 1.998075, 111.370307, 0.417920, 103.555962, 0.062737, 95.077999, 0.000000, 86.949893, 1.134276, 78.550945, 2.783377, 70.832290, 4.856708, 62.526506, 7.591584, 54.548220, 9.877379, 46.993836, 12.989234, 38.674635, 16.098999, 30.750363, 20.012959, 23.037962, 24.898235, 15.694059, 31.160286, 9.096339, 38.644649, 4.347036, 46.080909, 1.308145, 54.046321, 0.000000, 62.362339, 0.648902, 70.254088, 3.388265, 77.214515, 9.482049, 81.893822, 16.940412, 85.037477, 24.237712, 88.114747, 32.945430, 90.040279, 40.144206, 91.479266, 48.903932, 92.576333, 57.106598, 92.903534, 65.349996, 93.079442, 72.603559, 92.643255, 81.615304, 92.263791, 89.366929, 91.683656, 97.506112, 90.680070, 105.390490, 89.931448, 113.624766, 89.299514, 121.841150, 88.571716, 129.650585, 88.125311, 138.289649, 87.838087, 146.386069, 87.654395, 154.186552, 87.263399, 162.710488, 87.353331, 171.364640, 87.412534, 179.562292, 88.321798, 188.145225, 89.061421, 196.610453, 90.225201, 204.585229, 90.948875, 212.873131, 92.196782, 221.285730, 92.619713, 229.334694, 92.945597, 237.858930, 92.957308, 245.621300, 91.908674, 253.722514, 89.704101, 262.262800, 85.464758, 269.733100, 78.964501, 276.225260, 71.095327, 279.298890, 65.336779, 279.993841, 62.182847, 280.547764
