Type,side,size,x1,y1,x2,y2,x3,y3,x4,y4,x5,y5,x6,y6,x7,y7,x8,y8,x9,y9,x10,y10,x11,y11,x12,y12,x13,y13,x14,y14,x15,y15,x16,y16,x17,y17,x18,y18,x19,y19,x20,y20,x21,y21,x22,y22,x23,y23,x24,y24,x25,y25,x26,y26,x27,y27,x28,y28,x29,y29,x30,y30,x31,y31,x32,y32,x33,y33,x34,y34,x35,y35,x36,y36,x37,y37
Type00,L,230,56.240235,230.156621,41.440601,228.485120,31.588229,217.751650,24.949621,204.652535,21.755666,190.185955,19.967710,175.419240,17.370290,160.761980,13.699066,146.293801,9.730715,131.901265,6.334073,117.369054,3.630773,102.659753,0.990517,87.970987,0.172443,73.161221,1.859419,58.496183,6.830926,44.398609,12.459848,30.565047,19.102925,17.322609,28.711678,6.069217,42.358296,0.107014,57.351239,-0.722458,69.777859,7.376890,75.733138,20.460842,79.364157,34.898241,82.391347,49.499526,83.518521,64.288922,82.999842,79.208693,82.704154,94.162556,83.076632,109.109816,84.090298,124.015457,85.330058,138.858346,85.721104,153.738435,84.896075,168.667892,82.707726,183.486704,78.804004,198.238046,76.628020,212.962534,70.210869,225.875332,56.626932,229.351120
Type00,L,235,57.458284,235.390456,42.417295,233.533962,32.172847,222.726073,25.722935,209.244958,22.594358,194.440615,20.670567,179.373478,18.048152,164.401508,14.546541,149.584105,10.737365,134.840612,7.189157,120.033783,4.083940,105.114337,1.205727,90.166409,0.227139,75.067015,1.974826,60.069291,6.652560,45.575925,12.158152,31.380182,18.931392,17.847767,28.609529,6.230717,42.569915,0.205425,57.800034,-0.127046,70.298045,8.309736,76.623794,21.577722,80.453811,36.279914,83.411514,51.201053,84.372321,66.311767,83.597298,81.514614,82.876049,96.733305,82.821749,111.964315,83.587854,127.169381,84.913327,142.317640,85.586171,157.490289,85.092851,172.714592,83.474281,187.858026,80.651547,202.942151,78.597226,217.896248,71.704724,230.926837,57.767366,234.697637
Type00,L,240,58.932431,241.124883,43.708480,238.955131,32.837347,228.379129,26.640293,214.704057,23.645728,199.539230,21.645019,184.127130,19.083337,168.803468,15.884808,153.582983,12.367863,138.425745,8.641772,123.318701,4.944891,108.209466,1.644377,93.019827,0.318241,77.634962,2.106398,62.304197,6.317625,47.343789,11.547427,32.688348,18.388119,18.763961,28.039580,6.625523,42.327035,0.447835,57.724386,0.618060,70.400563,9.131007,77.388717,22.416430,81.502837,37.362529,84.371403,52.631397,85.155691,68.061110,84.102311,83.560639,82.832813,99.061635,82.116616,114.614736,82.440846,130.181627,83.873447,145.683313,85.000258,161.176732,85.026492,176.703161,84.104850,192.171557,82.749375,207.645755,80.986185,222.922146,73.501248,236.206283,59.180653,240.413322
Type00,L,245,59.297398,245.551791,43.719054,243.216790,32.868699,231.894702,27.019043,217.108429,24.162870,201.609013,21.870702,185.992842,19.092108,170.419990,15.923026,154.919124,12.435664,139.492988,8.564300,124.173707,4.645999,108.871067,1.404016,93.412580,0.348960,77.731896,2.450071,62.097947,6.585868,46.858632,11.899992,31.995589,19.127412,18.046365,29.175721,5.910665,43.931547,0.171767,59.625563,1.363678,71.888234,10.837784,78.656604,24.564727,82.788216,39.831075,85.510579,55.379049,86.049415,71.140737,84.690345,86.893407,83.050297,102.626703,82.085673,118.405474,82.302967,134.179266,83.823972,149.903682,85.115181,165.593901,85.280550,181.354184,84.876266,197.148337,84.345819,212.893711,82.500929,228.313025,74.272767,241.307322,59.558782,245.536913
Type00,L,250,60.663024,250.569285,44.782079,248.407577,33.660328,236.892270,27.885109,221.878595,24.899562,206.082152,22.384460,190.167900,19.513821,174.288562,16.398040,158.464442,12.926659,142.724489,8.911400,127.123608,4.776452,111.547659,1.456076,95.766700,0.344140,79.759554,2.381946,63.743538,6.343159,48.115731,11.681493,32.942768,19.068617,18.732351,29.116931,6.232927,44.075604,0.227030,60.141969,1.600921,72.610827,11.557383,79.604604,25.633135,83.912429,41.173733,86.648763,57.042012,87.113663,73.148414,85.526463,89.199019,83.538825,105.205411,82.386379,121.258711,82.557185,137.303247,84.116582,153.325404,85.511772,169.337444,85.848418,185.430309,85.948946,201.572734,86.082159,217.611640,84.244898,233.165656,75.759213,246.256590,60.762715,250.773876
Type00,L,255,63.125388,256.006149,46.852547,254.317306,35.057244,242.992907,29.032860,228.236326,25.741151,212.187295,23.089513,195.948615,20.231531,179.745010,17.169406,163.592228,13.692387,147.533038,9.552804,131.626176,5.242801,115.750487,1.750792,99.664407,0.306431,83.352831,1.944427,66.967734,5.648829,50.932134,10.947698,35.402273,18.247893,20.740472,27.892424,7.563477,42.740611,0.618100,59.127508,1.276412,72.285500,10.969850,80.010929,25.096513,84.715271,40.822328,87.677551,56.989498,88.324552,73.397006,86.646734,89.728055,84.339578,105.995647,83.041310,122.338232,83.208953,138.697588,84.739248,155.049798,86.174156,171.429348,86.756689,187.878563,87.385228,204.333598,87.987100,220.691731,86.358251,236.555127,78.343183,250.485709,63.199263,255.748298
Type00,L,260,65.710282,261.527375,49.020421,260.318110,36.516171,249.254285,30.038987,234.557568,26.469908,218.222810,23.768442,201.665119,20.945101,185.134788,17.871227,168.658515,14.331947,152.284042,10.090565,136.063520,5.687597,119.877708,2.049814,103.510948,0.250892,86.907987,1.450721,70.200515,4.988744,53.813181,10.291697,37.937915,17.440960,22.787245,26.695222,8.945718,41.413318,1.018227,58.043559,0.828460,71.802000,10.043835,80.311304,24.103358,85.446388,40.017881,88.700050,56.460395,89.608560,73.136583,87.911583,89.732177,85.373363,106.259950,84.043871,122.911290,84.315379,139.617005,85.785783,156.309242,87.162744,173.045134,87.955136,189.834152,89.005639,206.573838,89.828045,223.281878,88.326134,239.620226,81.025312,254.544970,65.825576,260.539487
Type00,L,265,66.780741,266.698942,49.831620,265.523982,37.224768,254.349904,30.485838,239.193421,26.878007,222.492658,24.201950,205.616402,21.348507,188.769323,18.136834,171.986299,14.447454,155.306325,10.124055,138.768759,5.737478,122.253107,2.094157,105.585078,0.195549,88.668913,1.259658,71.673002,4.924376,55.018208,10.405110,38.852702,17.572337,23.342128,26.956210,9.227500,41.906288,1.027990,58.778033,0.833158,72.502133,10.254915,81.222012,24.526680,86.521729,40.743498,89.905010,57.474769,90.867802,74.430804,89.100583,91.314387,86.497307,108.143456,85.355056,125.132929,85.927090,142.189731,87.366668,159.218585,88.550250,176.284776,89.344392,193.388905,90.517572,210.424024,91.268393,227.485896,89.405298,244.265494,82.201548,259.479475,66.839862,265.474855
Type00,L,270,65.403981,271.173178,48.391964,269.302179,36.588110,257.255936,30.201729,241.358482,26.884354,224.283438,24.298842,207.096591,21.323591,189.971598,17.842047,172.935057,13.921029,155.994141,9.542452,139.163682,5.286671,122.313032,1.807062,105.305961,0.149605,88.064392,1.488332,70.814839,5.625761,53.980656,11.482226,37.614511,18.899985,21.945514,29.059128,8.077871,44.687960,0.541608,61.860773,1.468339,74.857871,12.149225,82.990180,27.076723,88.057019,43.687252,91.321016,60.724560,92.027194,77.975983,90.098712,95.168178,87.619657,112.338537,86.902185,129.660732,87.983073,147.015636,89.443804,164.342734,90.299546,181.702057,90.835529,199.075906,91.775998,216.413659,92.173273,233.772288,89.397832,250.771818,81.322212,265.476370,65.465462,270.564168
Type00,L,275,62.227939,274.814464,45.116529,271.626504,34.621724,257.809245,29.298116,241.280243,26.545757,223.960136,24.113706,206.530688,20.966521,189.219782,17.136482,172.045152,12.949221,154.955918,8.563225,137.921432,4.540178,120.797169,1.332489,103.481391,0.110565,85.983185,1.947343,68.567037,6.755012,51.665790,13.066523,35.228733,20.796315,19.565803,31.987517,6.268503,48.405881,-0.148412,65.888140,2.338888,77.932727,14.755490,85.077445,30.499693,89.685296,47.436067,92.720865,64.729129,93.056431,82.231253,90.973792,99.674945,88.749996,117.139653,88.583994,134.695386,90.276050,152.213379,91.771112,169.730109,92.218902,187.298736,92.379444,204.846715,92.893725,222.426888,92.732683,239.954807,88.925412,256.961444,79.608558,271.291585,62.847941,275.223705
Type00,L,280,58.836315,281.732019,41.736989,275.686292,32.829825,259.788045,28.215904,242.442180,26.238761,224.603154,24.434126,206.773328,21.365097,189.155456,17.084992,171.766948,12.706692,154.405730,8.504829,137.014364,4.711201,119.530974,1.443397,101.936003,0.206816,84.177702,2.634106,66.538196,8.279698,49.553952,14.907623,32.906752,22.469613,16.895014,35.077031,4.288876,52.540514,-0.597150,70.218454,3.789239,81.289979,17.903271,87.654122,34.561723,91.762888,52.013740,94.449421,69.682701,94.064383,87.532153,91.981662,105.359171,90.476549,123.212820,90.996272,141.068597,93.574368,158.808239,95.308525,176.578715,95.140794,194.501899,94.695205,212.417281,94.207985,230.351488,93.550536,248.125636,88.209540,265.119547,78.143670,279.435466,59.962052,281.645318
Type01,L,230,47.405130,231.614319,32.643315,229.758098,22.222018,219.316792,17.463375,205.584260,15.140172,190.873423,13.617962,176.053989,12.079857,161.234590,10.039236,146.482942,7.553841,131.797286,4.862538,117.144244,2.323014,102.465162,0.614202,87.683101,0.286130,72.819532,1.589914,58.000667,4.473408,43.416516,9.164517,29.293273,15.705675,16.053369,25.762895,5.172864,39.824484,0.247287,54.324989,3.090529,65.124897,12.891104,72.478751,25.605184,76.510604,39.850312,78.017754,54.622058,78.209255,69.515822,78.186208,84.421526,78.254845,99.329388,78.421721,114.230600,78.467203,129.134552,77.933575,144.029687,76.872607,158.893452,76.225162,173.761627,75.862656,188.650572,74.592292,203.474655,70.902614,217.504135,61.708498,228.665190,47.251021,231.486557
Type01,L,235,49.302467,236.177518,34.263216,234.335981,23.698905,223.686039,18.646074,209.733247,16.121695,194.769917,14.519767,179.670144,12.782093,164.586323,10.487441,149.578824,7.803838,134.631901,4.996228,119.704486,2.424404,104.735557,0.662947,89.663844,0.250642,74.510345,1.559962,59.408823,4.609667,44.566233,9.415847,30.177063,16.099587,16.674608,26.172685,5.463923,40.413295,0.204351,55.274511,2.716770,66.411469,12.649105,73.760126,25.674297,77.786147,40.235305,79.314181,55.299514,79.468453,70.485932,79.261492,85.673820,79.085415,100.860107,79.165716,116.047750,79.361198,131.234128,79.182805,146.412600,78.499695,161.573919,78.012425,176.740112,77.720123,191.923571,76.646705,207.060526,73.131595,221.462022,63.965456,233.055567,49.247350,236.047989
Type01,L,240,51.108468,240.955529,35.783181,239.123098,25.076625,228.250720,19.770039,214.056262,17.062993,198.823935,15.367961,183.433441,13.443091,168.071542,10.925465,152.791891,8.064572,137.568554,5.142825,122.354734,2.526717,107.086477,0.707743,91.714758,0.222542,76.259779,1.549180,60.864091,4.765878,45.750843,9.698365,31.087057,16.531842,17.312454,26.639203,5.765374,41.072541,0.175802,56.292805,2.402262,67.739375,12.491325,75.072164,25.842872,79.088325,40.730815,80.650671,56.096962,80.766567,71.585689,80.376361,87.067052,79.974659,102.544363,79.978024,118.030431,80.314303,133.511384,80.466858,148.984328,80.129155,164.452621,79.775836,179.927463,79.538382,195.416185,78.632246,210.872748,75.265044,225.644242,66.129081,237.659980,51.145158,240.813591
Type01,L,245,52.798137,245.910982,37.179845,244.080088,26.334323,232.970305,20.820190,218.514056,17.952354,202.998422,16.152116,187.309445,14.055409,171.658155,11.349563,156.092260,8.334589,140.579782,5.301760,125.070180,2.629343,109.495938,0.748277,93.816655,0.202194,78.051418,1.557038,62.352597,4.938526,46.958618,10.007084,32.013966,16.996697,17.960496,27.157034,6.074144,41.795501,0.162663,57.369728,2.152478,69.095986,12.421516,76.402721,26.111730,80.405237,41.334886,82.015593,57.009795,82.092106,72.807735,81.521755,88.591255,80.918053,104.369654,80.855916,120.163453,81.321316,135.948551,81.775329,151.724640,81.746173,167.506646,81.499840,183.297870,81.300386,199.099793,80.528264,214.880068,77.280206,230.017679,68.174711,242.443867,52.920221,245.747027
Type01,L,250,54.348637,251.003139,38.431983,249.164341,27.453084,237.801081,21.782614,223.064456,18.778877,207.253665,16.862864,191.261233,14.612435,175.311813,11.756234,159.448082,8.612271,143.636416,5.472238,127.824517,2.731670,111.940607,0.784321,95.949170,0.189825,79.867858,1.582631,63.859683,5.123706,48.177257,10.336416,32.948084,17.487690,18.612078,27.719654,6.387024,42.574066,0.165691,58.493798,1.971660,70.467941,12.441682,77.739149,26.479646,81.724609,42.043314,83.396732,58.030996,83.433033,74.142148,82.688056,90.233710,81.910164,106.320513,81.795585,122.428453,82.376137,138.524488,83.097379,154.609748,83.336143,170.709383,83.169632,186.821647,82.990125,202.941717,82.315728,219.047067,79.156608,234.545134,70.080084,247.369036,54.550755,250.808684
Type01,L,255,55.739777,256.188443,39.520989,254.330617,28.416342,242.696839,22.644835,227.663026,19.532686,211.547923,17.492079,195.249979,15.108502,178.996460,12.142273,162.826052,8.895847,146.708057,5.653245,130.590366,2.833088,114.396187,0.815726,98.091090,0.185510,81.690999,1.624699,65.370148,5.317220,49.394100,10.680305,33.879445,17.997776,19.260409,28.319561,6.700719,43.398886,0.185361,59.652397,1.862727,71.841368,12.552017,79.068503,26.943336,83.033983,42.849677,84.781473,59.151215,84.776947,75.576567,83.865220,91.979116,82.944687,108.378716,82.792140,124.804157,83.471815,141.214977,84.421889,157.612651,84.884887,174.030897,84.771371,190.465662,84.592866,206.905703,83.977542,223.334665,80.876417,239.185828,71.825753,252.394148,56.017852,255.956196
Type01,L,260,56.954432,261.421136,40.431286,259.531723,29.210243,247.609619,23.396073,232.263805,20.205113,215.838117,18.033023,199.235594,15.538986,182.674934,12.504809,166.191962,9.183415,149.763579,5.843557,133.339729,2.932994,116.837814,0.842426,100.220707,0.189182,83.502338,1.681670,66.868505,5.514679,50.596338,11.032365,34.798000,18.519473,19.898675,28.948438,7.011900,44.259567,0.221847,60.832008,1.827212,73.202117,12.750905,80.377742,27.497512,84.320913,43.745440,86.156996,60.358913,86.111274,77.096386,85.042918,93.809828,84.014497,110.523568,83.839621,127.266704,84.600615,143.993103,85.737614,160.703549,86.378864,177.438395,86.292366,194.193855,86.095369,210.952490,85.498821,227.700737,82.424720,243.896006,73.395430,257.475285,57.305854,261.145018
Type01,L,265,57.978888,266.653934,41.150663,264.719236,29.823942,252.490507,24.027450,236.820070,20.788866,220.080551,18.480468,203.177401,15.900375,186.309588,12.841343,169.511285,9.472955,152.771658,6.041749,136.044464,3.030797,119.240485,0.864436,102.316188,0.200625,85.283289,1.751693,68.339244,5.711611,51.771242,11.386029,35.693793,19.045030,20.520151,29.597330,7.317257,45.144879,0.275013,62.018472,1.865237,74.536004,13.034952,81.653946,28.134983,85.573164,44.720101,87.510473,61.640561,87.423467,78.685002,86.210693,95.706159,85.111722,112.732251,84.931045,129.790060,85.754098,146.829710,87.033339,163.850344,87.805373,180.896769,87.721244,197.967838,87.486069,215.040460,86.867110,232.100801,83.789742,248.629634,74.776241,262.566579,58.402634,266.329066
Type01,L,270,58.803096,271.838734,41.670532,269.844257,30.249828,257.290446,24.532166,241.285139,21.278155,224.231662,18.830781,207.034831,16.190322,189.862942,13.149774,172.749762,9.762357,155.701308,6.246216,138.676769,3.125921,121.579481,0.881845,104.355951,0.219485,87.015499,1.832694,69.767103,5.903573,52.906381,11.734705,36.557135,19.566593,21.118317,30.256841,7.613551,46.043002,0.344412,63.197273,1.975515,75.829061,13.399074,82.884536,28.846805,86.778908,45.761401,88.829267,62.980899,88.701200,80.324122,87.358112,97.646736,86.227833,114.980237,86.058470,132.346472,86.923222,149.693913,88.298038,167.019201,89.152722,184.369206,89.048081,201.747561,88.755212,219.126362,88.072552,236.488787,84.962982,253.339149,75.958897,267.620907,59.299784,271.461394
Type01,L,275,59.420832,276.927354,41.986094,274.858182,30.483684,261.961073,24.905620,245.613175,21.668790,228.248772,19.081970,210.768131,16.407663,193.298333,13.428414,175.874005,10.049441,158.522423,6.455195,141.209662,3.217813,123.830802,0.894815,106.319035,0.245279,88.681173,1.922428,71.137334,6.086260,53.989845,12.071933,37.378775,20.076376,21.686961,30.917348,7.897664,46.941777,0.429292,64.353831,2.155400,77.067784,13.836628,84.057481,29.622485,87.926914,46.855579,90.101133,64.363239,89.932560,81.994122,88.474918,99.608906,87.353745,117.241746,87.213080,134.906994,88.098453,152.553673,89.521027,170.175165,90.410389,187.817854,90.264499,205.492029,89.894959,223.166087,89.107984,240.817854,85.939261,257.976277,76.937765,272.590624,59.992706,276.494906
Type01,L,280,59.829758,281.872274,42.096407,279.713465,30.524756,266.455529,25.145483,249.759975,21.958247,232.090827,19.233704,214.339044,16.552416,196.580548,13.676000,178.852071,10.331988,161.206294,6.666792,143.617448,3.305946,125.971578,0.903570,108.185470,0.277403,90.263376,2.018534,72.435956,6.255609,55.010448,12.391527,38.150064,20.566831,22.220285,31.569207,8.166645,47.828974,0.528605,65.473799,2.400956,78.239378,14.339573,85.161498,30.450217,89.006722,47.987667,91.314406,65.769806,91.106235,83.674432,89.551185,101.569181,88.479945,119.490245,88.385299,137.442027,89.269892,155.376392,90.692110,173.282806,91.569147,191.204514,91.363733,209.160059,90.899442,227.115471,89.968986,245.041232,86.716708,262.492873,77.710850,277.428321,60.480605,281.383077
Type02,L,230,62.883572,230.441041,47.890036,228.361198,38.112319,217.158563,32.901737,203.153160,29.461800,188.408435,26.318247,173.595898,22.957064,158.834120,19.072155,144.204285,14.493059,129.779945,9.301227,115.560238,4.504267,101.209099,1.313116,86.443302,0.272767,71.392810,1.683786,56.359879,5.199731,41.676753,10.766673,27.632855,18.586904,14.868032,29.926386,5.026742,44.142470,0.015878,59.303069,0.003963,70.576235,10.030764,77.504710,23.264729,81.894751,37.735597,84.539598,52.635824,86.736764,67.634058,84.468961,82.310789,79.570774,96.641982,74.293536,110.833769,71.498063,125.442323,72.774025,140.431787,76.447674,155.100045,80.816942,169.596314,84.654878,184.233136,86.684995,199.205483,85.181919,214.015744,77.909506,226.912933,63.339403,230.344462
Type02,L,235,63.295209,234.868239,48.187730,233.046413,38.606811,221.600089,33.334414,207.359398,29.971225,192.336192,27.019964,177.209657,23.695899,162.161751,19.678664,147.282849,15.006377,132.595236,9.918118,118.050844,5.192447,103.400374,1.757814,88.420178,0.341884,73.138749,1.579828,57.835175,5.214164,42.897749,10.847480,28.579662,18.726015,15.526081,30.204656,5.411869,44.557973,0.022310,59.948244,0.628653,71.319509,10.941772,77.859127,24.554706,82.064273,39.346419,84.752989,54.502092,86.805955,69.750729,84.419060,84.644368,79.283746,99.144572,73.812035,113.571783,70.955516,128.511796,72.275557,143.830658,75.890326,158.807152,80.285389,173.573991,84.433849,188.392334,86.659189,203.561659,85.230061,218.547657,78.040993,231.340597,63.459636,234.832798
Type02,L,240,63.760952,239.880785,48.435675,238.114696,38.971467,226.276498,33.665348,211.742285,30.395208,196.412832,27.594530,180.964184,24.272689,165.621856,20.132231,150.476059,15.367500,135.512069,10.348184,120.639308,5.676401,105.673600,2.064554,90.442473,0.393071,74.901329,1.526647,59.313477,5.272536,44.106848,10.997052,29.512116,18.980275,16.180473,30.597020,5.784473,45.110513,0.031205,60.736263,1.220914,72.229237,11.786293,78.476069,25.776584,82.526017,40.900701,85.291386,56.326698,87.240228,71.852662,84.757198,87.000791,79.370664,101.694822,73.744429,116.372966,70.867669,131.641408,72.176754,147.290434,75.699620,162.596574,80.106844,177.655525,84.535530,192.681647,87.015216,208.069302,85.716413,223.302009,78.556875,236.228867,63.815890,239.869806
Type02,L,245,64.295226,245.309507,48.679275,243.420252,39.236704,231.112794,33.910255,216.245386,30.735260,200.589716,28.021055,184.818960,24.658860,169.179288,20.413443,153.750224,15.571629,138.495757,10.585604,123.294757,5.941850,108.003749,2.222176,92.486863,0.421676,76.659142,1.523317,60.776335,5.371921,45.288024,11.215311,30.418382,19.349526,16.822429,31.096760,6.130090,45.797192,0.041829,61.670914,1.746005,73.306848,12.542954,79.375373,26.902518,83.304837,42.369507,86.168756,58.081211,88.053438,73.910800,85.487197,89.347944,79.834407,104.257264,74.098740,119.200002,71.262150,134.790625,72.530655,150.758436,75.944641,166.403153,80.356033,181.770752,85.016322,197.036780,87.773947,212.671513,86.626069,228.214163,79.414963,241.459330,64.386408,245.289979
Type02,L,250,64.914589,250.947216,48.969716,248.800096,39.443798,236.024455,34.094827,220.806446,31.001945,204.813746,28.291617,188.728561,24.841623,172.793443,20.516926,157.066518,15.627873,141.506274,10.642717,125.979741,5.995578,110.359934,2.234282,94.527819,0.425157,78.390807,1.564576,62.205110,5.507643,46.425705,11.499670,31.286906,19.828491,17.441653,31.693605,6.433665,46.611333,0.052029,62.750293,2.175559,74.540691,13.199276,80.552911,27.913783,84.397681,43.730650,87.367680,59.742472,89.224753,75.896916,86.578781,91.647792,80.645662,106.787934,74.844223,122.006965,72.120191,137.916346,73.349135,154.186209,76.657029,170.167965,81.072137,185.854882,85.901180,201.395375,88.919497,217.308732,87.906285,233.206084,80.546981,246.880858,65.137709,250.890787
Type02,L,255,65.636024,256.561862,49.359848,254.083014,39.641805,240.920461,34.252385,225.359175,31.213807,209.028604,28.412554,192.643303,24.826166,176.418582,20.452868,160.381338,15.558917,144.499102,10.548955,128.651270,5.864672,112.706200,2.118696,96.538186,0.403314,80.075411,1.641198,63.581396,5.673052,47.504992,11.844133,32.106186,20.406117,18.025937,32.374150,6.680325,47.542570,0.058277,63.965811,2.490810,75.905397,13.752659,81.978977,28.801906,85.771963,44.969616,88.839419,61.293172,90.698943,77.784257,87.968787,93.857390,81.744494,109.235700,75.913570,124.740778,73.377739,140.973904,74.600763,157.530899,77.826968,173.840505,82.253806,189.851040,87.179574,205.699028,90.399060,221.920026,89.468964,238.188489,81.862891,252.316850,66.027053,256.444929
Type02,L,260,66.474893,261.912682,49.899762,259.099288,39.883575,245.706941,34.420541,229.835385,31.395291,213.176262,28.404124,196.510285,24.635856,180.004670,20.246837,163.647172,15.399122,147.426621,10.347709,131.262570,5.593254,115.002984,1.905142,98.489989,0.358242,81.692918,1.740824,64.887481,5.859423,48.511867,12.238588,32.864581,21.065354,18.561026,33.122433,6.856212,48.577081,0.055923,65.301705,2.684754,77.362788,14.210192,83.599621,29.568592,87.367386,46.079631,90.507767,62.721794,92.390799,79.548147,89.566239,95.930751,83.045495,111.544753,77.209554,127.343803,74.932175,143.918326,76.213896,160.755814,79.404090,177.379633,83.858890,193.711612,88.805558,209.894625,92.127177,226.444395,91.197275,243.064334,83.257542,257.575505,67.005714,261.715597
Type02,L,265,67.442779,266.767781,50.632419,263.690442,40.221174,250.291201,34.637240,234.167354,31.573908,217.198689,28.298525,200.274811,24.310305,183.498752,19.937786,166.813980,15.191213,150.239961,10.091482,133.765410,5.237143,117.209114,1.631469,100.355424,0.294012,83.224558,1.849174,66.106844,6.056050,49.433424,12.668491,33.550254,21.783496,19.030875,33.920617,6.949338,49.697965,0.039627,66.735165,2.762914,78.864285,14.587291,85.340870,30.224461,89.101095,47.060903,92.276248,64.021972,94.193195,81.166535,91.260758,97.821414,84.445969,113.658028,78.615302,129.757314,76.653737,146.705782,78.084568,163.830222,81.303115,180.753275,85.808899,197.398363,90.701950,213.934930,93.993952,230.822048,92.955811,247.733425,84.619088,262.462323,68.022758,266.473351
Type02,L,270,68.545466,270.921380,51.589707,267.718290,40.701113,254.585857,34.936665,238.290225,31.777001,221.039639,28.136462,203.882113,23.901475,186.846778,19.574429,169.831024,14.981942,152.891163,9.836002,136.112751,4.857214,119.284122,1.338984,102.107929,0.216131,84.653176,1.951482,67.224641,6.250633,50.258131,13.115141,34.151345,22.533184,19.418366,34.749760,6.950409,50.885743,0.003936,68.237136,2.742560,80.354585,14.905347,87.115346,30.786776,90.875516,47.919160,94.037715,65.191399,95.987747,82.620471,92.933273,99.485451,85.836106,115.521168,80.006790,131.925442,78.400016,149.295109,80.088005,166.728525,83.413350,183.937105,87.997501,200.881463,92.768083,217.778508,95.876135,234.995631,94.603121,252.097716,85.838350,266.793678,69.028939,270.512968
Type02,L,275,69.473909,276.593715,52.168017,272.802105,40.846568,259.344981,34.979340,242.722609,31.843625,225.130082,28.008134,207.681198,23.579228,190.353550,19.247003,172.999682,14.656609,155.723247,9.384060,138.643701,4.297177,121.507013,0.924016,103.971070,0.147645,86.158453,2.115661,68.397024,6.458287,51.109182,13.530519,34.750965,23.275040,19.820173,35.638649,7.044226,52.113273,-0.015672,69.745884,2.971382,81.981512,15.366315,88.979027,31.540407,92.740636,48.996597,96.040259,66.577946,98.037546,84.324966,94.901485,101.482381,87.518712,117.758735,81.774985,134.504381,80.501612,152.300235,82.198848,170.077932,85.477316,187.641209,90.052371,204.933420,94.751760,222.193263,97.989027,239.708148,96.648785,257.119407,87.419090,272.269147,70.133522,276.046750
Type02,L,280,70.438253,281.683095,52.874843,277.532822,41.147880,263.985894,35.151048,247.097230,31.996105,229.185113,27.919956,211.462829,23.288074,193.853400,18.962638,176.166541,14.430729,158.542435,9.079483,141.154944,3.888563,123.718724,0.611869,105.839014,0.083713,87.684757,2.238107,69.600960,6.649218,52.003711,13.940065,35.399187,23.985807,20.253783,36.465535,7.131503,53.273084,-0.036865,71.203549,3.123995,83.514955,15.797481,90.733825,32.256463,94.485894,50.034459,97.858637,67.929037,99.886870,85.988249,96.647866,103.414695,88.976905,119.916891,83.267668,136.982918,82.315646,155.185777,84.118506,173.282834,87.404479,191.169438,92.007680,208.788903,96.645134,226.404682,99.900830,244.236043,98.444301,261.922577,88.796001,277.318896,71.152789,281.021777
Type03,L,230,50.420153,231.216767,35.800700,228.613421,26.621905,217.275379,21.679500,203.403182,18.606369,188.861816,16.406613,174.145914,14.062958,159.441027,11.199351,144.833522,8.076061,130.280446,4.958750,115.728845,2.245191,101.103375,0.554731,86.336131,0.207012,71.476686,1.552050,56.686002,4.873801,42.234214,10.255831,28.406980,17.931988,15.741868,28.194988,5.387675,41.875776,0.073674,56.539259,2.100137,67.423289,12.485561,73.276489,25.996524,76.774385,40.443847,77.995886,55.245527,78.445187,70.136817,77.566872,84.963431,75.355215,99.665567,72.831756,114.334518,71.558931,129.137908,72.602090,143.920535,74.888294,158.621758,76.632686,173.396117,77.957874,188.225867,78.429956,203.058822,74.805948,216.951280,64.994222,228.038315,50.527865,231.139492
Type03,L,235,51.533548,235.926200,36.454300,233.481266,26.966338,221.920120,21.889849,207.809870,18.653209,193.020012,16.267138,178.031196,13.828660,163.036685,11.026578,148.123153,7.909483,133.277691,4.731382,118.445691,2.023251,103.530843,0.441819,88.470474,0.198780,73.316860,1.476519,58.230813,4.789719,43.495946,10.337366,29.435895,18.114421,16.492650,28.383044,5.768324,42.233776,0.054945,57.229950,1.870301,68.187030,12.621157,74.157516,26.429076,77.675385,41.176266,78.839347,56.244551,79.405022,71.384664,78.487015,86.501013,76.097238,101.487829,73.586755,116.430745,72.537011,131.479048,73.729781,146.510008,75.868203,161.547045,77.423952,176.648045,78.896994,191.738202,79.464781,206.840544,75.666044,221.060035,66.220779,232.570509,51.690572,235.857172
Type03,L,240,52.775275,240.811235,37.206847,238.546648,27.358019,226.776720,22.176757,212.412296,18.809625,197.352568,16.248882,182.077791,13.718872,166.782040,10.968937,151.551769,7.846663,136.403270,4.598436,121.279851,1.868754,106.067348,0.356914,90.705624,0.202543,75.247657,1.435718,59.855259,4.731918,44.822652,10.407510,30.504263,18.270980,17.261880,28.571036,6.162950,42.596879,0.038792,57.932010,1.666440,69.003177,12.750369,75.117327,26.856485,78.666099,41.917193,79.791908,57.262105,80.465916,72.660711,79.510032,88.083873,76.957878,103.373832,74.448537,118.600749,73.591840,133.898930,74.925216,149.188657,76.926196,164.575015,78.312198,180.016036,79.931188,195.378626,80.598557,210.766346,76.663289,225.337115,67.555264,237.258837,52.966032,240.737310
Type03,L,245,54.137574,245.823672,38.055704,243.759862,27.795754,231.800094,22.540302,217.168119,19.077089,201.819542,16.355275,186.248378,13.738415,170.642497,11.030296,155.087756,7.891915,139.628225,4.564922,124.205017,1.785983,108.689483,0.302041,93.021119,0.218958,77.251524,1.432107,61.544732,4.702535,46.202352,10.464206,31.601389,18.399683,18.042035,28.758055,6.568957,42.961036,0.023869,58.639198,1.488278,69.865447,12.870315,76.148947,27.273024,79.739253,42.658127,80.846397,58.287222,81.619891,73.951570,80.629053,89.695967,77.932493,105.304946,75.411699,120.823184,74.715898,136.373763,76.180046,151.930183,78.055335,167.676215,79.291972,183.467657,81.052865,199.112290,81.822319,214.798808,77.789712,229.741397,68.986620,242.057215,54.344615,245.731652
Type03,L,250,55.610203,250.912286,38.996317,249.067754,28.277441,236.941427,22.978908,222.031607,19.454641,206.378015,16.587034,190.502885,13.889326,174.580912,11.211944,158.697127,8.047245,142.921395,4.633752,127.192858,1.777727,111.371930,0.278605,95.394705,0.248416,79.309284,1.467370,63.283175,4.703107,47.621867,10.505623,32.715882,18.499162,18.825338,28.943259,6.983529,43.322157,0.008725,59.345188,1.334914,70.766553,12.978318,77.243828,27.673189,80.885752,43.390547,81.993380,59.308739,82.856946,75.243486,81.835166,91.320570,79.014013,107.261512,76.468666,123.075508,75.900233,138.878504,77.484746,154.706857,79.247234,170.819543,80.355889,186.968601,82.252547,202.902255,83.125130,218.898115,79.034473,234.228827,70.501669,246.916923,55.814488,250.789177
Type03,L,255,57.180546,256.023698,40.022219,254.414617,28.800067,242.148955,23.489322,226.954368,19.938867,210.982769,16.942128,194.799124,14.170782,178.558178,11.512534,162.344066,8.312268,146.249916,4.805640,130.213477,1.845195,114.087871,0.287351,97.802692,0.291026,81.400437,1.542353,65.053334,4.734513,49.067034,10.530217,33.835857,18.568685,19.603876,29.125869,7.403648,43.676192,-0.008138,60.043662,1.204891,71.698305,13.071976,78.391960,28.051819,82.094796,44.106074,83.221295,60.315503,84.165196,76.522583,83.117520,92.940558,80.192997,109.223166,77.609774,125.334363,77.134565,141.387283,78.828707,157.489988,80.492135,173.972759,81.494702,190.483253,83.518995,206.710105,84.494240,223.022718,80.384032,238.753156,72.085311,251.787421,57.361784,255.856961
Type03,L,260,58.833788,261.103309,41.125087,259.743172,29.359724,247.368834,24.066655,231.886150,20.523953,215.587036,17.415795,199.093488,14.579099,182.533877,11.928097,165.991515,8.684190,149.579768,5.079062,133.235905,1.987977,116.809432,0.328346,100.220345,0.346605,83.503500,1.657025,66.837041,4.796953,50.522931,10.536770,34.949138,18.608168,20.369744,29.305157,7.826122,44.019204,-0.028211,60.728399,1.096280,72.651723,13.149235,79.582015,28.404204,83.354043,44.796632,84.516643,61.296571,85.531058,77.775108,84.463479,94.538716,81.457770,111.169199,78.823413,127.575981,78.407427,143.873848,80.200370,160.250414,81.779033,177.103046,82.697432,193.975299,84.839380,210.496597,85.915286,227.130027,81.822388,243.266735,73.720767,256.617228,58.970809,260.881101
Type03,L,265,60.553142,266.096267,42.294840,264.995591,29.951645,252.546069,24.704454,236.775694,21.201797,220.143287,18.000655,203.341686,15.107812,186.466959,12.452125,169.601802,9.157858,152.876353,5.450281,136.228631,2.204043,119.508155,0.400972,102.622312,0.414675,85.596378,1.810468,68.615524,4.889924,51.974139,10.524438,36.043486,18.618159,21.115165,29.480441,8.247621,44.347444,-0.052919,61.393357,1.006778,73.617178,13.208440,80.801530,28.726181,84.649821,45.454597,85.864238,62.241409,86.939483,78.987682,85.858830,96.098038,82.794608,113.078919,80.096221,129.776597,79.706335,146.312020,81.587378,162.959019,83.095827,180.177574,83.951539,197.408345,86.199495,214.222327,87.372550,231.177150,83.331401,247.721348,75.389877,261.354819,60.624311,265.807664
Type03,L,270,62.320135,270.948456,43.519791,270.114538,30.570273,257.625480,25.394824,241.571621,21.962191,224.604050,18.686880,207.499504,15.747831,190.316446,13.075730,173.137287,9.725877,156.105092,5.913426,139.160149,2.489790,122.155502,0.503940,104.983060,0.494473,87.656742,2.000880,70.369738,5.012229,53.405014,10.492772,37.106821,18.599811,21.832631,29.651071,8.664705,44.657417,-0.083561,62.032762,0.933809,74.584557,13.248383,82.037123,29.014213,85.967373,46.072936,87.247497,63.140080,88.374236,80.147538,87.288028,97.602030,84.187987,114.932014,81.413333,131.912869,81.017989,148.676156,82.976749,165.587239,84.429504,183.164075,85.243140,200.746554,87.584014,217.848422,88.849238,235.121635,84.891156,252.069074,77.073438,265.949547,62.303786,270.583650
Type03,L,275,64.114937,275.607471,44.786838,275.044215,31.209344,262.552675,26.128592,246.223331,22.793060,228.922729,19.462440,211.523567,16.487668,194.042147,13.787863,176.561016,10.378785,159.232029,6.460634,141.999509,2.840133,124.723349,0.635327,107.277331,0.584961,89.662437,2.225616,72.080699,5.162005,54.799963,10.441746,38.127442,18.554842,22.515022,29.816417,9.073873,44.945945,-0.121264,62.641178,0.874642,75.543432,13.268329,83.274740,29.265455,87.291136,46.645335,88.648781,63.983416,89.818201,81.242737,88.734487,99.034995,85.620884,116.708916,82.758662,133.962294,82.328495,150.941591,84.355075,168.107562,85.766347,186.031405,86.557264,203.955264,88.976774,221.337206,90.327809,238.922213,86.480394,256.263145,78.751562,270.352540,63.989824,275.157946
Type03,L,280,65.916730,280.023559,46.081698,279.731375,31.861991,267.275026,26.895506,250.681888,23.680748,233.054415,20.313400,215.372096,17.313725,197.605349,14.575591,179.837359,11.105281,162.224423,7.082244,144.716861,3.248628,127.184487,0.792617,109.480591,0.684848,91.591866,2.481248,73.729835,5.336766,56.143733,10.371757,39.094245,18.485471,23.155721,29.975866,9.471603,45.210223,-0.166930,63.213583,0.826498,76.483253,13.268035,84.499919,29.477796,88.605048,47.166296,90.049763,64.763171,91.253725,82.262378,90.180897,100.382313,87.075113,118.391138,84.115225,135.903594,83.623614,153.085072,85.708728,170.494012,87.092173,188.750087,87.878137,207.001586,90.361091,224.652857,91.790314,242.539511,88.076967,260.258783,80.404070,274.517566,65.662477,279.482228
Type04,L,230,55.582965,231.394210,40.613618,230.381925,29.659517,220.464116,23.939711,207.038505,20.961320,192.314599,18.733470,177.432659,16.176361,162.603499,13.215335,147.844267,10.104508,133.116251,6.948409,118.397979,3.886247,103.661940,1.353625,88.839283,0.154079,73.867982,1.132246,58.904526,4.581995,44.293201,10.024730,30.278803,17.129600,17.088474,27.091326,5.868442,41.083454,0.368091,55.990434,1.435174,68.545769,9.415649,76.348830,21.744188,80.429067,36.128558,81.702707,51.067726,81.317695,66.101326,80.047826,81.091902,78.517608,96.062036,77.199912,111.049664,76.676267,126.062295,77.702672,141.062772,79.326932,156.021807,80.613983,171.011424,81.494333,186.023360,81.661016,201.053702,78.884654,215.551476,70.463606,227.722814,55.970484,231.409540
Type04,L,235,56.589413,235.997526,41.384754,234.538000,30.446193,224.155733,24.740029,210.364194,21.778200,195.362914,19.589435,180.206159,16.980803,165.118007,13.908697,150.110432,10.644891,135.144369,7.318961,120.191511,4.125079,105.210206,1.461455,90.135857,0.202840,74.910839,1.304618,59.693172,4.891063,44.840154,10.343600,30.540689,17.335818,17.023564,27.612300,5.755439,41.904972,0.339965,57.066099,1.613775,69.485545,10.193066,77.241778,22.919322,81.578493,37.527720,83.228033,52.684317,82.899920,67.971453,81.455922,83.209086,79.697191,98.421815,78.320772,113.669711,77.892325,128.956420,78.912483,144.228246,80.573141,159.452329,81.962424,174.699930,82.941557,189.973127,83.243277,205.256696,80.321250,219.973840,71.759212,232.405936,56.964619,235.992110
Type04,L,240,57.546775,240.848697,42.088894,239.017512,31.159650,228.189527,25.471760,214.028764,22.516144,198.732831,20.347230,183.285101,17.692318,167.917440,14.522223,152.639539,11.122502,137.412190,7.647356,122.200790,4.334028,106.952615,1.550041,91.606601,0.246251,76.108242,1.472964,60.615627,5.178747,45.496353,10.640653,30.893485,17.563372,17.044827,28.129300,5.672560,42.737132,0.316491,58.172154,1.778379,70.490791,10.926675,78.212632,24.053693,82.766013,38.914167,84.730010,54.314940,84.433789,69.875795,82.827124,85.381378,80.874827,100.859238,79.451635,116.387890,79.100626,131.966151,80.114897,147.527062,81.812285,163.034887,83.305991,178.559220,84.385917,194.112127,84.780175,209.670406,81.719040,224.635002,73.028575,237.327276,57.922425,240.819644
Type04,L,245,58.451645,245.886856,42.723956,243.768565,31.792369,232.522081,26.122457,217.994706,23.160054,202.391351,20.991231,186.640352,18.296298,170.976253,15.042886,155.409496,11.527069,139.900813,7.926580,124.410009,4.509274,108.876538,1.618620,93.242153,0.282688,77.454231,1.629889,61.669542,5.435035,46.263120,10.906735,31.342817,17.802356,17.161623,28.624248,5.627184,43.555618,0.298748,59.281129,1.920065,71.539139,11.594914,79.244565,25.117942,83.974087,40.254500,86.185774,55.923355,85.898299,71.774956,84.146163,87.566209,82.038852,103.328469,80.579896,119.154571,80.284579,135.037940,81.291525,150.901944,83.024522,166.708604,84.623005,182.524838,85.804487,198.372212,86.249963,214.223298,83.064151,229.461826,74.262043,242.414759,58.839582,245.829982
Type04,L,250,59.303121,251.045181,43.290567,248.730913,32.339252,237.100612,26.681924,222.214813,23.697453,206.296173,21.509053,190.233906,18.781182,174.260604,15.460235,158.390543,11.850301,142.584333,8.150904,126.797037,4.647874,110.963612,1.666994,95.027941,0.310678,78.938149,1.768138,62.848462,5.650709,47.138400,11.133618,31.891441,18.042330,17.380534,29.079361,5.625699,44.336027,0.287681,60.364936,2.030338,72.606581,12.177727,80.318824,26.084308,85.184577,41.516121,87.573812,57.473301,87.274592,73.628934,85.399548,89.719821,83.178241,105.781866,81.693179,121.917755,81.428355,138.115431,82.424715,154.292356,84.190744,170.408842,85.892445,186.528055,87.174988,202.680451,87.633007,218.838403,84.344843,234.374818,75.451828,247.590263,59.713867,250.954972
Type04,L,255,60.102450,256.252348,43.791728,253.837166,32.797598,241.863922,27.142464,226.632980,24.118859,210.396372,21.891914,194.019455,19.138791,177.728836,15.766713,161.545636,12.086138,145.430139,8.316048,129.333635,4.747834,113.189879,1.695513,96.944238,0.328967,80.544616,1.880904,64.141696,5.817734,48.116522,11.314333,32.538888,18.272784,17.704936,29.477916,5.673160,45.054839,0.284052,61.395914,2.101523,73.668317,12.657354,81.415306,26.927670,86.379220,42.668415,88.874504,58.929769,88.546351,75.398462,86.575753,91.798691,84.282721,108.171481,82.779533,124.624687,82.517245,141.141170,83.498004,157.636313,85.293091,174.069094,87.094511,190.497858,88.476372,206.961220,88.912215,223.435494,85.551585,239.290335,76.591895,252.771634,60.544887,256.122007
Type04,L,260,60.852561,261.434155,44.232374,259.014260,33.166998,246.743681,27.499040,231.185375,24.418044,214.633417,22.134870,197.943301,19.364550,181.332269,15.957861,164.831129,12.230919,148.399487,8.419300,131.985920,4.808142,115.526148,1.705024,98.966429,0.336565,82.253691,1.962122,65.534360,5.929587,49.188102,11.443462,33.281227,18.483609,18.134705,29.804960,5.773007,45.690368,0.288395,62.347878,2.127127,74.699651,13.019056,82.513189,27.626500,87.540097,43.683871,90.070577,60.260230,89.700093,77.046336,87.665314,93.760959,85.342856,110.450600,83.827614,127.223511,83.537966,144.058378,84.496521,160.872250,86.315405,177.622974,88.211139,194.363048,89.689359,211.138417,90.073371,227.933417,86.677028,244.122975,77.677769,257.874889,61.333702,261.255747
Type04,L,265,61.557512,266.515265,44.618850,264.185164,33.449144,251.666006,27.749342,235.801925,24.592186,218.942523,22.236916,201.945578,19.457572,185.016295,16.032423,168.197730,12.283470,151.448328,8.459582,134.715072,4.828775,117.938584,1.696820,101.065484,0.332795,84.041230,2.006739,67.007598,5.981542,50.340100,11.517358,34.110986,18.665544,18.666062,30.047961,5.926838,46.223641,0.300987,63.197106,2.102159,75.676869,13.251712,83.591580,28.163670,88.650087,44.539082,91.147485,61.435774,90.725356,78.538677,88.660849,95.567803,86.350097,112.575243,84.826839,129.664909,84.478918,146.812711,85.407332,163.940908,87.243635,181.006217,89.226461,198.054363,90.796919,215.137711,91.105357,232.252481,87.715888,248.788074,78.706262,262.816514,62.082386,266.279958
Type04,L,270,62.221909,271.421029,44.958344,269.270747,33.647581,256.553292,27.893764,240.408104,24.641887,223.254282,22.200934,205.961761,19.420613,188.721738,15.992329,171.591719,12.245101,154.528381,8.437458,137.478260,4.810674,120.389502,1.672566,103.208633,0.317321,85.879438,2.010943,68.538978,5.970867,51.556050,11.534288,35.017220,18.810580,19.291572,30.197351,6.134268,46.639160,0.321824,63.923217,2.023389,76.578081,13.348280,84.630164,28.527089,89.693293,45.215573,92.093675,62.432104,91.614785,79.846052,89.557015,97.184695,87.296801,114.505553,85.767511,131.903638,85.330375,149.353929,86.219713,166.787121,88.066154,184.158600,90.127172,201.506542,91.784661,218.888742,92.000258,236.316808,88.664746,253.204187,79.675148,267.515767,62.793539,271.119412
Type04,L,275,62.850318,276.079297,45.258319,274.191778,33.767407,261.326224,27.935287,244.926928,24.571080,227.496530,22.033512,209.924397,19.259897,192.386439,15.842571,174.956374,12.119524,157.588406,8.355095,140.229763,4.755692,122.838348,1.634221,105.360224,0.290168,87.737590,1.972333,70.103063,5.896945,52.816441,11.494492,35.985742,18.912302,20.000306,30.246930,6.392877,46.925500,0.350614,64.509906,1.889529,77.383960,13.306081,85.609818,28.710118,90.655412,45.700426,92.900762,63.230341,92.364100,80.944423,90.350384,98.582484,88.176231,116.207031,86.640929,133.899915,86.084623,151.637405,86.925344,169.361456,88.773989,187.025718,90.902818,204.660227,92.641136,222.327171,92.753370,240.056547,89.521804,257.295476,80.582831,271.896895,63.469808,275.701779
Type04,L,280,63.446726,280.422190,45.525967,278.870947,33.814956,265.905908,27.879290,249.281107,24.386818,231.596368,21.744633,213.765001,18.984822,195.946999,15.590971,178.233560,11.912684,160.575633,8.216165,142.922240,4.666508,125.242833,1.583952,107.482717,0.251726,89.582901,1.890035,71.672124,5.761299,54.099257,11.400156,36.999509,18.966144,20.778163,30.194119,6.698253,47.075736,0.386779,64.945488,1.701327,78.078373,13.126904,86.513168,28.711768,91.524061,45.986671,93.563586,63.817595,92.971985,81.815865,91.039293,99.738261,88.982539,117.651548,87.439469,135.620574,86.736018,153.625417,87.518417,171.621623,89.360963,189.560527,91.545979,207.463652,93.358037,225.396500,93.363085,243.409865,90.286595,260.993880,81.428004,275.891188,64.113427,279.959438
Type05,L,230,52.568691,231.312075,37.906354,228.658561,28.822480,217.312770,24.157114,203.300778,21.076718,188.661029,19.288160,173.831345,18.209448,158.903940,16.193852,144.104369,12.259896,129.716102,6.988499,115.717056,2.336339,101.550788,0.219217,86.827741,0.792578,71.933861,3.860844,57.290462,8.261704,43.017491,14.302334,29.328094,21.246187,16.172211,32.091756,5.688829,46.089196,0.624955,60.644766,2.731003,69.070650,13.169728,74.725535,27.116883,79.370090,41.354819,81.297069,56.020847,79.537752,70.851351,76.090401,85.406985,72.034789,99.799424,69.010598,114.385081,68.738030,129.264424,70.802243,144.081126,73.743956,158.738014,77.446162,173.234795,80.653035,187.818758,80.932201,202.658256,76.726340,216.938023,68.048800,228.785218,53.230630,231.368541
Type05,L,235,53.688633,236.325502,38.753031,233.621950,29.572838,221.977317,24.818684,207.673713,21.741391,192.724942,19.938497,177.587995,18.744639,162.366294,16.612432,147.274211,12.621434,132.581736,7.328968,118.267014,2.609776,103.797364,0.334372,88.787985,0.771304,73.593063,3.748698,58.628163,8.149565,44.040784,14.213096,30.032087,21.236794,16.575394,32.105422,5.756158,46.383778,0.559555,61.259546,2.748738,70.001448,13.490718,75.632681,27.712780,80.282634,42.261693,82.366907,57.222177,80.857790,72.361912,77.476484,87.229606,73.365708,101.924012,70.247350,116.807947,69.826383,131.985826,71.803974,147.113231,74.779071,162.075276,78.481210,176.885134,81.685468,191.782868,82.124964,206.924222,78.107085,221.507608,69.348179,233.619481,54.302383,236.385235
Type05,L,240,55.069243,241.417620,39.785198,238.857689,30.139879,227.087580,25.268099,212.513389,22.192344,197.241908,20.385736,181.783963,19.047108,166.256177,16.822615,150.848873,12.807845,135.826934,7.464332,121.192239,2.683477,106.408618,0.352481,91.081314,0.766241,75.566323,3.677005,60.271607,8.097232,45.353341,14.166806,31.004223,21.391232,17.275066,32.329327,6.140218,46.803494,0.530115,62.054094,2.501159,71.122333,13.398072,76.715535,27.911208,81.375548,42.779424,83.619226,58.039412,82.301239,73.495510,78.848515,88.663605,74.555815,103.641446,71.345493,118.825842,70.886214,134.324639,72.849903,149.771310,75.904463,165.047101,79.611365,180.184025,82.835140,195.401923,83.490794,210.857321,79.795614,225.784382,70.987857,238.306277,55.724335,241.511673
Type05,L,245,55.688246,246.122695,40.219052,243.247031,30.944083,230.925895,26.067272,216.032738,23.076609,200.475059,21.302037,184.740839,19.855557,168.958810,17.442712,153.315702,13.322008,138.045243,8.000686,123.121792,3.161692,108.064804,0.577658,92.504685,0.737756,76.734683,3.533590,61.151533,7.925901,45.961967,14.039650,31.343940,21.218589,17.313260,32.080222,5.828622,46.906647,0.415437,62.409076,2.758182,71.734135,14.152304,77.221655,28.929706,81.884933,44.073492,84.291987,59.599045,83.285882,75.339080,80.067994,90.815624,75.878023,106.095991,72.599421,121.555640,71.868944,137.303355,73.662553,153.028699,76.680053,168.579143,80.355101,183.995456,83.504543,199.507578,84.293487,215.231130,80.655956,230.403480,71.710051,243.050732,56.222784,246.221556
Type05,L,250,56.467425,251.051299,40.775668,247.918314,31.752750,235.085862,26.851434,219.870025,23.919431,204.013870,22.159531,187.989035,20.604147,171.935172,18.021668,156.034487,13.805098,140.494879,8.493830,125.268652,3.593909,109.923011,0.777375,94.109831,0.710820,78.066033,3.396323,62.178819,7.768678,46.699856,13.921142,31.792506,21.084820,17.452345,31.899806,5.614650,47.067870,0.312951,62.845648,2.962700,72.457653,14.806198,77.873732,29.854365,82.540872,45.291103,85.114407,61.098012,84.414000,77.137721,81.390627,92.932445,77.261806,108.522073,73.900747,124.267058,72.921498,140.281268,74.560052,156.300337,77.558832,172.140290,81.212717,187.851336,84.315215,203.668431,85.251843,219.677719,81.715995,235.127136,72.644938,247.960411,56.912683,251.152487
Type05,L,255,57.407106,256.145843,41.459116,252.821644,32.562109,239.530435,27.613687,223.992600,24.709348,207.828948,22.943993,191.501970,21.281041,175.160912,18.552105,158.982798,14.251873,143.155581,8.937760,127.615453,3.974093,111.968532,0.948318,95.884078,0.685420,79.549980,3.266750,63.345897,7.627835,47.562074,13.812973,32.347484,20.992152,17.693103,31.792866,5.504069,47.287429,0.224691,63.361767,3.113019,73.289908,15.352118,78.673433,30.674357,83.344630,46.419108,86.084407,62.520876,85.678360,78.872762,82.804679,94.991627,78.693167,110.894142,75.235961,126.932538,74.035391,143.229050,75.537309,159.554159,78.537438,175.695652,82.182364,191.713886,85.267347,207.843635,86.361112,224.153495,82.967145,239.907670,73.785948,252.980563,57.791998,256.245870
Type05,L,260,58.504282,261.344223,42.271114,257.901211,33.369108,244.215756,28.348173,228.361219,25.436505,211.884583,23.643182,195.247046,21.876422,178.605995,19.028194,162.132917,14.658393,146.002168,9.328108,130.140126,4.297829,114.182323,1.087999,97.810920,0.661404,81.172673,3.146050,64.641995,7.505022,48.540790,13.716355,33.003916,20.941475,18.033731,31.762223,5.499817,47.564302,0.152285,63.953420,3.209165,74.224931,15.785266,79.618596,31.381486,84.293652,47.446557,87.196120,63.853948,87.068323,80.526885,84.296257,96.971953,80.157113,113.187838,76.590833,129.525535,75.200615,146.118054,76.587201,162.758550,79.609968,179.210550,83.259379,195.545259,86.357610,211.992047,87.612678,228.614083,84.395884,244.695706,75.121584,258.053112,58.854413,261.438331
Type05,L,265,59.752532,266.581097,43.210817,263.096375,34.171357,249.091879,29.050132,232.930659,26.092876,216.139293,24.247152,199.186130,22.382736,182.235153,19.445768,165.452264,15.022076,149.004922,9.662220,132.816237,4.562414,116.541284,1.194812,99.870273,0.638494,82.917010,3.035011,66.053298,7.401226,49.625379,13.632004,33.754391,20.932325,18.469858,31.808639,5.601897,47.896174,0.096913,64.614667,3.252846,75.253800,16.103758,80.703107,31.970333,85.381452,48.364891,88.439868,65.085509,88.569944,82.084409,85.849502,98.853790,81.637900,115.380403,77.950645,132.020961,76.405763,148.920778,77.700611,165.882855,80.767967,182.651081,84.436232,199.308159,87.579033,216.072904,88.994117,233.015055,85.983967,249.441013,76.635606,263.117762,60.089400,266.663046
Type05,L,270,61.142030,271.789277,44.274661,268.342898,34.967023,254.103678,29.715910,237.650501,26.672412,220.546524,24.748499,203.276204,22.794857,186.008478,19.802374,168.903958,15.341701,152.130109,9.939166,135.613450,4.766883,119.018664,1.268070,102.038816,0.616307,84.762942,2.934032,67.563191,7.316765,50.802625,13.560128,34.589186,20.962921,18.994644,31.930802,5.807384,48.279461,0.059274,65.337748,3.247354,76.364779,16.308607,81.916899,32.438331,86.597631,49.168046,89.802270,66.205969,90.166182,83.531527,87.446851,100.619401,83.119287,117.451051,79.300444,134.395574,77.638192,151.611289,78.866537,168.897860,82.000503,185.984660,85.702554,202.966444,88.921003,220.046491,90.489371,237.312656,87.708801,254.093376,78.307362,268.113194,61.482390,271.851177
Type05,L,275,62.659647,276.901185,45.456287,273.574302,35.754689,259.191908,30.342915,242.466070,27.171113,225.055507,25.142510,207.470150,23.110160,189.882165,20.097257,172.447505,15.617356,155.340620,10.159683,138.498109,4.911974,121.584577,1.307997,104.290442,0.594377,86.687858,2.843137,69.152592,7.251305,52.056986,13.500451,35.496483,21.030254,19.598958,32.125375,6.110528,48.709377,0.039569,66.113257,3.197402,77.543565,16.403608,83.246105,32.785730,87.928031,49.852497,91.266471,67.207970,91.837206,84.856495,89.069348,102.253208,84.584813,119.381274,80.625296,136.628325,78.884236,154.165613,80.072264,171.776231,83.294331,189.180520,87.045277,206.485695,90.369382,223.874769,92.079055,241.464523,89.543965,258.603481,80.112253,272.978309,63.015079,276.933410
Type05,L,280,64.289145,281.850337,46.746523,278.723305,36.533185,264.294408,30.929527,247.319508,27.587031,229.612241,25.427215,211.717655,23.328510,193.809362,20.331279,176.039604,15.850334,158.596721,10.326050,141.433928,5.000023,124.206605,1.315694,106.596774,0.572184,88.667045,2.762009,70.800353,7.203911,53.370939,13.452253,36.462637,21.130224,20.271639,32.387118,6.502964,49.180036,0.037505,66.930355,3.108911,78.773622,16.395126,84.673336,33.015489,89.355026,50.417213,92.812502,68.086424,93.560805,86.049765,90.697002,103.742004,86.018070,121.155097,81.910538,138.700647,80.129452,156.562061,81.303598,174.492909,84.634137,192.210159,88.448852,209.833732,91.906760,227.521973,93.740873,245.430362,91.459854,262.923802,82.022316,277.653490,64.665835,281.841520
Type06,L,230,53.756097,231.887055,39.305242,229.162770,29.525061,218.402593,23.732323,204.877186,20.991420,190.251414,19.330287,175.431658,17.023132,160.708035,13.811040,146.143026,10.118805,131.688999,6.393974,117.244375,3.188541,102.680514,0.915223,87.950898,0.401206,73.094104,1.963336,58.284038,5.129830,43.726118,9.789497,29.593206,16.539199,16.405379,26.523764,5.241389,40.524958,0.162235,54.798675,3.897166,65.457353,13.727671,72.422550,26.667677,76.792999,40.887694,79.645278,55.498719,80.499558,70.343079,79.930361,85.220598,78.446299,100.042856,76.856771,114.886951,75.939829,129.826837,75.820639,144.783576,76.770358,159.640516,78.657247,174.427278,80.282410,189.249704,80.475288,204.107062,77.185027,218.192514,68.222749,229.424935,53.794497,231.624631
Type06,L,235,53.278095,236.585729,38.677510,233.506889,28.804421,222.433177,23.222507,208.522765,20.684500,193.571431,19.050056,178.492565,16.762477,163.513418,13.631826,148.667465,10.115165,133.903364,6.553370,119.148863,3.389503,104.302583,1.015927,89.316219,0.350598,74.199528,1.901411,59.124548,5.223911,44.325322,10.083776,29.961792,16.843735,16.474948,26.933704,5.034294,41.330885,0.310228,55.821371,4.203963,66.505952,14.244241,73.504239,27.433822,77.970432,41.898257,80.897255,56.797946,81.589849,71.967731,81.009499,87.106578,79.687688,102.189521,78.315241,117.332564,77.390515,132.617753,76.962950,147.886171,77.707090,162.987073,79.568233,178.022312,81.091652,193.132203,81.225997,208.270152,78.018771,222.709557,68.645755,234.356020,53.550949,236.401592
Type06,L,240,53.008016,241.494461,38.292582,238.133111,28.351798,226.808823,22.905780,212.538950,20.506957,197.255622,18.911147,181.890802,16.655875,166.626408,13.587030,151.477067,10.202420,136.387408,6.757626,121.308764,3.603567,106.162134,1.121605,90.895419,0.306348,75.494170,1.837634,60.129322,5.305409,45.059984,10.350896,30.432489,17.127048,16.621445,27.318240,4.880365,42.113339,0.440046,56.846975,4.478365,67.564846,14.741746,74.584488,28.204340,79.149098,42.931801,82.158059,58.137641,82.719084,73.651978,82.148734,89.070751,80.989331,104.432934,79.800772,119.899859,78.839196,135.562287,78.137631,151.171313,78.738581,166.535608,80.592421,181.839184,81.990934,197.263518,82.052833,212.701003,78.921418,227.464667,69.157728,239.452228,53.441915,241.387082
Type06,L,245,52.985593,246.564503,38.179665,243.002062,28.184850,231.481559,22.792927,216.877457,20.465157,201.260366,18.920855,185.588049,16.710757,170.014656,13.682589,154.545853,10.382890,139.121737,7.005408,123.711262,3.828767,108.252384,1.231623,92.687394,0.269027,76.982526,1.770392,61.308217,5.366647,45.944724,10.574597,31.024661,17.366048,16.868768,27.642349,4.801615,42.821319,0.549068,57.823821,4.697690,68.597642,15.184184,75.636393,28.934858,80.303348,43.938999,83.406329,59.463000,83.875400,75.334761,83.341347,91.046996,82.343076,106.701726,81.299258,122.510844,80.269489,138.573334,79.330352,154.544168,79.850967,170.186080,81.716732,185.772283,82.972038,201.531867,82.959377,217.282769,79.917532,232.346955,69.806430,244.632275,53.520614,246.522466
Type06,L,250,53.241271,251.741846,38.356962,248.065218,28.311134,236.389861,22.888327,221.475859,20.561427,205.528433,19.082205,189.533380,16.929757,173.634234,13.920045,157.837116,10.655674,142.076933,7.293483,126.334171,4.062285,110.557868,1.345003,94.683176,0.239147,78.662166,1.698471,62.665187,5.400723,46.989429,10.739757,31.754212,17.538543,17.238439,27.871862,4.818630,43.404279,0.635148,58.700050,4.839964,69.567795,15.535908,76.633150,29.580471,81.407510,44.869243,84.620578,60.717270,85.046195,76.952368,84.579490,92.965938,83.739710,108.920639,82.796361,125.082612,81.665404,141.557613,80.526068,157.902695,81.027857,173.830392,82.925057,189.707163,84.024506,205.815718,83.948016,221.888443,81.031423,237.238112,70.637383,249.811877,53.835070,251.745243
Type06,L,255,53.793373,256.967767,38.829678,253.264869,28.727345,241.459149,23.189620,226.258373,20.793871,209.989661,19.393723,193.663727,17.310439,177.429832,14.296268,161.303358,11.016439,145.213235,7.616594,129.145365,4.300341,113.053615,1.460344,96.864858,0.217199,80.522424,1.621311,64.196773,5.402103,48.197542,10.833450,32.631674,17.624868,17.747584,27.976025,4.948999,43.815617,0.696656,59.426903,4.885572,70.440639,15.764100,77.549368,30.098650,82.436956,45.673769,85.779898,61.845067,86.218345,78.441988,85.854087,94.758710,85.168832,111.014506,84.277569,127.531592,83.011585,144.420342,81.709424,161.142649,82.250908,177.357592,84.198838,193.525980,85.135913,209.989499,85.019399,226.386792,82.284995,242.017727,71.690111,254.906812,54.424241,256.990576
Type06,L,260,54.645915,262.179593,39.588751,258.534570,29.419110,246.603059,23.687671,231.137407,21.156368,214.562358,19.849384,197.905005,17.845242,181.335587,14.803380,164.886807,11.457365,148.480777,7.967435,132.102723,4.538146,115.704804,1.575778,99.204963,0.203674,82.543482,1.539220,65.890933,5.367137,49.564658,10.845910,33.660519,17.609419,18.407061,27.929929,5.205837,44.016049,0.732506,59.961929,4.818838,71.185365,15.841156,78.362350,30.452104,83.369163,46.308785,86.864664,62.795728,87.378426,79.745340,87.154771,96.360819,86.618743,112.912341,85.728264,129.777958,84.293525,147.070143,82.865175,164.162856,83.500509,180.659386,85.517750,197.113279,86.292216,213.929699,86.171912,230.648693,83.695597,246.568806,72.994591,259.835963,55.314548,262.192887
Type06,L,265,55.787283,267.311702,40.610456,263.800153,30.361357,251.725530,24.366849,236.015884,21.638748,219.155434,20.438759,202.173950,18.521637,185.276576,15.428912,168.520599,11.967284,151.820450,8.336765,135.154683,4.769945,118.467018,1.688963,101.666390,0.199084,84.696009,1.453520,67.726386,5.294462,51.077563,10.771324,34.835871,17.481952,19.219960,27.716621,5.596546,43.976604,0.742165,60.271857,4.629397,71.776795,15.746800,79.053244,30.611386,84.184680,46.738359,87.857189,63.526449,88.512964,80.812094,88.469861,97.715803,88.076392,114.551254,87.133788,131.749903,85.497766,149.423819,83.978611,166.870386,84.756494,183.635595,86.860438,200.361750,87.478151,217.520948,87.401232,234.553427,85.274055,250.783137,74.568230,264.524167,56.517149,267.287434
Type06,L,270,57.189957,272.296767,41.856982,268.981306,31.519301,256.723660,25.205625,240.790296,22.227158,223.671236,21.147352,206.380627,19.322528,189.170992,16.156182,172.130619,12.532002,155.165428,8.713663,138.241449,4.989148,121.287159,1.797119,104.203023,0.203963,86.941445,1.366601,69.672566,5.185239,52.713866,10.608356,36.143784,17.238527,20.180581,27.328675,6.121910,43.680942,0.725653,60.334890,4.313248,72.196818,15.469733,79.607989,30.556999,84.867948,46.936813,88.742299,64.004939,89.608682,81.602821,89.786408,98.778421,89.527394,115.879881,88.479550,133.387443,86.612070,151.410689,85.035953,169.185283,85.998849,186.199177,88.205274,203.177548,88.677669,220.661673,88.699979,237.994535,87.023049,254.566127,76.413618,268.904685,58.026190,272.211798
Type06,L,275,58.811346,277.067223,43.278001,273.993713,32.849989,261.491259,26.177456,245.354373,22.904586,228.008981,21.957123,210.431547,20.226867,192.932923,16.964911,175.637963,13.134825,158.443326,9.085925,141.296862,5.188559,124.105024,1.897119,106.761024,0.218843,89.232981,1.281868,71.690269,5.043193,54.442297,10.360383,37.561172,16.882003,21.274058,26.769095,6.775642,43.126815,0.683533,60.142218,3.873356,72.435370,15.008672,80.017980,30.280838,85.407921,46.890452,89.507793,64.211400,90.652751,82.091247,91.090316,99.517128,90.956135,116.861096,89.751154,134.645497,87.625581,152.976137,86.024708,171.044497,87.208390,188.280468,89.531076,205.484826,89.874367,223.268941,90.057529,240.884806,88.935978,257.840799,78.517290,272.921141,59.818229,276.907234
Type06,L,280,60.595728,281.556909,44.813163,278.751665,34.304333,265.922914,27.251925,249.603201,23.651548,232.068627,22.847158,214.233241,21.210462,196.475626,17.832028,178.961928,13.757242,161.578907,9.440586,144.250835,5.360696,126.855517,1.985619,109.280789,0.244227,91.517217,1.203588,73.732990,4.874453,56.223699,10.035381,39.056445,16.422030,22.476646,26.051445,7.544412,42.326519,0.616882,59.698631,3.319769,72.490888,14.372684,80.280390,29.786851,85.798431,46.598456,90.144772,64.139661,91.633038,82.265636,92.366545,99.915647,92.345982,117.473788,90.934599,135.496006,88.528959,154.084160,86.933961,172.404773,88.367343,189.830350,90.817757,207.229165,91.051925,225.282159,91.459991,243.160095,90.996417,260.550709,80.849600,276.528851,61.852910,281.319822
Type07,L,230,57.474120,230.670389,42.682533,229.215719,31.484136,219.607586,25.909382,206.323213,21.700547,191.968161,18.573850,177.406955,16.896909,162.607529,14.603370,147.918625,10.901710,133.510842,6.547849,119.263968,2.979759,104.828497,0.880935,90.096193,0.269565,75.261699,1.630109,60.453539,5.257010,46.076738,11.385575,32.528016,19.228248,19.757941,27.663214,7.666592,40.649777,0.203968,55.477916,0.301213,68.200522,8.239799,75.621172,20.669748,78.744979,35.108030,80.037126,49.938634,81.762305,64.781606,81.637337,79.576229,79.438271,94.296736,79.003418,109.100184,79.965920,123.986857,80.378096,138.870102,79.947085,153.789098,79.727199,168.725422,80.680062,183.584231,81.652498,198.398906,79.602531,212.885114,71.897284,225.474878,58.371599,229.763352
Type07,L,235,58.038705,235.691646,42.943023,234.138685,31.732414,224.125085,26.119515,210.493615,22.088016,195.789991,19.080416,180.891004,17.276808,165.792765,14.869730,150.801691,11.160787,136.070967,6.843295,121.489481,3.211278,106.743467,0.955306,91.719968,0.309971,76.580859,1.820343,61.479903,5.612852,46.816775,11.746046,32.928404,19.579310,19.823999,28.333668,7.576569,41.693142,0.190148,56.839045,0.364092,69.519263,8.760355,76.846584,21.589534,80.073180,36.338972,81.420735,51.472239,82.929940,66.633456,82.681916,81.747568,80.567566,96.794422,80.085156,111.918780,80.897698,127.119563,81.272829,142.317480,80.994998,157.543370,80.976893,172.779662,81.968923,187.949402,82.858394,203.084996,80.706350,217.862237,72.816757,230.657253,58.887619,234.841107
Type07,L,240,58.603387,240.712915,43.203698,239.061738,31.980883,228.642876,26.329753,214.664365,22.475552,199.612156,19.587029,184.375364,17.656751,168.978284,15.136142,153.685010,11.419920,138.631313,7.138790,123.715187,3.442832,108.658606,1.029693,93.343887,0.350373,77.900136,2.010560,62.506353,5.968676,47.556861,12.106510,33.328809,19.930378,19.890049,29.004159,7.486517,42.736591,0.176310,58.200280,0.427010,70.838077,9.281000,78.072038,22.509438,81.401403,37.570051,82.804356,53.006002,84.097577,68.485485,83.726477,83.919103,81.696841,99.292333,81.166890,114.737637,81.829480,130.252561,82.167565,145.765179,82.042921,161.297990,82.226613,176.834280,83.257810,192.314978,84.064267,207.771507,81.810029,222.839728,73.736058,235.839753,59.403570,239.918878
Type07,L,245,59.175144,245.735016,43.477816,243.991170,32.243366,233.182010,26.547736,218.860917,22.868010,203.459218,20.097154,187.882845,18.039893,172.184850,15.406351,156.587008,11.683192,141.207957,7.437945,125.955136,3.676946,110.586170,1.105213,94.978466,0.390441,79.228080,2.199550,63.539061,6.323262,48.300607,12.466356,33.730513,20.281762,19.955618,29.677110,7.394457,43.785819,0.161204,59.568954,0.492662,72.162343,9.808283,79.300941,23.438786,82.731320,38.812026,84.188873,54.552254,85.265325,70.351661,84.769707,86.106158,82.824555,101.807866,82.248317,117.576729,82.761557,133.407970,83.062573,149.237381,83.091673,165.079168,83.478247,180.917516,84.548735,196.711257,85.268359,212.489953,82.903146,227.845218,74.642032,241.031918,59.913902,244.998029
Type07,L,250,59.669559,250.776789,43.647723,248.893139,32.283551,237.782813,26.696557,223.076065,23.139726,207.323508,20.437633,191.413425,18.291590,175.407627,15.585351,159.496724,11.862120,143.790372,7.638879,128.203174,3.826143,112.517407,1.129512,96.608676,0.428876,80.544136,2.363924,64.555792,6.605323,49.013917,12.682118,34.074221,20.423086,19.943279,30.236191,7.317012,44.698140,0.130143,60.804982,0.613602,73.227540,10.616235,80.516864,24.612290,84.063586,40.291685,85.453979,56.359304,86.374427,72.482000,85.706108,88.550565,83.620568,104.564261,82.862777,120.647896,83.131148,136.794842,83.289278,152.943172,83.489836,169.090057,84.294580,185.213966,85.645808,201.306451,86.429674,217.403488,83.876388,233.052956,75.480220,246.430205,60.282729,250.163526
Type07,L,255,60.391500,254.818131,44.241030,253.022155,33.167718,241.461113,27.102326,226.606642,23.803025,210.568226,21.314103,194.354781,18.963931,178.108957,16.065752,161.958236,12.321529,145.977749,8.160402,130.097753,4.253097,114.157270,1.330881,98.019190,0.463502,81.712277,2.573238,65.478839,7.073303,49.721881,13.344439,34.558052,21.258871,20.188625,31.105814,7.181869,45.962746,0.146703,62.324588,0.547043,75.004854,10.354802,81.560100,24.763598,85.144569,40.720022,86.892235,56.982622,87.476570,73.365438,86.826327,89.721276,85.390178,106.057699,84.949628,122.448493,85.346512,138.870597,85.748252,155.284129,86.030945,171.708152,86.449630,188.137671,87.208732,204.534809,87.510313,220.909862,85.021377,236.746158,76.330037,250.166148,61.052300,254.074976
Type07,L,260,61.061401,259.694370,44.648847,257.872513,33.764781,245.741718,27.413561,230.616343,24.379081,214.240467,22.091489,197.689458,19.553235,181.166017,16.474988,164.737322,12.711465,148.447585,8.610075,132.239343,4.619389,116.005365,1.488602,99.598801,0.506291,83.009508,2.802825,66.500173,7.545938,50.491640,13.941563,35.046231,21.956172,20.387385,31.947748,7.074394,47.201555,0.163109,63.865646,0.509594,76.726381,10.380864,82.778528,25.244401,86.438571,41.514802,88.446935,58.032699,88.717742,74.719157,88.029827,91.397029,87.057359,108.077612,86.798136,124.792215,87.209362,141.518812,87.753952,158.233545,88.155828,174.960640,88.406197,191.707454,88.794848,208.429931,88.764312,225.123986,86.316090,241.239318,77.358000,254.875884,61.798736,258.894636
Type07,L,265,61.660093,265.136803,44.885232,263.191115,34.048915,250.470404,27.624180,234.963800,24.828098,218.215507,22.704660,201.306767,20.011339,184.476106,16.784898,167.738896,13.007490,151.115020,8.955966,134.555794,4.896644,117.999139,1.587742,101.292496,0.553377,84.389361,3.030771,67.580373,7.978427,51.286196,14.410856,35.502904,22.440573,20.505691,32.711664,6.987895,48.355627,0.167204,65.353959,0.528018,78.257610,10.761455,84.100092,26.072493,87.872701,42.676259,90.007392,59.502010,90.016473,76.522432,89.227202,93.541781,88.463040,110.571463,88.214191,127.619136,88.507529,144.671367,89.065956,161.712962,89.621851,178.760202,89.974776,195.825296,90.281996,212.878972,90.108422,229.916391,87.642899,246.373053,78.471766,260.347062,62.457779,264.364537
Type07,L,270,62.179470,270.776342,44.996717,268.642759,34.051415,255.431846,27.750502,239.472637,25.132389,222.338642,23.113809,205.068465,20.310848,187.911898,16.984617,170.845603,13.202011,153.874713,9.183663,136.956580,5.070981,120.061143,1.622630,103.034218,0.599762,85.797568,3.233340,68.674052,8.328904,52.065928,14.705382,35.897156,22.664981,20.523096,33.353365,6.914884,49.371976,0.149043,66.719289,0.621622,79.494285,11.521604,85.442323,27.237829,89.353184,44.175887,91.458748,61.348701,91.278651,78.717399,90.322601,96.079952,89.477288,113.447838,89.060104,130.828916,89.105793,148.216964,89.539208,165.598404,90.277090,182.971584,91.018941,200.344525,91.560039,217.720902,91.438899,235.106874,88.857356,251.923977,79.537985,266.256374,62.958618,270.117923
Type07,L,275,62.621289,276.184143,45.053214,273.845474,33.855396,260.365998,27.828060,243.943550,25.298409,226.435064,23.309979,208.817271,20.448901,191.329404,17.081804,173.925358,13.304937,156.607679,9.297985,139.338515,5.144845,122.103899,1.597789,104.751117,0.639997,87.175629,3.388308,69.733183,8.564390,52.792274,14.801039,36.206928,22.617005,20.436536,33.839371,6.849170,50.207734,0.102951,67.901321,0.798121,80.376157,12.636750,86.721814,28.700904,90.775837,45.956846,92.696268,63.498004,92.408755,81.211918,91.225810,98.900968,90.018024,116.582409,89.275777,134.286726,88.967878,152.007449,89.148407,169.727518,90.085174,187.419221,91.475574,205.077978,92.545144,222.755878,92.643975,240.475874,89.807675,257.622209,80.399857,272.201826,63.232997,275.719293
Type07,L,280,62.994163,280.925690,45.133891,278.416476,33.579521,264.993026,27.903998,248.169709,25.353843,230.322501,23.314547,212.387982,20.446070,194.578186,17.100051,176.840947,13.340684,159.190144,9.320799,141.593399,5.135565,124.036251,1.526833,106.368704,0.668999,88.464890,3.478204,70.710772,8.665318,53.431168,14.699603,36.421201,22.320048,20.260733,34.150075,6.787386,50.833229,0.028678,68.854302,1.051749,80.892038,14.033783,87.863375,30.394402,92.038592,47.937222,93.638047,65.847180,93.321818,83.886088,91.864034,101.867570,90.061453,119.827151,88.885610,137.832791,88.159930,155.868230,87.989923,173.910989,89.128411,191.899548,91.361346,209.810979,93.189272,227.758998,93.618638,245.780235,90.357879,263.175029,80.902102,277.750268,63.225899,280.719196
