Type,side,size,x1,y1,x2,y2,x3,y3,x4,y4,x5,y5,x6,y6,x7,y7,x8,y8,x9,y9,x10,y10,x11,y11,x12,y12,x13,y13,x14,y14,x15,y15,x16,y16,x17,y17,x18,y18,x19,y19,x20,y20,x21,y21,x22,y22,x23,y23,x24,y24,x25,y25,x26,y26,x27,y27,x28,y28,x29,y29,x30,y30,x31,y31,x32,y32,x33,y33,x34,y34,x35,y35,x36,y36,x37,y37,x38,y38,x39,y39,x40,y40,x41,y41,x42,y42,x43,y43,x44,y44,x45,y45,x46,y46,x47,y47,x48,y48,x49,y49,x50,y50,x51,y51,x52,y52,x53,y53,x54,y54,x55,y55,x56,y56,x57,y57,x58,y58,x59,y59,x60,y60
Type00,R,230,30.526668,244.356071,20.617510,243.223394,11.772965,237.642786,5.742309,229.567234,2.875750,220.328259,1.885180,210.890608,1.343452,201.515950,0.842639,192.172285,0.622269,182.831173,0.714191,173.490535,1.009194,164.153211,1.404230,154.820538,2.128746,145.513105,3.162732,136.237070,4.297765,126.948660,4.818352,117.581607,4.233358,108.211204,3.059329,98.912726,1.712085,89.648096,0.655237,80.346892,0.118127,71.000824,0.198132,61.645083,0.964225,52.325049,2.315607,43.075216,4.157795,33.920165,7.024564,25.031049,11.272364,16.711988,16.983800,9.338321,24.261400,3.514261,32.960543,0.077136,42.295276,0.524439,51.195475,3.485888,58.656272,9.225479,64.540101,16.515773,69.546067,24.482250,73.572530,32.972586,76.908426,41.774604,79.409809,50.836984,81.193838,60.081053,82.362527,69.416726,82.769541,78.832679,82.466662,88.254066,81.445159,97.632337,79.725615,106.900074,77.543068,116.028103,75.417108,125.123507,73.399411,134.239443,71.445587,143.382023,69.456172,152.536622,67.377713,161.661072,65.607263,170.845444,63.856161,180.029558,62.258477,189.231371,60.791264,198.460265,59.301874,207.745258,57.185495,217.021075,54.484788,226.308445,49.851903,235.228184,41.681552,242.215482,31.603034,243.907648
Type00,R,235,31.528227,247.053776,21.799279,246.101643,12.971293,241.123277,6.431215,233.587559,3.201270,224.571221,2.262620,215.123639,1.809175,205.586055,1.194756,196.072553,0.810980,186.577782,0.780347,177.078277,0.981705,167.578254,1.280884,158.082996,1.920757,148.610465,2.885662,139.173117,4.050994,129.734047,4.748748,120.222377,4.330376,110.689950,3.215404,101.223818,1.834792,91.798565,0.730670,82.338200,0.143690,72.827240,0.173491,63.303593,0.917211,53.811052,2.264673,44.375103,4.038425,35.039844,6.812204,25.982131,10.988063,17.502264,16.649337,9.945677,23.926759,3.855255,32.697863,0.113347,42.182425,0.434571,51.261638,3.279938,58.861450,9.058822,64.894680,16.394086,70.019617,24.455965,74.149259,33.072316,77.533958,42.019813,80.101485,51.226176,81.897119,60.621659,83.084107,70.102294,83.485415,79.665566,83.167802,89.233687,82.117447,98.760845,80.353304,108.165412,78.137608,117.413947,75.998648,126.633081,73.954028,135.898854,71.948024,145.227501,69.880606,154.585674,67.736428,163.899306,65.958533,173.266677,64.212550,182.634287,62.657607,192.000616,61.256321,201.382435,59.678154,210.797377,57.485109,220.108689,54.869624,229.291753,50.384129,237.988047,42.418609,244.840671,32.414464,246.481352
Type00,R,240,32.457843,250.754395,22.786380,249.924066,13.842997,245.351999,6.793339,238.141517,3.314404,229.200164,2.583915,219.668005,2.345294,209.937481,1.645549,200.242042,1.076884,190.581947,0.909836,180.910278,1.004091,171.233426,1.193081,161.559485,1.732401,151.905007,2.605351,142.284360,3.781596,132.668759,4.652989,122.989866,4.402013,113.277823,3.343848,103.628936,1.933941,94.026661,0.790133,84.390799,0.162736,74.700785,0.164014,64.995220,0.904315,55.318393,2.274023,45.688932,4.007288,36.158666,6.723887,26.911670,10.873661,18.243836,16.536256,10.484595,23.852155,4.132432,32.727817,0.124023,42.388415,0.378618,51.664438,3.178793,59.393459,9.062553,65.564434,16.480950,70.788926,24.664688,75.006442,33.433196,78.427618,42.545229,81.054992,51.916528,82.859720,61.480796,84.067097,71.125241,84.461819,80.856710,84.126351,90.592588,83.038563,100.292387,81.221937,109.856571,78.973016,119.237557,76.824159,128.586862,74.755950,138.011122,72.695478,147.535690,70.541997,157.112361,68.329453,166.630304,66.535808,176.191518,64.779180,185.750584,63.260904,195.288774,61.939901,204.835763,60.296540,214.406934,58.098971,223.791867,55.662684,232.936234,51.306654,241.557332,43.357221,248.440497,33.251208,250.080951
Type00,R,245,33.244645,255.293789,23.519897,254.522706,14.355857,250.154677,6.826574,243.052805,3.221824,234.045291,2.842293,224.362145,2.934610,214.414519,2.182776,204.528822,1.415772,194.696451,1.103831,184.844400,1.081392,174.981871,1.150143,165.119011,1.576337,155.271710,2.337475,145.452258,3.505437,135.641010,4.541030,125.778179,4.451873,115.874461,3.444821,106.033054,2.010104,96.242344,0.833849,86.419348,0.174779,76.540891,0.170128,66.644175,0.925657,56.776143,2.342936,46.950764,4.067126,37.216689,6.767325,27.767328,10.940010,18.894159,16.657966,10.924361,24.053304,4.328840,33.065965,0.108183,42.921056,0.359975,52.397723,3.193338,60.238099,9.243721,66.524864,16.782543,71.823252,25.113644,76.106663,34.058111,79.550739,43.350233,82.226733,52.903613,84.037991,62.649803,85.266201,72.472123,85.652097,82.387874,85.294017,92.307329,84.158770,102.197866,82.281553,111.939251,80.000674,121.461378,77.846813,130.944758,75.761069,140.532841,73.646734,150.258926,71.402190,160.063553,69.122263,169.795997,67.303696,179.556870,65.518550,189.310201,64.026430,199.022795,62.793718,208.742585,61.109608,218.491864,58.974759,227.986325,56.792761,237.152344,52.529185,245.826447,44.402092,252.869985,34.026726,254.553270
Type00,R,250,33.832109,260.431343,23.971575,259.660653,14.525212,255.315766,6.571491,248.133891,2.956513,238.944662,3.041404,229.060441,3.558072,218.878467,2.788562,208.796846,1.818577,198.789155,1.358698,188.752901,1.214193,178.700492,1.157234,168.643890,1.461855,158.598449,2.096250,148.571339,3.239564,138.552733,4.426262,128.495382,4.488307,118.393050,3.523716,108.354071,2.067877,98.368119,0.864480,88.350708,0.180213,78.278536,0.190428,68.185502,0.977612,58.123215,2.464153,48.102822,4.209985,38.161597,6.934442,28.504842,11.176588,19.420578,17.001583,11.245395,24.517688,4.436122,33.698282,0.067276,43.758089,0.378294,53.425603,3.324288,61.353897,9.595008,67.726240,17.288946,73.069290,25.791376,77.391839,34.932849,80.845373,44.417493,83.554376,54.166361,85.369367,64.103856,86.616551,74.113485,86.989145,84.224668,86.601271,94.338022,85.406848,104.431122,83.460325,114.361251,81.149765,124.030398,78.997797,133.650399,76.903102,143.405523,74.738114,153.336025,72.400247,163.373773,70.057114,173.326997,68.204622,183.289707,66.372999,193.236669,64.893171,203.122767,63.749113,213.018950,62.044913,222.962408,60.024942,232.595075,58.142696,241.826986,53.917578,250.640001,45.435593,257.913686,34.653057,259.665479
Type00,R,255,34.184453,265.870799,24.146116,265.052021,14.410378,260.594659,6.105329,253.197859,2.573176,243.752491,3.193911,233.639567,4.195551,223.213685,3.440020,212.932241,2.271247,202.749259,1.665473,192.528606,1.397842,182.286012,1.214281,172.035600,1.393569,161.791602,1.892777,151.554425,3.000118,141.324282,4.323411,131.067865,4.522568,120.764567,3.589663,110.526966,2.114683,100.343107,0.886443,90.127974,0.180186,79.860280,0.221875,69.569148,1.053338,59.312495,2.624837,49.099784,4.418294,38.952933,7.202489,29.091824,11.552802,19.803227,17.529246,11.440913,25.205574,4.455161,34.581992,0.004960,44.848715,0.429770,54.685581,3.562286,62.675812,10.095753,69.098342,17.975255,74.456258,26.670643,78.788866,36.026856,82.239752,45.713672,84.962786,55.667778,86.778170,65.802708,88.039661,76.004771,88.391628,86.317618,87.963904,96.629639,86.696990,106.930552,84.671668,117.054382,82.334240,126.874006,80.192933,136.632734,78.099837,146.556963,75.889475,156.693387,73.458340,166.966194,71.058660,177.143477,69.164581,187.307862,67.270700,197.446000,65.787639,207.502579,64.724659,217.575310,63.013211,227.722045,61.136868,237.509812,59.562978,246.826913,55.309822,255.806150,46.332108,263.303496,35.051878,265.125015
Type00,R,260,34.290297,271.288060,24.078743,270.388007,14.104354,265.744309,5.530430,258.068592,2.140414,248.343335,3.318626,237.999816,4.826529,227.328617,4.110315,216.844832,2.755058,206.489014,2.009879,196.086740,1.622251,185.656916,1.315568,175.216681,1.370717,164.777917,1.733749,154.334231,2.800239,143.895594,4.246049,133.441300,4.566344,122.938800,3.653361,112.504954,2.159081,102.124283,0.904940,91.711830,0.176373,81.249819,0.260241,70.761759,1.143743,60.312938,2.808305,49.911371,4.667432,39.564813,7.537470,29.510132,12.022395,20.036355,18.183077,11.516937,26.054702,4.395501,35.650104,-0.073361,46.118666,0.507861,56.094896,3.889136,64.121716,10.714316,70.557585,18.804053,75.902968,27.710645,80.216982,37.295233,83.655292,47.191186,86.371432,57.356554,88.182981,67.692124,89.451094,78.087760,89.772096,88.603647,89.291654,99.113647,87.937845,109.621022,85.823610,119.936689,83.462111,129.908000,81.341548,139.807537,79.261635,149.902250,77.012568,160.245427,74.490142,170.752684,72.042197,181.154833,70.101310,191.519270,68.133689,201.845462,66.632245,212.068372,65.635647,222.314855,63.919338,232.666165,62.186960,242.610835,60.890690,252.002261,56.536821,261.108972,46.974410,268.742557,35.164899,270.607071
Type00,R,265,34.163055,276.362448,23.828492,275.365804,13.718566,270.530278,4.958990,262.588710,1.730899,252.612565,3.436702,242.062240,5.430763,231.152608,4.770193,220.465583,3.247513,209.941494,2.373081,199.362982,1.872452,188.751754,1.450139,178.129189,1.387249,167.503084,1.620792,156.861808,2.648391,146.224314,4.204243,135.578682,4.629229,124.882580,3.724671,114.257991,2.208951,103.685180,0.924922,93.079457,0.170683,82.427224,0.300717,71.746266,1.238718,61.109593,2.996274,50.523090,4.929340,39.986891,7.899287,29.756564,12.530211,20.127943,18.893008,11.490668,26.987954,4.273698,36.819022,-0.161162,47.478158,0.604274,57.559214,4.279940,65.600748,11.411390,72.015515,19.728869,77.325869,28.860244,81.595743,38.681743,85.014159,48.790846,87.702224,59.169488,89.504581,69.705974,90.768785,80.292533,91.045887,91.008022,90.497725,101.710032,89.042467,112.416123,86.829134,122.915019,84.445785,133.036862,82.356390,143.079062,80.301092,153.344798,78.020672,163.894838,75.410590,174.633502,72.923408,185.258851,70.933750,195.820507,68.886810,206.331410,67.354256,216.715846,66.404060,227.130582,64.674105,237.679605,63.056855,247.766451,61.970899,257.190621,57.444806,266.322820,47.269490,273.932288,34.961938,275.786122
Type00,R,270,33.838073,280.807399,23.468438,279.716734,13.365278,274.748252,4.496656,266.625181,1.411146,256.474276,3.567586,245.763267,5.988978,234.630184,5.389923,223.741474,3.723853,213.055856,2.733169,202.309054,2.129960,191.525046,1.603058,180.730820,1.432764,169.928088,1.550605,159.102875,2.547449,148.281924,4.202860,137.456447,4.716674,126.576139,3.810516,115.769454,2.269912,105.012790,0.950178,94.221659,0.164966,83.386402,0.338586,72.519705,1.328444,61.701893,3.171216,50.935266,5.176515,40.223607,8.247627,29.841845,13.020087,20.097697,19.586152,11.387526,27.922795,4.110857,37.998093,-0.251499,48.831561,0.710050,58.982429,4.705817,67.022390,12.143768,73.387475,20.698172,78.646959,30.061845,82.852526,40.122559,86.246371,50.445233,88.886698,61.034631,90.673363,71.769021,91.920908,82.540073,92.139591,93.446893,91.507845,104.329894,89.937735,115.220952,87.615970,125.888123,85.211976,136.156592,83.163245,146.342277,81.142570,156.777990,78.838190,167.533485,76.145650,178.497610,73.628227,189.341471,71.591476,200.095895,69.466334,210.787592,67.894078,221.327972,66.967572,231.902750,65.205378,242.634639,63.648917,252.833178,62.677114,262.222171,57.915830,271.227471,47.161334,278.599216,34.445381,280.367379
Type00,R,275,33.367045,284.396670,23.074542,283.230091,13.140660,278.238270,4.227648,270.072886,1.232493,259.858188,3.725459,249.048848,6.483637,237.714830,5.941519,226.629681,4.159094,215.791843,3.067291,204.887514,2.374791,193.942354,1.757353,182.990212,1.494170,172.024737,1.515903,161.033392,2.494743,150.049214,4.240858,139.059951,4.828844,128.008773,3.913485,117.032051,2.344285,106.103651,0.982719,95.139084,0.160748,84.131571,0.369846,73.089945,1.404565,62.100725,3.318468,51.160705,5.385672,40.291961,8.547517,29.788143,13.442468,19.973757,20.196157,11.237321,28.781049,3.929783,39.099682,-0.337704,50.087441,0.816549,60.276225,5.136806,68.305040,12.868116,74.600289,21.659467,79.800529,31.255556,83.928581,41.550492,87.295530,52.082637,89.871656,62.875100,91.635275,73.800443,92.852240,84.745617,92.997926,95.830635,92.267614,106.878838,90.571916,117.935689,88.134425,128.750548,85.709752,139.158434,83.708912,149.486176,81.730277,160.088068,79.408876,171.044722,76.640695,182.224555,74.101410,193.278273,72.022750,204.218439,69.827073,215.085427,68.211730,225.774753,67.286312,236.498435,65.466673,247.391100,63.898717,257.658053,62.927600,266.926337,57.883157,275.622853,46.638607,282.518387,33.650285,284.114094
Type00,R,280,32.810686,286.982864,22.714988,285.769819,13.111320,280.894344,4.203776,272.856574,1.224682,262.707039,3.916758,251.870058,6.899788,240.364196,6.401014,229.092881,4.530382,218.115255,3.354128,207.067386,2.587866,195.976042,1.896352,184.882856,1.557772,173.771733,1.506971,162.635673,2.483031,151.512352,4.311717,140.379518,4.960587,129.174921,4.031396,118.044015,2.430765,106.960091,1.022535,95.838468,0.159053,84.673569,0.391682,73.472054,1.461071,62.324938,3.427763,51.221505,5.540465,40.218248,8.773593,29.625535,13.760460,19.788613,20.671068,11.070154,29.497535,3.752166,40.048342,-0.413971,51.167583,0.916234,61.368158,5.544621,69.383024,13.544359,75.598057,22.563131,80.737980,32.383327,84.782980,42.899397,88.122597,53.631386,90.622634,64.613444,92.355608,75.718088,93.528286,86.822837,93.588159,98.068095,92.747146,109.261325,90.919330,120.460132,88.362165,131.397477,85.915603,141.933729,83.966453,152.398493,82.033823,163.158715,79.701577,174.307745,76.866308,185.688637,74.312556,196.938519,72.200065,208.053602,69.947018,219.087379,68.290666,229.916282,67.346499,240.774506,65.442033,251.799883,63.782542,262.083931,62.695048,271.140109,57.339199,279.342122,45.736088,285.530704,32.640126,286.867302
Type01,R,230,33.512514,233.340624,24.329686,232.812193,15.537423,229.689342,8.384577,223.702821,3.877055,215.667993,1.531344,206.843632,0.404896,197.810465,0.295865,188.728448,0.787369,179.644660,1.482960,170.568520,2.306802,161.498784,2.661606,152.399437,2.652525,143.289106,2.323928,134.169531,1.899708,125.031145,1.379660,115.913692,0.936650,106.792611,0.570840,97.696265,0.148017,88.609881,0.050733,79.505863,0.177545,70.404718,0.632873,61.311139,1.392736,52.245742,2.759077,43.250434,4.604613,34.372059,7.433742,25.763965,11.339359,17.592291,16.622603,10.244647,23.198047,3.953596,31.357576,0.126776,40.431026,0.276183,49.126189,2.930618,56.587656,8.125146,62.603910,14.944537,67.651454,22.540040,71.385251,30.850497,74.429141,39.453508,76.593638,48.303770,78.095487,57.304007,78.900700,66.376210,79.221416,75.486665,79.097581,84.594328,78.450875,93.680117,77.601956,102.742459,76.517988,111.778988,75.303455,120.801438,73.976090,129.819177,72.409614,138.796658,70.823794,147.768287,69.177956,156.736966,67.515974,165.703149,65.781613,174.644286,64.201895,183.594154,62.678999,192.554122,61.187993,201.535301,59.250623,210.476086,55.911328,219.038425,50.717966,226.702566,42.793868,231.830069,33.688616,233.283169
Type01,R,235,33.793496,235.817627,24.651042,235.367352,16.014875,232.327694,8.940044,226.530936,4.324280,218.700166,1.841721,209.870033,0.568555,200.736773,0.375455,191.524042,0.868794,182.300145,1.518094,173.080285,2.300792,163.866099,2.588872,154.627832,2.458227,145.390154,1.990295,136.141311,1.525915,126.860588,1.021271,117.596925,0.620936,108.326748,0.359453,99.088952,0.012208,89.865464,-0.035251,80.625077,0.150352,71.390147,0.621741,62.160821,1.367561,52.953780,2.709104,43.809992,4.559647,34.787296,7.462553,26.053272,11.448803,17.761112,16.838832,10.305566,23.589174,3.920201,31.907472,0.056040,41.112878,0.407655,49.855265,3.223242,57.333458,8.530511,63.316985,15.476383,68.377489,23.167366,72.059436,31.622547,75.076939,40.347291,77.227567,49.315174,78.699557,58.435385,79.468298,67.621091,79.745774,76.841373,79.534016,86.057398,78.810821,95.243418,77.874715,104.405443,76.720386,113.546274,75.475984,122.682837,74.128441,131.829821,72.545138,140.942113,70.948532,150.057295,69.277626,159.172306,67.571626,168.283893,65.786048,177.358830,64.250377,186.437418,62.762582,195.523556,61.248554,204.602846,59.175302,213.604586,55.622295,222.124199,50.237930,229.555404,42.516514,234.266227,33.764558,235.705220
Type01,R,240,34.075499,239.481513,24.886973,239.064702,16.274515,235.976115,9.207855,230.176153,4.569524,222.346226,2.076268,213.413880,0.742931,204.138940,0.503997,194.773074,1.030570,185.389812,1.651690,176.006842,2.415285,166.625331,2.653024,157.221922,2.394271,147.832596,1.761348,138.434197,1.219615,128.993351,0.699346,119.564561,0.306469,110.125818,0.129444,100.725446,-0.145357,91.342580,-0.152105,81.943628,0.110987,72.552906,0.625378,63.166620,1.380695,53.798480,2.707087,44.487129,4.564721,35.300374,7.544207,26.422253,11.622808,17.999190,17.134952,10.432762,24.070146,3.953156,32.533791,0.005988,41.893488,0.484156,50.732755,3.433261,58.279146,8.865051,64.273433,15.958096,69.379304,23.775430,73.022352,32.417392,76.024843,41.300457,78.172963,50.422729,79.627252,59.698239,80.378475,69.031324,80.622383,78.393387,80.327726,87.750358,79.528877,97.065726,78.509025,106.353506,77.293195,115.624449,76.017946,124.898669,74.640553,134.201482,73.031159,143.473024,71.412220,152.754385,69.699220,162.039497,67.931890,171.319954,66.093951,180.551834,64.617147,189.778715,63.185265,199.011456,61.682329,208.219444,59.497797,217.342998,55.758452,225.925213,50.162648,233.313065,42.510179,237.845343,33.995206,239.339115
Type01,R,245,34.355908,244.130396,25.049212,243.703061,16.347311,240.456161,9.226700,234.493305,4.637830,226.491593,2.242044,217.375785,0.928437,207.924187,0.673965,198.387279,1.258503,188.829273,1.871517,179.268186,2.647050,169.701752,2.866039,160.112031,2.492302,150.550676,1.687914,140.985824,1.035756,131.371034,0.464404,121.762931,0.035486,112.141257,-0.090527,102.562163,-0.307778,93.002686,-0.289915,83.427698,0.062570,73.863608,0.645846,64.303551,1.436788,54.759714,2.762902,45.267542,4.630375,35.902516,7.680154,26.864459,11.853906,18.300925,17.497773,10.621818,24.620822,4.047441,33.215482,-0.022130,42.748426,0.496378,51.731966,3.551391,59.390784,9.123390,65.437319,16.380157,70.614640,24.352863,74.233556,33.216746,77.231759,42.289661,79.386357,51.598382,80.834400,61.059439,81.587669,70.568845,81.809654,80.100137,81.443695,89.626343,80.574724,99.096585,79.482651,108.533243,78.221069,117.957177,76.916234,127.389057,75.498151,136.869729,73.852240,146.320253,72.197529,155.785394,70.423119,165.259023,68.577217,174.726798,66.687661,184.134523,65.278944,193.524564,63.920399,202.920103,62.462230,212.283494,60.189270,221.583441,56.285263,230.322164,50.448978,237.829156,42.743571,242.391206,34.358890,243.988670
Type01,R,250,34.634358,249.475319,25.159079,249.002908,16.285415,245.524194,9.064589,239.287553,4.574702,230.991682,2.355468,221.634523,1.126514,211.980830,0.875326,202.260496,1.532709,192.516870,2.155521,182.767474,2.978053,173.004479,3.220321,163.213560,2.761799,153.465099,1.798259,143.721487,1.010164,133.923761,0.351871,124.127557,-0.159402,114.314262,-0.275754,104.545889,-0.459606,94.798356,-0.436667,85.035368,0.009156,75.285659,0.682406,65.540184,1.533838,55.811282,2.879828,46.131308,4.762713,36.580305,7.868114,27.369578,12.127648,18.655396,17.904880,10.860668,25.212302,4.188031,33.927497,-0.031756,43.648078,0.446742,52.813628,3.586567,60.614689,9.316917,66.745754,16.748765,72.009558,24.900923,75.618303,34.011075,78.620589,43.296771,80.786835,52.815784,82.237228,62.484452,83.009254,72.191216,83.220993,81.911930,82.799643,91.628479,81.869736,101.273026,80.723593,110.876709,79.437205,120.471680,78.107565,130.076382,76.639314,139.750953,74.947511,149.394442,73.244001,159.055270,71.389168,168.729660,69.449494,178.397329,67.509619,187.994378,66.171515,197.557110,64.898447,207.126636,63.514201,216.665804,61.171511,226.184265,57.116878,235.150492,51.006920,242.891991,43.156497,247.637577,34.820515,249.364948
Type01,R,255,34.911801,255.170486,25.243566,254.635187,16.153765,250.895120,8.807842,244.331444,4.438476,235.681518,2.439163,226.053489,1.338495,216.183812,1.096509,206.273853,1.830014,196.338721,2.474377,186.395867,3.376717,176.430935,3.687632,166.431050,3.185958,156.486857,2.090933,146.557871,1.151705,136.573768,0.374938,126.586487,-0.261181,116.578793,-0.409665,106.616450,-0.589137,96.675573,-0.579871,86.718593,-0.044994,76.776950,0.730888,66.840045,1.661986,56.921953,3.051836,47.053301,4.960066,37.315389,8.100165,27.923004,12.422626,19.046388,18.325622,11.129961,25.809040,4.351365,34.642228,-0.030788,44.559276,0.349380,53.928566,3.564274,61.882253,9.470939,68.114827,17.083484,73.465786,25.431475,77.074915,34.798631,80.085837,44.308667,82.264060,54.050783,83.720638,63.938509,84.521821,73.853448,84.732755,83.774328,84.273016,93.692745,83.293438,103.522816,82.115272,113.304867,80.827343,123.082328,79.481817,132.869058,77.957778,142.746449,76.214044,152.590411,74.451767,162.452810,72.501062,172.333651,70.456783,182.207446,68.467487,192.001044,67.195932,201.740418,66.013983,211.489645,64.724366,221.216575,62.324623,230.978099,58.125951,240.211250,51.712261,248.242971,43.668298,253.255077,35.335800,255.116745
Type01,R,260,35.189564,260.846535,25.331488,260.251361,16.021906,256.266856,8.549678,249.383386,4.292646,240.386374,2.518531,230.488174,1.564411,220.401178,1.325057,210.301837,2.126204,200.174581,2.794937,190.038231,3.801562,179.872208,4.222099,169.663095,3.723057,159.521749,2.534118,149.407279,1.440622,139.239384,0.522756,129.063960,-0.270370,118.864941,-0.485734,108.709780,-0.689501,98.576429,-0.708134,88.425600,-0.096104,78.291922,0.783899,68.163398,1.804160,58.056989,3.262677,48.004166,5.210593,38.084629,8.361309,28.505736,12.711798,19.453248,18.723976,11.404960,26.372496,4.508866,35.331338,-0.030155,45.447462,0.227274,55.022440,3.520788,63.117991,9.618378,69.450232,17.411485,74.873623,25.962118,78.488319,35.582208,81.507695,45.315349,83.692977,55.280816,85.153605,65.387157,85.985380,75.509670,86.200626,85.630786,85.717126,95.751586,84.699393,105.768837,83.511643,115.732502,82.244156,125.696004,80.895279,135.667195,79.315365,145.748504,77.518656,155.793576,75.692978,165.857375,73.637669,175.943816,71.484514,186.023532,69.446067,196.014266,68.231607,205.928788,67.139533,215.857776,65.953646,225.774703,63.502062,235.783015,59.159939,245.286172,52.423433,253.600007,44.188305,258.883893,35.856199,260.865418
Type01,R,265,35.468531,266.143328,25.450085,265.511911,15.956815,261.343346,8.379812,254.205670,4.199055,244.932512,2.618514,234.794116,1.802034,224.501007,1.548021,214.218810,2.397949,203.904134,3.084107,193.579290,4.206795,183.218946,4.766949,172.807761,4.313249,162.475286,3.071780,152.182077,1.833435,141.839081,0.764279,131.484162,-0.202664,121.102404,-0.506857,110.761150,-0.758452,100.442070,-0.812415,90.103539,-0.141369,79.783878,0.832003,69.469281,1.938737,59.180054,3.487418,48.951891,5.491951,38.860960,8.629480,29.094965,12.965414,19.852731,19.063167,11.658969,26.865864,4.632028,35.967850,-0.041423,46.279170,0.107198,56.041727,3.494728,64.249289,9.791542,70.660588,17.759741,76.128017,26.509590,79.747275,36.364470,82.770073,46.306950,84.952623,56.483547,86.409055,66.796349,87.262813,77.114601,87.481789,87.425382,86.983937,97.737939,85.938108,107.934201,84.760011,118.074127,83.530035,128.218723,82.192188,138.369651,80.562115,148.647961,78.716883,158.887878,76.829752,169.147036,74.670025,179.432020,72.411728,189.711250,70.324321,199.893174,69.154063,209.976303,68.144160,220.079578,67.057722,230.178571,64.551092,240.415760,60.061783,250.155409,53.000246,258.683194,44.626907,264.168347,36.333894,266.240025
Type01,R,270,35.748484,270.740256,25.622101,270.112318,16.016652,265.855624,8.375445,258.581064,4.212052,249.157437,2.760682,238.834738,2.046435,228.358292,1.752348,217.905505,2.624449,207.413234,3.312708,196.909760,4.548907,186.367310,5.263660,175.768083,4.889264,165.257612,3.634992,154.799041,2.272880,144.295392,1.056437,133.774830,-0.083297,123.223879,-0.482712,112.708378,-0.797213,102.215671,-0.886803,91.701200,-0.179128,81.207375,0.865628,70.717649,2.043696,60.255353,3.696388,49.863889,5.773644,39.615074,8.877589,29.665565,13.155291,20.221707,19.311342,11.867704,27.258996,4.697957,36.528206,-0.073999,47.024492,0.013839,56.939793,3.518118,65.215823,10.014066,71.670596,18.147189,77.144357,27.083204,80.761547,37.143178,83.778678,47.270641,85.945052,57.635406,87.384033,68.132426,88.242077,78.624923,88.458276,89.105488,87.948769,99.589292,86.882179,109.947488,85.726865,120.250164,84.543681,130.562683,83.230380,140.881612,81.560434,151.342391,79.675783,161.764312,77.735554,172.207273,75.481090,182.678082,73.129610,193.144701,70.994402,203.505873,69.854199,213.746594,68.913412,224.013505,67.908853,234.277131,65.335353,244.705552,60.691987,254.615896,53.322094,263.239881,44.906108,268.789999,36.726463,270.910025
Type01,R,275,36.027553,274.382781,25.863202,273.806324,16.245055,269.581065,8.593536,262.327541,4.373303,252.919244,2.960682,242.488582,2.290152,231.861259,1.925531,221.255053,2.788924,210.599694,3.458860,199.932011,4.793050,189.224502,5.661518,178.457201,5.388397,167.788083,4.155430,157.183354,2.700077,146.538455,1.354117,135.870552,0.059952,125.168189,-0.426159,114.494819,-0.808939,103.845252,-0.928792,93.171608,-0.208736,82.520521,0.877210,71.871468,2.101213,61.249767,3.860671,50.709327,6.021803,40.317773,9.077506,30.192400,13.259647,20.540237,19.447040,12.013631,27.532502,4.694014,36.994026,-0.132700,47.659205,-0.035340,57.681794,3.609364,65.976644,10.295132,72.431085,18.578973,77.870392,27.680144,81.475090,37.907782,84.475018,48.188485,86.610083,58.710729,88.015576,69.362397,88.854056,80.000661,89.056154,90.624218,88.531192,101.251334,87.447859,111.747446,86.320720,122.192536,85.184387,132.652726,83.905344,143.121625,82.208009,153.743708,80.295742,164.328914,78.315622,174.939100,75.984313,185.578052,73.558594,196.214867,71.378808,206.738211,70.255192,217.121682,69.366688,227.536962,68.415279,237.939974,65.755419,248.506725,60.948580,258.498056,53.303466,267.066505,44.968617,272.496467,37.000935,274.613629
Type01,R,280,36.301802,276.903691,26.179737,276.425718,16.665892,272.360414,9.064341,265.310618,4.707110,256.104665,3.226071,245.655433,2.523928,234.916696,2.056658,224.178100,2.880023,213.378211,3.510436,202.564860,4.917940,191.713434,5.925455,180.802712,5.762942,169.999163,4.577610,159.272014,3.065655,148.509071,1.619209,137.715617,0.203031,126.883024,-0.349872,116.071979,-0.797387,105.286176,-0.939099,94.474306,-0.230266,83.687021,0.862947,72.898573,2.101404,62.134752,3.957722,51.461372,6.205321,40.942648,9.205111,30.653061,13.267260,20.794322,19.463043,12.089114,27.680038,4.620309,37.353304,-0.216394,48.166264,-0.033179,58.247495,3.769880,66.513542,10.627390,72.923808,19.044266,78.291635,28.283929,81.872264,38.638437,84.843141,49.037061,86.932480,59.682041,88.288599,70.454830,89.081881,81.206664,89.255970,91.942536,88.707064,102.680802,87.607850,113.286524,86.506493,123.848868,85.408186,134.431257,84.166976,145.027044,82.454161,155.784128,80.526316,166.509072,78.521851,177.265524,76.136949,188.050764,73.660407,198.836290,71.441999,209.500646,70.323502,220.008861,69.468492,230.553374,68.534282,241.065194,65.763295,251.708530,60.781476,261.678622,52.904774,270.024769,44.784579,275.123312,37.136940,277.179861
Type02,R,230,26.017040,234.292825,16.401317,233.251813,7.399836,228.364216,0.978772,220.514233,-0.871742,211.081486,-0.326478,201.728635,1.433010,192.672406,3.438368,183.705219,5.944066,174.882041,8.774633,166.139483,11.492071,157.342289,13.809429,148.423974,15.729836,139.396266,16.806443,130.221002,16.810207,120.979106,15.436825,111.832297,12.899523,102.948805,9.118839,94.555444,4.345667,86.679704,0.651019,78.458018,0.134013,69.289538,0.940394,60.134985,2.807072,51.144439,5.536876,42.369664,8.363097,33.618831,10.586480,24.698740,13.968973,16.160392,19.581416,8.873677,26.730485,3.133696,35.380809,0.303387,44.533404,0.302957,53.341896,2.879159,61.218320,7.684974,67.951937,13.985324,73.501715,21.369748,77.741013,29.584298,81.131136,38.188603,83.910905,47.003687,85.973778,56.027917,87.214630,65.206148,87.511820,74.488494,86.797078,83.744684,85.014048,92.858227,82.668854,101.808164,79.992649,110.646962,77.104753,119.411885,73.965575,128.071254,70.818271,136.696371,67.817194,145.360287,65.065034,154.095984,62.794466,162.965641,60.864723,171.931260,59.006811,180.931818,57.152721,189.957845,54.980597,198.944114,52.612094,207.941256,49.992178,217.077184,45.260773,225.888942,36.849392,232.158061,27.184012,234.215144
Type02,R,235,27.031648,236.985649,17.688113,236.084664,8.793996,231.770992,1.533638,224.555239,-1.141198,215.328376,-0.830547,205.948461,0.826025,196.723853,2.670394,187.545309,5.011484,178.515631,7.831363,169.601636,10.657665,160.664253,13.138589,151.619099,15.320372,142.473478,16.709658,133.168504,17.025077,123.767135,15.922969,114.428867,13.626666,105.320482,10.058451,96.672667,5.203451,88.655503,1.017927,80.416685,0.080795,71.115358,0.747235,61.782392,2.553437,52.609391,5.312146,43.650990,8.219171,34.735618,10.452342,25.663966,13.723058,16.963442,19.248099,9.481662,26.386262,3.465014,35.117893,0.337843,44.416878,0.217908,53.392991,2.668963,61.401272,7.494184,68.290865,13.825130,73.972985,21.316414,78.319858,29.670896,81.762483,38.418426,84.615782,47.368426,86.688547,56.553241,87.935430,65.892536,88.203691,75.341426,87.432711,84.768024,85.595142,94.036290,83.211486,103.112244,80.482781,112.073080,77.517782,120.975985,74.292351,129.790108,71.078627,138.591218,68.034574,147.441514,65.264589,156.353980,63.043404,165.399525,61.148872,174.544857,59.300299,183.714243,57.437624,192.903041,55.184665,202.012562,52.862256,211.033270,50.363225,220.062238,45.671834,228.669435,37.549619,234.793314,28.117726,236.747050
Type02,R,240,27.979168,240.681725,18.815086,239.868210,9.904577,235.943350,1.744161,229.118719,-1.674799,219.927853,-1.453790,210.461338,0.213982,201.065251,1.920729,191.671549,4.076114,182.418082,6.880340,173.316007,9.817459,164.221616,12.466753,155.031184,14.917646,145.748733,16.620365,136.291073,17.242196,126.706177,16.410133,117.154822,14.357155,107.804151,11.004372,98.887689,6.065933,90.712289,1.378037,82.438324,0.019033,72.987981,0.565795,63.464287,2.330613,54.100227,5.145287,44.954214,8.163476,35.853487,10.440080,26.597610,13.644501,17.709663,19.136034,10.020792,26.303789,3.739953,35.147775,0.348719,44.620337,0.153354,53.787422,2.538953,61.929645,7.431980,68.966119,13.837311,74.752976,21.480782,79.185020,30.012205,82.668738,38.921807,85.592872,48.024974,87.669440,57.391433,88.917256,66.916601,89.145784,76.559887,88.300421,86.186653,86.392467,95.635774,83.966373,104.857148,81.180654,113.953620,78.124761,123.008300,74.803386,131.990926,71.522310,140.976500,68.439955,150.021678,65.663025,159.120074,63.496927,168.346091,61.629021,177.675645,59.778066,187.022972,57.908052,196.391802,55.599111,205.651180,53.417093,214.725800,51.139436,223.710345,46.437435,232.275638,38.437734,238.405929,29.125839,240.302463
Type02,R,245,28.787937,245.217256,19.717187,244.436772,10.689507,240.709127,1.614097,234.028397,-2.442257,224.712708,-2.169497,215.107785,-0.379302,205.541765,1.220702,195.934771,3.177663,186.447571,5.962574,177.146498,9.008623,167.882573,11.825161,158.532673,14.542438,149.098101,16.546952,139.469429,17.458824,129.683359,16.885828,119.904539,15.068827,110.301856,11.924149,101.111198,6.902557,92.765363,1.719038,84.438484,-0.048283,74.826895,0.404203,65.105317,2.148605,55.546728,5.044423,46.213894,8.200069,36.912568,10.553111,27.446882,13.742089,18.356036,19.258573,10.460328,26.499259,3.942013,35.486021,0.335138,45.151725,0.112358,54.519838,2.500428,62.790222,7.507119,69.954034,14.030720,75.811293,21.869828,80.299158,30.611959,83.811229,39.699075,86.798452,48.970433,88.872630,58.534775,90.114828,68.264845,90.291984,78.124319,89.353551,87.974024,87.358739,97.623745,84.885931,107.005346,82.040569,116.247527,78.883525,125.463860,75.460798,134.624771,72.114595,143.799637,69.000688,153.044102,66.230009,162.333902,64.122333,171.740810,62.269571,181.254365,60.400982,190.783413,58.520573,200.343648,56.181201,209.775365,54.225641,218.933737,52.250020,227.931632,47.472161,236.594118,39.420482,242.849613,30.114577,244.732527
Type02,R,250,29.400267,250.351906,20.357468,249.554637,11.151852,245.852254,1.190229,239.098194,-3.388322,229.527184,-2.944055,219.746071,-0.936212,210.014503,0.591740,200.199441,2.346721,190.475226,5.110424,180.969478,8.260756,171.527634,11.238717,162.008433,14.211329,152.410300,16.497151,142.597427,17.675638,132.599146,17.343853,122.585318,15.747579,112.727535,12.794672,103.264227,7.690873,94.740410,2.032832,86.344428,-0.117783,76.563158,0.267667,66.640718,2.012333,56.887896,5.010108,47.371804,8.322148,37.860385,10.779782,28.168322,14.003743,18.870452,19.602795,10.780713,26.960397,4.062486,36.118598,0.298456,45.988789,0.095508,55.554498,2.556698,63.940943,7.717475,71.204089,14.401006,77.094064,22.475162,81.603878,31.457268,85.131602,40.734322,88.169487,50.185929,90.235034,59.959798,91.463310,69.907742,91.576193,79.998437,90.525326,90.085794,88.426606,99.948566,85.901944,109.500001,82.995983,118.894687,79.731833,128.279109,76.206759,137.624785,72.800220,146.991747,69.662687,156.437541,66.912848,165.922166,64.865175,175.508293,63.015000,185.202981,61.111117,194.913391,59.211809,204.670571,56.863652,214.291428,55.201931,223.558704,53.578340,232.612462,48.648788,241.463768,40.383259,247.907290,30.984934,249.808888
Type02,R,255,29.778940,255.789593,20.730117,254.935942,11.337161,251.129143,0.555968,244.143864,-4.438492,234.234552,-3.739624,224.258134,-1.446163,214.366565,0.044173,204.349870,1.602775,194.391076,4.345360,184.679564,7.593690,175.055339,10.723936,165.361334,13.935027,155.592210,16.476706,145.587375,17.895456,135.372320,17.783159,125.122098,16.386651,115.011579,13.602209,105.282569,8.416826,96.577735,2.315432,88.099219,-0.186016,78.143429,0.158255,68.020390,1.921590,58.076125,5.035694,48.381308,8.513032,38.656105,11.094777,28.731504,14.397947,19.234540,20.130825,10.975237,27.647460,4.101121,37.002704,0.242045,47.080614,0.101138,56.828388,2.702951,65.314708,8.050604,72.643737,14.931189,78.529064,23.273639,83.025405,32.519247,86.557294,41.995978,89.629596,51.637119,91.680122,61.627894,92.884269,71.800645,92.918517,82.130470,91.735313,92.461549,89.515391,102.542051,86.932524,112.267347,83.966321,121.818304,80.593782,131.374221,76.969495,140.908378,73.509198,150.469515,70.356198,160.117772,67.642030,169.799911,65.654975,179.563328,63.795836,189.435549,61.838314,199.324061,59.905981,209.278199,57.562789,219.097981,56.235058,228.490607,54.975504,237.618898,49.813846,246.685843,41.204218,253.309125,31.644670,255.243071
Type02,R,260,29.911008,261.206277,20.858980,260.270798,11.324245,256.287862,-0.180546,248.992792,-5.507339,238.720162,-4.517228,228.550297,-1.905198,218.504208,-0.422168,208.291974,0.954012,198.105769,3.677470,188.191381,7.016844,178.384093,10.288224,168.514062,13.717546,158.570683,16.488175,148.371703,18.121357,137.941477,18.205613,127.458915,16.984513,117.102455,14.340753,107.118610,9.073590,98.234002,2.566214,89.663204,-0.249745,79.531512,0.075152,69.210721,1.871698,59.079404,5.108709,49.210164,8.748675,39.273308,11.462737,29.121119,14.878222,19.444784,20.784798,11.050028,28.497944,4.065686,38.071315,0.170862,48.352724,0.125826,58.257651,2.927023,66.826102,8.485284,74.185767,15.593339,80.032904,24.229169,84.481973,33.754846,88.008579,43.438396,91.096500,53.275545,93.125326,63.486596,94.293332,73.885238,94.233337,84.454878,92.897921,95.027003,90.539959,105.322090,87.891323,115.219528,84.866092,124.927584,81.388447,134.655562,77.671582,144.379371,74.165049,154.136691,71.004141,163.988468,68.339469,173.870771,66.413423,183.810464,64.536709,193.857214,62.508608,203.918681,60.524477,214.064706,58.189480,224.085229,57.203380,233.607782,56.279289,242.800326,50.807844,252.037237,41.770299,258.756646,32.020011,260.713430
Type02,R,265,29.808334,266.281222,20.791919,265.254430,11.211030,261.088019,-0.901946,253.491414,-6.508309,242.890544,-5.239881,232.549673,-2.314522,222.353943,-0.815770,211.951258,0.398827,201.548718,3.106722,191.437906,6.530166,181.450649,9.930537,171.407654,13.556388,161.291131,16.530186,150.901453,18.354721,140.263445,18.613294,129.557473,17.541966,118.965646,15.009260,108.740745,9.659420,99.681652,2.786725,91.013086,-0.306201,80.707576,0.015308,70.194241,1.854729,59.881521,5.212978,49.841560,9.001252,39.701034,11.843435,29.337242,15.389859,19.511811,21.494679,11.022420,29.434288,3.970528,39.240794,0.090873,49.715066,0.165061,59.746398,3.210903,68.380095,8.993765,75.737122,16.351062,81.519245,25.295480,85.891884,35.109667,89.406200,45.004311,92.489944,55.040779,94.490021,65.471496,95.608515,76.091509,95.438154,86.894546,93.931766,97.696645,91.420459,108.195676,88.697675,118.257838,85.615029,128.120778,82.039569,138.018421,78.239377,147.930317,74.694320,157.885604,71.531854,167.941883,68.928285,178.026826,67.063890,188.142957,65.165363,198.362290,63.053289,208.590258,60.995993,218.918504,58.661152,229.133177,57.990652,238.776660,57.335513,247.993621,51.487022,257.285795,41.992685,263.950000,32.065226,265.896259
Type02,R,270,29.504875,270.727694,20.592080,269.615657,11.097987,265.319253,-1.498221,257.510283,-7.363555,246.669910,-5.875433,236.198069,-2.678346,225.857194,-1.150110,215.268447,-0.071324,204.664021,2.625636,194.366652,6.126415,184.206451,9.643273,173.997895,13.443721,163.713944,16.597344,153.142613,18.593692,142.309623,19.006013,131.393712,18.059231,120.580647,15.608527,110.130986,10.175096,100.906536,2.979366,92.139209,-0.353274,81.665615,-0.025666,70.967522,1.861040,60.480545,5.331087,50.273468,9.243170,39.943120,12.197567,29.393848,15.877710,19.458010,22.187627,10.917972,30.373391,3.834396,40.420442,0.008414,51.071717,0.213905,61.196686,3.532737,69.881513,9.544389,77.207960,17.162515,82.906916,26.419532,87.181082,36.521554,90.678542,46.628038,93.738988,56.863312,95.702992,67.508875,96.758081,78.340357,96.461975,89.363568,94.768546,100.376910,92.091492,111.062431,89.286161,121.276470,86.147758,131.288737,82.484858,141.350283,78.612242,151.445408,75.035982,161.599275,71.876779,171.860132,69.342664,182.149064,67.540887,192.442261,65.621311,202.832807,63.417259,213.219582,61.265667,223.716254,58.912968,234.110245,58.501551,243.852214,58.018471,253.028380,51.743174,262.206349,41.819192,268.614956,31.768587,270.496994
Type02,R,275,29.051229,274.319203,20.327626,273.141121,11.072041,268.816395,-1.881702,260.947138,-8.012439,249.995828,-6.398860,239.445529,-3.001530,228.964489,-1.439890,218.194541,-0.468336,207.405816,2.222784,196.935272,5.794293,186.613319,9.414984,176.251013,13.368316,165.810135,16.680907,155.071633,18.832475,144.061500,19.379680,132.953534,18.533732,121.937065,16.138483,111.281595,10.621603,101.904605,3.146218,93.041920,-0.389621,82.409910,-0.052553,71.537984,1.880839,60.886093,5.446789,50.516611,9.450776,40.016049,12.492082,29.315883,16.293633,19.313873,22.797347,10.766618,31.236456,3.677855,41.522583,-0.070429,52.330961,0.267569,62.518262,3.869030,71.244015,10.104263,78.519744,17.983630,84.126890,27.545290,88.289307,37.924666,91.767471,48.239268,94.787774,58.668172,96.708460,69.519095,97.686904,80.546959,97.252092,91.770781,95.360143,102.970050,92.509364,113.818763,89.614176,124.166916,86.421553,134.319227,82.683568,144.534991,78.750164,154.804425,75.149295,165.154782,71.996612,175.617901,69.536297,186.109470,67.798073,196.579316,65.862939,207.138980,63.565508,217.675229,61.301858,228.322838,58.906400,238.873873,58.674101,248.680467,58.247218,257.733654,51.518375,266.596100,41.241640,272.526424,31.153774,274.277477
Type02,R,280,28.507396,276.908061,20.061695,275.692351,11.193673,271.469845,-1.998108,263.728493,-8.417522,252.815743,-6.793768,242.245506,-3.287514,231.631048,-1.697511,220.686954,-0.803879,209.734659,1.886395,199.108048,5.521775,188.639899,9.233361,178.140044,13.317896,167.557562,16.770094,156.671454,19.061652,145.506625,19.725888,134.228844,18.959065,123.030843,16.596474,112.191659,10.998519,102.678492,3.288261,93.727884,-0.414685,82.951330,-0.069686,71.920333,1.905550,61.115993,5.546947,50.591514,9.607150,39.945753,12.704153,29.135391,16.602340,19.113631,23.271942,10.598555,31.957714,3.520729,42.471731,-0.140357,53.414337,0.321804,63.636830,4.196808,72.397469,10.641756,79.611423,18.771275,85.127327,28.617582,89.174137,39.253808,92.632204,49.767306,95.599148,60.379159,97.469954,71.420771,98.360587,82.624946,97.778381,94.024140,95.682979,105.378779,92.656389,116.362755,89.666363,126.823111,86.421027,137.102146,82.621195,147.458009,78.638649,157.888022,75.018937,168.428312,71.874651,179.087179,69.488105,189.775484,67.813635,200.418545,65.872057,211.142719,63.486829,221.816763,61.099590,232.594547,58.633897,243.274295,58.487110,253.103920,57.995198,261.946306,50.812338,270.288033,40.297032,275.525809,30.276582,277.075889
Type03,R,230,32.621983,239.541761,22.533100,238.729542,12.536859,233.993971,4.709711,226.044602,1.008511,216.153307,-0.120245,206.557129,0.202906,197.286777,0.884762,188.169092,1.420548,179.109102,2.024224,170.077453,2.395761,161.000113,3.161209,151.934867,4.067977,142.904791,4.898569,133.880058,5.105420,124.833234,4.808634,115.758854,4.037524,106.708828,2.797499,97.705213,1.751836,88.681634,0.844647,79.637516,0.112112,70.587310,0.127089,61.501083,0.887758,52.455532,2.318658,43.507417,4.583855,34.736576,7.543245,26.191666,11.494920,18.033491,16.103134,10.278022,22.151368,3.810793,30.501757,0.563936,39.523107,0.067482,48.498497,1.921388,56.380941,6.730778,62.904238,13.309118,67.578311,21.223922,71.438426,29.510934,74.426394,38.165588,76.665726,47.056033,78.316511,56.077502,79.326378,65.204680,79.724543,74.380979,79.655617,83.563674,79.080573,92.730733,78.054668,101.840204,76.760205,110.899196,75.178294,119.893708,73.519393,128.852718,71.886724,137.800534,70.135051,146.706793,68.639077,155.654227,67.193303,164.600885,65.988733,173.600270,64.608591,182.615771,63.103527,191.611969,61.639511,200.671537,59.970766,209.796843,57.735344,219.160138,53.548011,228.613008,45.235751,237.187164,34.373175,239.143489
Type03,R,235,32.256443,240.891533,22.276709,240.080807,12.655923,235.449575,5.131648,227.808127,1.337342,218.246905,-0.020492,208.708586,0.176316,199.363378,0.814467,190.126101,1.309742,180.941285,1.886846,171.786904,2.209136,162.588234,2.956386,153.399812,3.915252,144.252751,4.850457,135.115443,5.168503,125.952610,4.943084,116.755885,4.197963,107.582830,2.936926,98.462309,1.848718,89.324547,0.888734,80.167960,0.119704,71.001402,0.126333,61.797954,0.908620,52.634052,2.358758,43.566837,4.659033,34.674046,7.645579,26.008059,11.672743,17.750316,16.395233,9.922396,22.672961,3.512205,31.272313,0.491158,40.426981,0.178399,49.425894,2.248268,57.227608,7.255162,63.646143,13.990987,68.207689,22.034684,72.008071,30.419300,74.949871,39.175342,77.156142,48.160112,78.766711,57.275584,79.738352,66.500178,80.081268,75.776408,79.939822,85.056789,79.266590,94.318984,78.133555,103.527132,76.745992,112.687472,75.082568,121.785451,73.362474,130.846058,71.692969,139.903441,69.919632,148.924518,68.428124,157.988815,67.008575,167.055250,65.815419,176.175346,64.384997,185.310174,62.823729,194.424224,61.229696,203.574386,59.414259,212.731000,56.954670,221.975106,52.507809,230.993897,44.291359,238.870728,33.572651,240.543482
Type03,R,240,31.822329,243.175870,21.903362,242.340422,12.629197,237.748208,5.421487,230.335017,1.561481,221.040474,-0.008547,211.519912,0.088501,202.071209,0.710575,192.688675,1.169867,183.349923,1.724173,174.041050,1.987352,164.688131,2.707949,155.345738,3.730669,146.053925,4.802344,136.777670,5.265105,127.469724,5.131634,118.118999,4.419230,108.791313,3.126166,99.524970,1.980886,90.244804,0.954971,80.947211,0.135216,71.635479,0.128823,62.284774,0.937342,52.972735,2.412822,43.756011,4.757571,34.711063,7.779358,25.892596,11.890350,17.506024,16.742040,9.580457,23.266229,3.213805,32.137219,0.428314,41.449287,0.323113,50.499854,2.644785,58.240393,7.895488,64.559042,14.844398,69.008787,23.068265,72.764123,31.587592,75.676295,40.479515,77.869194,49.588814,79.459759,58.827214,80.407325,68.179466,80.696907,77.586918,80.468922,86.994722,79.673173,96.381383,78.396857,105.715895,76.886365,115.005510,75.116368,124.235027,73.327641,133.424891,71.622901,142.621377,69.834030,151.786731,68.355503,160.995917,66.972009,170.209706,65.788959,179.479434,64.286053,188.765800,62.643817,198.028801,60.899242,207.301996,58.946481,216.523463,56.273129,225.680082,51.554058,234.289043,43.357737,241.493287,32.680077,242.891022
Type03,R,245,31.366558,246.333080,21.458527,245.448778,12.489499,240.836634,5.591622,233.575507,1.685303,224.481475,-0.080440,214.939143,-0.057384,205.361049,0.575344,195.811156,1.002457,186.293316,1.537357,176.802503,1.734060,167.266837,2.421086,157.743893,3.518429,148.283436,4.755020,138.845452,5.391566,129.367016,5.367224,119.834822,4.694239,110.325025,3.359703,100.887724,2.144933,91.440605,1.043876,81.976894,0.159738,72.495081,0.133595,62.970980,0.969579,53.484791,2.474595,44.092025,4.871561,34.868827,7.937345,25.870813,12.137303,17.328224,17.127605,9.279858,23.902954,2.934150,33.058486,0.377650,42.547467,0.498075,51.676160,3.099961,59.377628,8.632397,65.605272,15.842109,69.950178,24.290050,73.679662,32.975721,76.581397,42.033165,78.782548,51.293186,80.376315,60.679520,81.315696,70.185994,81.556837,79.752331,81.231755,89.313938,80.294846,98.851501,78.844859,108.337048,77.186346,117.780701,75.288606,127.166520,73.428037,136.510197,71.692667,145.871849,69.897003,155.207315,68.440295,164.585360,67.101044,173.969722,65.925302,183.413741,64.329030,192.880025,62.582808,202.319309,60.673488,211.745121,58.598238,221.062488,55.729444,230.165358,50.740079,238.400686,42.492532,244.977305,31.754300,246.122205
Type03,R,250,30.945310,250.226444,21.003014,249.274484,12.291849,244.598821,5.677100,237.430319,1.730295,228.479375,-0.220707,218.881487,-0.251445,209.152912,0.414031,199.418192,0.810383,189.701365,1.327447,180.007020,1.452675,170.266184,2.101163,160.541789,3.282524,150.893993,4.707359,141.276318,5.540506,131.607183,5.638020,121.871838,5.011232,112.158134,3.628616,102.529832,2.335238,92.896170,1.154826,83.245983,0.193925,73.574471,0.138887,63.856197,0.999337,54.175000,2.535335,44.584949,4.990055,35.162953,8.109010,25.964195,12.400105,17.241918,17.532311,9.046561,24.551514,2.690751,33.994891,0.340267,43.674918,0.696966,52.904749,3.598000,60.590289,9.438615,66.739247,16.945081,70.991783,25.650239,74.717147,34.526106,77.627821,43.771955,79.858180,53.203233,81.478584,62.757003,82.425222,72.438856,82.624798,82.186266,82.196080,91.922971,81.106757,101.633334,79.461202,111.290138,77.636471,120.907983,75.595384,130.470122,73.664262,139.987634,71.905520,149.535530,70.113710,159.061862,68.687267,168.627352,67.398078,178.199888,66.225639,187.837255,64.518183,197.506426,62.648701,207.144073,60.567608,216.747236,58.387545,226.185877,55.345962,235.265913,50.102472,243.168026,41.747075,249.172124,30.860312,250.096753
Type03,R,255,30.617458,254.654580,20.605641,253.624312,12.105906,248.863848,5.730001,241.755518,1.731508,232.908584,-0.404508,223.231489,-0.478171,213.337895,0.234397,203.406416,0.597853,193.477019,1.095797,183.564668,1.146668,173.603645,1.753848,163.663757,3.026850,153.816198,4.656720,144.006717,5.701689,134.133023,5.928672,124.179935,5.354890,114.247482,3.921368,104.414320,2.544437,94.580573,1.285871,84.729454,0.237798,74.855047,0.142390,64.928388,1.019786,55.037640,2.584880,45.235537,5.100205,35.600882,8.281264,26.187194,12.663033,17.266406,17.934197,8.901914,25.179354,2.498338,34.905051,0.316201,44.784312,0.910974,54.133383,4.118914,61.825731,10.280351,67.911008,18.104810,72.087861,27.087118,75.830986,36.167625,78.767695,45.616572,81.045015,55.232703,82.712859,64.966671,83.679684,74.838241,83.845405,84.781892,83.310798,94.708448,82.066188,104.607532,80.213619,114.450104,78.212933,124.256438,76.019686,134.008929,74.023514,143.714497,72.250560,153.463409,70.474088,163.195035,69.085188,172.960113,67.849013,182.731852,66.675137,192.574988,64.843354,202.463258,62.836856,212.314836,60.584344,222.113424,58.317319,231.690317,55.126404,240.771223,49.657751,248.377357,41.161614,253.864813,30.062840,254.608322
Type03,R,260,30.437122,259.368680,20.334391,258.259587,12.006002,253.419337,5.811193,246.371412,1.731984,237.614104,-0.601104,227.847322,-0.718399,217.781978,0.045789,207.648013,0.370270,197.499566,0.844608,187.362733,0.820143,177.174820,1.385570,167.013096,2.755673,156.960376,4.599826,146.953540,5.863466,136.868628,6.222181,126.691177,5.707995,116.532988,4.224950,106.488107,2.764069,96.447594,1.433646,86.387896,0.290595,76.304613,0.141632,66.162790,1.024316,56.055147,2.613089,46.033572,5.188777,36.179861,8.439589,26.544729,12.909239,17.412565,18.310552,8.860061,25.755520,2.367335,35.750432,0.304558,45.830848,1.129451,55.311309,4.639854,63.031412,11.119739,69.069705,19.267035,73.190065,28.531925,76.970511,37.821257,79.945996,47.478914,82.282776,57.285702,84.013735,67.205089,85.009571,77.272898,85.148894,87.419853,84.510418,97.543412,83.116148,107.640026,81.056497,117.676175,78.879337,127.678462,76.532552,137.628406,74.480250,147.529453,72.703070,157.486828,70.952943,167.430899,69.606949,177.400549,68.423655,187.375366,67.243450,197.429383,65.280121,207.545180,63.129680,217.618786,60.713026,227.622748,58.374735,237.344526,55.055808,246.439471,49.401287,253.777619,40.761536,258.797640,29.419565,259.401924
Type03,R,265,30.446479,264.094506,20.247382,262.917034,12.060389,258.028807,5.980861,251.074726,1.776113,242.419639,-0.778089,232.567200,-0.951767,222.331804,-0.141982,211.996236,0.133978,201.629804,0.577468,191.270462,0.478545,180.857706,1.004116,170.475927,2.474273,160.220050,4.533887,150.017261,6.014495,139.722100,6.502018,129.322048,6.053296,118.939445,4.526145,108.683461,2.985312,98.436862,1.593414,88.168338,0.350712,77.877819,0.134438,67.521951,1.007654,57.197796,2.611392,46.957193,5.243823,36.885849,8.569471,27.030586,13.122059,17.680933,18.639686,8.926099,26.253023,2.302755,36.497974,0.303681,46.775132,1.340900,56.392565,5.136985,64.158247,11.918057,70.166719,20.376408,74.250333,29.914719,78.083157,39.406756,81.104469,49.269342,83.506673,59.264424,85.309557,69.366588,86.338235,79.628850,86.457528,89.977512,85.721197,100.297061,84.190623,110.592184,81.934991,120.822371,79.589928,131.020634,77.095656,141.167627,74.998379,151.264129,73.226546,161.429468,71.511938,171.585291,70.211677,181.757012,69.078122,191.931451,67.887134,202.193864,65.791680,212.537215,63.497860,222.832878,60.930217,233.043065,58.532526,242.905094,55.102760,252.014871,49.308738,259.099854,40.555102,263.690218,28.974917,264.196400
Type03,R,270,30.669906,268.556766,20.385000,267.331790,12.321325,262.451144,6.289240,255.652997,1.902958,247.137751,-0.905732,237.217698,-1.159229,226.822332,-0.319755,216.292750,-0.104050,205.717019,0.299746,195.145549,0.129230,184.518674,0.619113,173.926734,2.189492,163.477070,4.457667,153.086676,6.145364,142.589858,6.754062,131.977256,6.375269,121.379848,4.812717,110.920951,3.199673,100.476429,1.759263,90.006446,0.415756,79.517938,0.119359,68.957069,0.966809,58.424645,2.574189,47.973420,5.256275,37.693606,8.657991,27.627043,13.286471,18.060968,18.902755,9.095307,26.650808,2.303720,37.122119,0.311335,47.585452,1.534125,57.338668,5.587662,65.163399,12.639262,71.158286,21.381465,75.223567,31.170497,79.117743,40.849514,82.185808,50.904122,84.652527,61.077091,86.528544,71.351701,87.588834,81.798369,87.692887,92.338530,86.868219,102.844872,85.220902,113.331414,82.790272,123.748535,80.293998,134.135160,77.665093,144.471157,75.534868,154.755432,73.776336,165.120130,72.103402,175.479047,70.848759,185.842941,69.759143,196.206443,68.553857,206.667298,66.332434,217.229665,63.903221,227.739176,61.202164,238.146985,58.752276,248.133596,55.223816,257.246530,49.339946,264.078705,40.533087,268.263995,28.755317,268.709552
Type03,R,275,31.110345,272.503402,20.764325,271.260339,12.817392,266.460335,6.768856,259.900023,2.140449,251.581431,-0.960793,241.623598,-1.325241,231.086015,-0.479895,220.376491,-0.336538,209.607430,0.018722,198.842104,-0.218296,188.019921,0.242151,177.235366,1.909957,166.608198,4.372190,156.045104,6.249759,145.362397,6.967994,134.554999,6.661443,123.760185,5.074313,113.113838,3.399533,102.486752,1.924451,91.830084,0.482712,81.159988,0.095977,70.410656,0.901675,59.685767,2.499820,49.039957,5.221193,38.568071,8.695388,28.305876,13.390586,18.531675,19.085464,9.353607,26.935162,2.363730,37.606065,0.324913,48.239285,1.699382,58.120525,5.972551,66.012410,13.253256,72.007656,22.239150,76.070089,32.244706,80.027785,42.086715,83.137879,52.312153,85.661918,62.645183,87.604993,73.074870,88.691285,83.688243,88.783221,94.401716,87.882565,105.078007,86.142241,115.741106,83.565339,126.330726,80.941027,136.890742,78.195988,147.400391,76.044408,157.857370,74.304548,168.405065,72.675622,178.950805,71.463433,189.490092,70.409860,200.025598,69.188047,210.667998,66.853007,221.432610,64.303040,232.139809,61.488941,242.727528,58.989476,252.813413,55.369661,261.907027,49.444983,268.473835,40.670554,272.266661,28.766624,272.683359
Type03,R,280,31.748422,275.727464,21.376565,274.501189,13.549035,269.863688,7.429239,263.631074,2.501201,255.576265,-0.929357,245.618609,-1.439320,234.962912,-0.616818,224.093444,-0.556202,213.153582,-0.256602,202.219563,-0.552601,191.227909,-0.113608,180.275030,1.645810,169.492712,4.280894,158.777630,6.324974,147.931125,7.137934,136.953372,6.903106,125.985395,5.302972,115.173619,3.578505,104.385822,2.081883,93.563996,0.548217,82.735011,0.065034,71.820387,0.815158,60.925657,2.390944,50.108162,5.138489,39.466957,8.676364,29.030680,13.427014,19.063572,19.179467,9.679221,27.100458,2.471639,37.942211,0.341687,48.723987,1.829321,58.719521,6.277336,66.680682,13.738391,72.686827,22.918253,76.757914,33.097415,80.774687,43.072011,83.917666,53.440170,86.486903,63.909123,88.484939,74.470579,89.588492,85.226414,89.670016,96.088222,88.707779,106.911022,86.900136,117.728860,84.210765,128.469939,81.485991,139.181776,78.647441,149.843212,76.484615,160.451212,74.765667,171.158639,73.178981,181.868155,72.003249,192.560071,70.976439,203.244960,69.737306,214.045951,67.306115,224.988638,64.655340,235.870178,61.749834,246.612055,59.199755,256.764694,55.492300,265.808955,49.571652,272.089150,40.930649,275.494018,28.994133,275.906790
Type04,R,230,28.548458,233.743095,19.139052,232.988846,10.793092,228.194893,5.304465,220.823515,2.019843,212.389064,0.232460,203.473864,0.245263,194.436093,1.223847,185.436049,2.347191,176.440612,3.209245,167.411438,4.019115,158.383905,4.440577,149.331766,4.539090,140.266346,4.446852,131.186255,4.101433,122.102933,3.468093,113.050121,2.651084,104.010519,1.853260,94.984764,1.014873,85.970288,0.372831,76.936096,0.257836,67.872544,0.597856,58.834705,1.566436,49.826813,2.991750,40.911115,5.214445,32.158468,8.131661,23.619643,12.146115,15.548206,17.492287,8.344306,24.396384,2.658690,33.025112,0.287155,41.930094,1.639063,50.071961,5.646214,57.248561,11.215286,62.880427,18.319326,67.473702,26.143261,71.109979,34.445782,74.197492,42.979488,76.442418,51.757979,78.219887,60.657082,79.225160,69.669366,79.674753,78.750240,79.373976,87.830477,78.423765,96.871691,76.963814,105.845002,74.997843,114.715943,72.775434,123.508250,70.521611,132.273321,68.379664,141.044754,66.453079,149.866585,64.788459,158.748895,63.317143,167.681426,61.880506,176.614028,60.659013,185.582309,59.226179,194.533020,57.728395,203.486618,55.525748,212.346333,51.375361,220.557250,45.202505,227.387646,37.300184,232.051244,28.348441,233.515070
Type04,R,235,28.787096,236.224535,19.200824,235.563392,10.716030,230.874990,5.347718,223.705339,2.181334,215.449784,0.252969,206.516070,0.049319,197.360417,1.053436,188.227579,2.325251,179.097254,3.228078,169.923377,4.004924,160.751186,4.344101,151.559259,4.304229,142.363247,4.081083,133.152328,3.734668,123.933798,3.157924,114.742903,2.405304,105.557402,1.707984,96.385890,0.946148,87.231324,0.335116,78.057975,0.249498,68.858314,0.581852,59.684310,1.530272,50.534375,2.927374,41.469200,5.157905,32.572287,8.156451,23.909322,12.253094,15.718600,17.705846,8.414013,24.788711,2.671915,33.579397,0.299683,42.584611,1.871042,50.763528,6.018928,57.970653,11.661521,63.562868,18.889949,68.176356,26.796668,71.780744,35.220806,74.851414,43.868800,77.095979,52.756808,78.854440,61.771649,79.818338,70.902264,80.200602,80.104370,79.777350,89.303006,78.711747,98.449833,77.105966,107.524200,75.017022,116.494678,72.738678,125.397186,70.490067,134.289482,68.386585,143.194473,66.512340,152.158223,64.894233,161.183978,63.430435,170.260283,61.980373,179.326738,60.786447,188.423129,59.335727,197.501609,57.764396,206.554549,55.295596,215.467265,50.742120,223.591150,44.445235,230.179717,36.958932,234.479276,28.427842,235.937010
Type04,R,240,29.006485,239.892703,19.062303,239.265672,10.217480,234.498502,4.962480,227.340022,2.084278,219.102794,0.148674,210.066138,-0.194265,200.758330,0.891284,191.475107,2.366711,182.190876,3.342677,172.850740,4.109883,163.510797,4.380605,154.153886,4.193091,144.803997,3.814744,135.441173,3.436559,126.067721,2.892328,116.718931,2.172792,107.368887,1.555639,98.031432,0.867499,88.714736,0.275142,79.380334,0.232381,70.021613,0.579722,60.690113,1.530292,51.379177,2.907908,42.146060,5.148655,33.085307,8.232974,24.279401,12.423620,15.959181,17.996518,8.553208,25.262381,2.761677,34.206140,0.344121,43.344998,2.063440,51.611852,6.326240,58.896260,12.048164,64.491089,19.424032,69.155310,27.440891,72.740137,36.019900,75.805843,44.815432,78.062826,53.845689,79.816066,63.008860,80.757436,72.293404,81.078919,81.655418,80.532731,91.013412,79.345606,100.303111,77.586320,109.515822,75.372600,118.620821,73.032071,127.659387,70.783883,136.697947,68.720314,145.749929,66.898747,154.867465,65.323011,164.050104,63.858435,173.287537,62.400341,182.506944,61.245881,191.752950,59.788896,200.985679,58.169204,210.174504,55.432568,219.217060,50.451182,227.383458,44.002110,233.911918,36.858582,238.056990,28.663677,239.570572
Type04,R,245,29.207459,244.545697,18.755474,243.896714,9.364556,238.897211,4.212660,231.591601,1.764333,223.236359,-0.063926,214.025806,-0.473716,204.537803,0.737778,195.090049,2.460670,185.636600,3.541335,176.113442,4.331016,166.588000,4.562811,157.046101,4.238582,147.523464,3.699675,137.991261,3.261832,128.446093,2.720269,118.923114,1.993536,109.394547,1.422792,99.876498,0.793750,90.381137,0.201357,80.868961,0.209045,71.333001,0.593672,61.827143,1.571455,52.341166,2.943595,42.927653,5.197475,33.689047,8.362767,24.723453,12.650308,16.264243,18.351307,8.756938,25.797990,2.920601,34.884338,0.418548,44.188491,2.203399,52.591456,6.555927,59.991802,12.367957,65.629742,19.910074,70.368747,28.063028,73.947795,36.824601,77.019525,45.796323,79.298949,54.997419,81.059712,64.336798,81.998115,73.805633,82.268069,83.360860,81.606165,92.914055,80.297360,102.379729,78.386876,111.764891,76.055118,121.036756,73.649215,130.233894,71.394714,139.433254,69.369578,148.641181,67.597100,157.919682,66.054978,167.267805,64.579709,176.679115,63.119640,186.066544,62.011464,195.478973,60.558184,204.887748,58.916545,214.244667,55.913205,223.486542,50.481607,231.811751,43.844539,238.434333,36.972482,242.607415,29.034000,244.219602
Type04,R,250,29.394588,249.894596,18.329762,249.180578,8.258545,243.843474,3.199861,236.280453,1.280332,227.710790,-0.356931,218.275967,-0.773927,208.588168,0.592406,198.965771,2.591215,189.332073,3.802622,179.614500,4.650605,169.891852,4.884022,160.151229,4.451712,150.442550,3.765357,140.728361,3.246042,130.998899,2.675317,121.289990,1.897446,111.574156,1.331604,101.866765,0.737801,92.182346,0.123961,82.481459,0.182841,72.755814,0.623141,63.063965,1.652169,53.394114,3.038224,43.794145,5.310841,34.370266,8.543694,25.231133,12.918870,16.622656,18.748309,9.012232,26.368623,3.130344,35.589746,0.515806,45.085447,2.288884,53.662310,6.712453,61.203042,12.629287,66.915688,20.350772,71.742733,28.661635,75.329016,37.625045,78.415241,46.793869,80.722937,56.187236,82.500697,65.723214,83.452893,75.398308,83.681402,85.171098,82.916678,94.946220,81.491353,104.613187,79.441156,114.198050,77.005627,123.663206,74.535806,133.036561,72.268517,142.406496,70.278961,151.775392,68.549682,161.218132,67.029723,170.736009,65.533767,180.329243,64.076790,189.895117,63.015694,199.485171,61.572982,209.085567,59.933399,218.635259,56.666407,228.130362,50.766540,236.702881,43.903700,243.527475,37.247452,247.862822,29.503300,249.595216
Type04,R,255,29.574728,255.593670,17.845241,254.792614,7.021799,249.071728,2.049505,241.198119,0.705797,232.367294,-0.694802,222.682792,-1.078260,212.785474,0.454261,202.982844,2.739618,193.162596,4.097924,183.244885,5.037426,173.319664,5.317021,163.373516,4.817403,153.471940,4.011700,143.569143,3.397757,133.648343,2.768603,123.747257,1.898522,113.840973,1.295781,103.941343,0.708462,94.063797,0.053363,84.169289,0.157228,74.247867,0.664170,64.364083,1.763060,54.506640,3.186417,44.720264,5.487597,35.110573,8.768037,25.787728,13.208133,17.017894,19.157691,9.298499,26.941779,3.363293,36.296249,0.623945,46.000957,2.328907,54.772689,6.815613,62.460072,12.853601,68.264062,20.761000,73.178626,29.244983,76.782132,38.419032,79.887405,47.795676,82.224000,57.393149,84.023024,67.136476,84.999455,77.028958,85.195213,87.031830,84.343187,97.043146,82.810541,106.925810,80.639104,116.727407,78.119304,126.403223,75.592533,135.964177,73.308470,145.509696,71.352015,155.041411,69.659842,164.648806,68.150646,174.337202,66.625923,184.115906,65.174927,193.865630,64.155908,203.638413,62.726631,213.438653,61.107094,223.195572,57.580713,232.975417,51.201747,241.844875,44.081315,248.921819,37.611514,253.491828,30.026796,255.346272
Type04,R,260,29.755513,261.273635,17.365763,260.388973,5.784681,254.300731,0.896321,246.123455,0.120294,237.037853,-1.038478,227.104853,-1.370526,216.998762,0.322145,207.015143,2.886361,197.007075,4.394838,186.889253,5.450378,176.762385,5.817016,166.611073,5.295758,156.516644,4.408321,146.425405,3.696908,136.312830,2.987118,126.219498,1.993074,116.125183,1.318813,106.035927,0.709508,95.967301,-0.001284,85.880236,0.135106,75.763539,0.709593,65.687718,1.887597,55.643746,3.372685,45.676246,5.716553,35.886506,9.021064,26.374030,13.491361,17.428914,19.544470,9.589554,27.482581,3.586504,36.977472,0.727911,46.897416,2.341022,55.864520,6.895348,63.685692,13.069572,69.579191,21.162652,74.566157,29.826657,78.192059,39.208851,81.316145,48.792567,83.676668,58.595040,85.494779,68.545700,86.496896,78.654611,86.665128,88.886670,85.740562,99.133989,84.112174,109.233856,81.841770,119.256608,79.259201,129.149001,76.687626,138.901560,74.386783,148.622992,72.462648,158.316892,70.803233,168.087458,69.296298,177.944507,67.738647,187.908081,66.293994,197.841967,65.307516,207.796401,63.890337,217.796774,62.299843,227.763395,58.518767,237.832745,51.660125,247.003736,44.264140,254.322762,37.983482,259.132362,30.555402,261.094196
Type04,R,265,29.943981,266.574420,16.952704,265.634622,4.673799,259.254611,-0.129100,250.838515,-0.398345,241.555280,-1.349363,231.400721,-1.636778,221.096831,0.194382,210.936375,3.012814,200.744376,4.661021,190.432114,5.844044,180.110503,6.328324,169.761366,5.828769,159.481034,4.900624,149.208608,4.099699,138.911000,3.297666,128.631815,2.162232,118.357270,1.394744,108.086000,0.740046,97.833966,-0.033223,87.561109,0.118387,77.256089,0.750209,66.993855,2.004723,56.768766,3.572929,46.629448,5.976130,36.670389,9.281026,26.966926,13.739144,17.832041,19.872993,9.857217,27.957861,3.767307,37.608475,0.812223,47.737727,2.346697,56.880278,6.984014,64.805601,13.305416,70.768341,21.577583,75.799733,30.419547,79.447543,39.996671,82.585304,49.775474,84.959563,59.772940,86.788011,69.920300,87.807192,80.232827,87.948265,90.679855,86.962316,101.148368,85.250436,111.453670,82.903597,121.688511,80.278236,131.790812,77.677471,141.730950,75.364072,151.624015,73.473600,161.477340,71.845514,171.408267,70.337394,181.430112,68.748014,191.574165,67.308074,201.687600,66.342035,211.816732,64.931846,222.009629,63.368628,232.175961,59.337096,242.511754,52.010257,251.943392,44.340086,259.438006,38.283118,264.426514,31.040770,266.468115
Type04,R,270,30.145386,271.175458,16.659432,270.228894,3.801545,263.682185,-0.912126,255.143275,-0.780804,245.762878,-1.592965,235.436498,-1.866599,224.955012,0.068622,214.626586,3.102633,204.259631,4.868003,193.763997,6.175275,183.260030,6.793461,172.726813,6.350913,162.273971,5.421050,151.834416,4.548574,141.365605,3.655127,130.913204,2.377736,120.471143,1.510967,110.029907,0.795828,99.607113,-0.038754,89.160491,0.107864,78.680048,0.776677,68.242396,2.092977,57.845565,3.758329,47.546528,6.236663,37.432072,9.521188,27.540916,13.923638,18.203737,20.112427,10.075923,28.340400,3.879392,38.167380,0.864047,48.488629,2.365867,57.770024,7.108194,65.758256,13.581376,71.755275,22.020520,76.794460,31.029875,80.458363,40.779856,83.600505,50.732214,85.974300,60.905197,87.798890,71.229425,88.817428,81.722610,88.926601,92.358885,87.885207,103.020981,86.101326,113.508075,83.697689,123.933363,81.044911,134.226758,78.431272,144.342382,76.112653,154.398222,74.258688,164.405990,72.663475,174.493144,71.156592,184.674132,69.542419,194.990722,68.104753,205.274508,67.146622,215.566123,65.735472,225.936678,64.186920,236.281203,59.907963,246.835121,52.136298,256.446414,44.213884,264.004302,38.440820,269.053905,31.440006,271.137550
Type04,R,275,30.362206,274.822219,16.526393,273.928368,3.256543,267.374617,-1.364313,258.868753,-0.972316,249.523266,-1.742135,239.092769,-2.053708,228.461458,-0.058044,217.978216,3.143024,207.450078,4.994537,196.787134,6.409544,186.118049,7.162641,175.420018,6.801056,164.813614,5.902504,154.226906,4.984380,143.607011,4.012541,132.999569,2.609058,122.406951,1.651956,111.811674,0.870934,101.235005,-0.017393,90.631343,0.103380,79.993519,0.781643,69.396262,2.135051,58.840751,3.900772,48.395919,6.465109,38.141425,9.713769,28.070478,14.023354,18.523751,20.242046,10.227275,28.612444,3.907913,38.636735,0.875865,49.123557,2.412176,58.497067,7.282258,66.502259,13.904341,72.490613,22.493869,77.498224,31.652916,81.168519,41.547607,84.303134,51.645253,86.660206,61.967326,88.463581,72.441803,89.457680,83.085419,89.526151,93.876956,88.430050,104.695719,86.583991,115.332047,84.138155,125.916154,81.466801,136.371704,78.854174,146.643335,76.538664,156.848567,74.724100,167.003090,73.165222,177.240436,71.667082,187.572832,70.039883,198.050537,68.602560,208.491334,67.641203,218.928771,66.219544,229.456037,64.664007,239.947983,60.139280,250.652431,51.955937,260.332862,43.820383,267.810685,38.405945,272.760736,31.719766,274.840759
Type04,R,280,30.593363,277.347444,16.576883,276.566334,3.094998,270.181000,-1.431950,261.887996,-0.938088,252.725947,-1.779796,242.270498,-2.195877,231.522527,-0.188506,220.901292,3.125965,210.230035,5.029025,199.420261,6.525833,188.607398,7.401568,177.768209,7.132806,167.031518,6.290539,156.322177,5.357522,145.576209,4.330221,134.836311,2.829799,124.113528,1.802758,113.383460,0.959234,102.673267,0.028398,91.933276,0.104166,81.160218,0.761491,70.423269,2.121503,59.725632,3.978411,49.150215,6.631112,38.771179,9.834965,28.532865,14.027273,18.777920,20.254950,10.303349,28.767679,3.852224,39.004501,0.846995,49.624589,2.490155,59.041143,7.505338,67.019837,14.265959,72.956737,22.985805,77.897150,32.271674,81.562458,42.280011,84.677077,52.491281,87.001511,62.932156,88.766152,73.526424,89.710356,84.286462,89.727418,95.195053,88.573684,106.128786,86.673338,116.876838,84.194106,127.581933,81.506110,138.163830,78.903315,148.566005,76.597818,158.902929,74.823824,169.193138,73.304870,179.571804,71.825916,190.045153,70.200233,200.669032,68.762829,211.249839,67.789679,221.812939,66.347723,232.471443,64.757986,243.074055,59.988591,253.850698,51.433226,263.474629,43.133735,270.715646,38.152968,275.381840,31.859434,277.406794
Type05,R,230,29.472847,241.013058,19.783527,240.147990,11.335541,236.602112,6.217192,229.251721,2.530459,220.590873,1.008780,211.473008,1.373944,202.218511,2.094837,192.916333,2.497348,183.545735,2.451408,174.156338,2.184368,164.839722,1.780483,155.584353,1.228335,146.382215,0.618574,137.173941,0.418587,127.839450,0.766708,118.275101,1.057901,108.784726,0.638674,99.421790,0.394707,90.071642,0.187033,80.728485,0.217215,71.390729,0.632469,62.060263,1.301263,52.734892,2.170926,43.397246,3.835137,34.177572,7.149481,25.478886,11.716992,17.338363,16.999904,9.673395,23.319800,2.711026,32.174388,-0.544751,41.232959,2.336752,50.154560,5.523669,57.383697,11.379875,62.881588,18.814746,67.255537,27.050375,71.148667,35.695612,74.454271,44.541107,76.840572,53.628179,78.688172,62.819924,80.032759,72.044715,80.910859,81.308246,81.096124,90.641444,80.423482,99.985901,78.943554,109.291612,77.303117,118.542724,75.712258,127.757091,74.012187,136.953058,72.281180,146.158119,70.223877,155.296348,68.315969,164.478516,66.371023,173.674129,64.717640,182.889053,62.998800,192.022676,61.317157,201.064715,58.785665,209.977603,55.724780,218.858714,52.311348,227.414256,47.349513,234.907740,39.557168,239.998251,29.786765,241.226479
Type05,R,235,29.314169,245.916271,19.623035,245.012458,10.970498,241.193762,5.580960,233.624811,1.985404,224.768025,0.399642,215.402298,0.637209,205.898679,1.519357,196.399786,2.267582,186.863287,2.663519,177.300932,2.762319,167.769402,2.672207,158.270363,2.360237,148.801465,1.923878,139.328736,1.604397,129.788809,1.511563,120.111503,1.444199,110.475362,0.879572,100.921766,0.534519,91.369134,0.241681,81.821081,0.211118,72.275108,0.609978,62.734096,1.368800,53.209911,2.494567,43.713312,4.470801,34.367511,7.857092,25.461116,12.438245,17.090777,17.945833,9.328724,24.695042,2.635026,33.816989,-0.286152,43.127227,2.198453,52.155102,5.537677,59.461719,11.639265,65.059254,19.291018,69.361915,27.790844,73.140335,36.642573,76.387822,45.678694,78.860247,54.931661,80.791651,64.301662,82.138366,73.744369,82.835708,83.245868,82.687594,92.784415,81.676326,102.286265,79.957752,111.721134,78.125267,121.122011,76.250099,130.495424,74.300274,139.853753,72.379247,149.221782,70.388684,158.563534,68.681833,167.970367,67.004918,177.394755,65.578900,186.852727,63.944197,196.257885,62.159016,205.581893,59.563942,214.736172,56.475253,223.794978,52.725199,232.466366,47.245571,239.985350,39.161976,244.958414,29.403341,245.981437
Type05,R,240,28.938686,254.158615,18.693799,253.023799,8.960733,247.768991,3.311289,238.731152,0.324548,229.021899,-0.893260,219.103408,-0.522467,209.234559,0.789975,199.510469,2.149292,189.835251,3.247956,180.131261,3.893199,170.384560,4.260706,160.621916,4.296045,150.856526,4.108813,141.091481,3.538590,131.348850,2.686157,121.625208,2.019681,111.890539,1.226244,102.163106,0.727177,92.413994,0.300573,82.661724,0.196102,72.900218,0.603635,63.155877,1.544634,53.467175,3.121177,43.893672,5.602417,34.561097,9.007187,25.550595,13.438019,17.012292,19.086505,9.232578,26.221994,2.947177,35.455391,0.206192,45.126845,1.592328,54.477172,4.894197,62.193122,11.186987,68.174219,19.106507,72.478993,27.984830,76.108054,37.111622,79.301390,46.389881,81.983928,55.836674,84.129710,65.432660,85.579492,75.183872,86.098242,85.050122,85.511230,94.918994,84.038843,104.661600,81.988364,114.263717,79.867810,123.809149,77.541992,133.289691,75.187931,142.751683,72.940887,152.229539,71.029413,161.762464,69.632725,171.391397,68.392694,181.043876,67.380285,190.754235,65.981205,200.451010,64.177914,210.112327,61.690283,219.648986,58.825850,229.110318,54.973801,238.321379,49.078281,246.772166,40.087260,252.803526,29.727581,253.886249
Type05,R,245,28.637522,256.669273,18.827604,255.570527,9.660131,250.873909,3.901213,242.597611,0.661610,233.348830,-0.984045,223.564074,-0.980469,213.616474,0.264874,203.769149,1.768813,193.909221,3.099254,183.997669,3.935350,174.044151,4.468261,164.072613,4.652905,154.092816,4.605537,144.109401,4.071720,134.134305,3.058460,124.157388,2.233410,114.191286,1.370885,104.249035,0.816004,94.296744,0.358097,84.349757,0.202150,74.407692,0.548161,64.443214,1.474921,54.491372,3.115942,44.629769,5.739171,34.978867,9.296320,25.595494,13.932302,16.672375,19.907523,8.657926,27.480144,2.503412,37.056172,0.239988,46.909507,1.854179,56.237409,5.489646,63.755660,12.108778,69.580179,20.199182,73.760126,29.258188,77.332345,38.564163,80.485250,48.009019,83.162962,57.619424,85.295207,67.361003,86.671483,77.253587,87.015104,87.256668,86.195117,97.216002,84.499781,107.046557,82.306863,116.740651,80.104367,126.435994,77.646640,136.135505,75.172832,145.827138,72.854118,155.524654,70.997067,165.258292,69.705850,175.111872,68.587108,185.002794,67.640984,194.965527,66.183132,204.948956,64.201793,214.856762,61.517208,224.495419,58.463127,233.991231,54.027825,243.114426,47.252124,250.997012,38.112154,255.950214,28.045153,256.544956
Type05,R,250,28.333024,260.460231,18.823659,259.295354,9.946400,254.763357,4.070759,246.758732,0.724889,237.621595,-1.260109,227.694136,-1.531311,217.496878,-0.282113,207.417656,1.414193,197.345508,3.008178,187.215910,4.056264,177.008542,4.763415,166.761757,5.120120,156.481775,5.223136,146.202183,4.673124,136.016529,3.409940,125.928362,2.348444,115.802026,1.401029,105.636570,0.806558,95.443215,0.343656,85.251839,0.186861,75.064001,0.539736,64.855915,1.522805,54.671015,3.304668,44.591811,6.154828,34.716161,9.949770,25.089704,14.802533,15.975465,21.099998,7.844530,29.238312,1.845832,39.432090,0.250004,49.420142,2.299734,58.552046,6.300745,65.734050,13.260818,71.348259,21.542540,75.371324,30.747987,78.871520,40.162646,82.003669,49.734279,84.689418,59.487252,86.825651,69.381761,88.151220,79.448979,88.347002,89.627107,87.330179,99.753596,85.449128,109.746298,83.141341,119.609212,80.870253,129.514654,78.287876,139.440928,75.690746,149.349551,73.292331,159.255148,71.480886,169.210205,70.287269,179.291332,69.282432,189.409599,68.387647,199.617209,66.852389,209.873542,64.670742,220.072680,61.793951,229.936624,58.618512,239.568924,53.687048,248.657310,46.180686,256.069773,36.951344,260.240711,27.241720,260.515340
Type05,R,255,28.777106,265.216397,19.156912,263.940938,9.844099,259.059007,3.720019,250.598640,0.442397,241.101898,-1.706536,230.849645,-2.109688,220.369071,-0.791092,210.068043,1.110951,199.851588,2.961664,189.585326,4.221428,179.200421,5.103458,168.754218,5.652362,158.254154,5.912635,147.754884,5.305981,137.428068,3.728778,127.318309,2.375359,117.108388,1.332455,106.791477,0.719353,96.423714,0.279222,86.049950,0.154448,75.666471,0.543802,65.292848,1.585935,54.983283,3.474261,44.817806,6.469300,34.886983,10.387618,25.218017,15.270760,16.081248,21.593087,7.883930,29.856294,1.805077,40.321376,0.304656,50.441035,2.323184,59.629969,6.318338,66.873375,13.399426,72.571921,21.843493,76.631296,31.187071,80.163686,40.684337,83.380013,50.349508,86.159059,60.215209,88.381892,70.250563,89.763802,80.498082,89.956845,90.877379,88.905754,101.228889,86.993629,111.428622,84.680798,121.475234,82.401048,131.557714,79.736741,141.639417,77.032454,151.678844,74.547376,161.700957,72.743060,171.783056,71.598116,181.996615,70.658916,192.250824,69.792063,202.619095,68.200613,213.062603,65.892370,223.501852,62.971813,233.629354,59.932727,243.482509,54.955249,252.750270,47.243298,260.383397,37.866305,264.892683,28.133517,265.339475
Type05,R,260,30.661364,270.440619,20.830717,269.237714,10.724583,264.367524,3.930642,255.651126,0.480408,245.806351,-2.035247,235.321960,-2.726903,224.632175,-1.434403,214.147476,0.629261,203.805562,2.742072,193.421938,4.270092,182.911272,5.399275,172.332273,6.213248,161.698041,6.672085,151.050378,6.026461,140.556700,4.113823,130.306517,2.436559,119.940890,1.274653,109.471596,0.644319,98.956528,0.234609,88.437508,0.118034,77.899666,0.492009,67.384671,1.500191,56.947070,3.346822,46.667656,6.283615,36.661447,10.129081,26.924282,14.867118,17.638162,20.939426,9.190824,28.763961,2.649124,38.948005,0.422640,49.312041,1.768309,59.047063,5.362362,66.915556,12.370382,73.055519,20.982277,77.398370,30.541404,81.109174,40.211060,84.524425,50.018882,87.472216,60.036187,89.842118,70.246492,91.353296,80.699965,91.651032,91.319245,90.693162,101.925023,88.875893,112.346737,86.654904,122.554699,84.419311,132.783090,81.704043,143.033353,78.900397,153.222129,76.321961,163.361542,74.498334,173.519101,73.356540,183.838606,72.427525,194.226887,71.544344,204.762984,69.875273,215.414818,67.452761,226.084650,64.554520,236.434992,61.781175,246.476698,57.011953,255.984970,49.429890,264.174856,40.105691,269.541380,30.159426,270.468430
Type05,R,265,33.325582,275.423286,23.598974,274.508846,13.025809,270.480294,5.226451,262.359515,1.192692,252.567984,-2.082843,242.024522,-3.351057,231.161349,-2.243166,220.468065,-0.087375,209.929213,2.287889,199.355380,4.149247,188.670004,5.607442,177.912290,6.751555,167.100445,7.435086,156.254258,6.778424,145.514093,4.550063,134.983251,2.553031,124.343889,1.251770,113.639013,0.598628,102.915688,0.216667,92.202192,0.081773,81.472867,0.400529,70.747469,1.310888,60.073138,3.022977,49.535025,5.802868,39.277161,9.543282,29.279425,14.183190,19.621630,20.061868,10.724876,27.432953,3.577638,37.333447,0.526895,48.028770,1.241786,58.418961,4.473343,66.936831,11.451459,73.490541,20.261776,78.128738,30.085268,82.044454,39.992709,85.670157,49.991897,88.761518,60.207392,91.243622,70.633014,92.843319,81.315388,93.218606,92.189658,92.347953,103.038293,90.631321,113.672318,88.518404,124.027851,86.336514,134.431023,83.579025,144.949434,80.681242,155.399144,78.017720,165.751612,76.182250,176.039797,75.032548,186.538836,74.082425,197.150277,73.130638,207.946064,71.309747,218.910604,68.678333,229.870844,65.690503,240.406753,63.031894,250.552103,58.260936,260.151137,50.690558,268.483705,41.814315,274.076154,31.968783,275.331869
Type05,R,270,35.190816,279.420258,25.833569,278.755141,15.314891,275.704661,6.697622,268.499444,2.066925,258.999970,-2.007711,248.428715,-3.859983,237.364759,-2.960845,226.427979,-0.762962,215.643837,1.820217,204.836443,3.988730,193.921980,5.757299,182.915625,7.200763,171.836490,8.060133,160.712421,7.369770,149.733314,4.873805,138.976134,2.607218,128.082425,1.176951,117.111027,0.513089,106.137700,0.165333,95.187887,0.040428,84.231234,0.357157,73.253188,1.225319,62.298235,2.864684,51.452253,5.583989,40.858311,9.382645,30.523091,14.131705,20.504234,20.103818,11.212591,27.523740,3.700079,37.685790,0.538811,48.632389,1.346149,59.253323,4.605526,67.864040,11.730399,74.435870,20.720860,79.139159,30.724682,83.145114,40.788076,86.888983,50.927651,90.021834,61.304777,92.522192,71.914957,94.112979,82.790533,94.477088,93.866711,93.625618,104.901257,91.955795,115.712194,89.918600,126.211235,87.776491,136.819422,84.991756,147.641937,82.026212,158.388765,79.307660,168.992301,77.480637,179.466189,76.331756,190.186752,75.351440,201.050787,74.300222,212.129215,72.277448,223.423111,69.357627,234.690082,66.143586,245.403813,63.366966,255.629285,58.254418,265.207634,50.404483,273.170483,42.066189,278.155158,32.681776,279.378153
Type05,R,275,35.316685,281.937052,26.143263,281.217222,15.781886,278.206799,7.001228,271.186899,2.301061,261.776171,-2.074628,251.106227,-4.128183,239.872580,-3.287044,228.768858,-1.068672,217.828352,1.606577,206.879722,3.946838,195.808591,5.892140,184.615751,7.507415,173.318340,8.432148,161.980230,7.645850,150.902146,4.949081,140.122097,2.500809,129.147941,0.986037,118.027521,0.341926,106.895874,0.043871,95.791868,-0.006778,84.686901,0.411401,73.554392,1.350640,62.445004,3.041521,51.439425,5.841319,40.653268,9.839801,30.150228,14.814830,20.037905,21.028749,10.634493,28.841980,3.111453,39.605155,0.477490,50.602356,1.919136,60.999919,5.445720,69.239967,12.760374,75.527003,21.834361,80.102928,31.854711,84.085773,41.910340,87.859697,52.064317,90.962778,62.491616,93.426501,73.178360,94.969531,84.144121,95.307241,95.312796,94.474365,106.445516,92.851793,117.371734,90.883539,127.983537,88.784268,138.737766,86.014177,149.735808,83.032573,160.640880,80.297648,171.374950,78.479333,181.962720,77.326117,192.802505,76.306723,203.791623,75.162987,215.015031,72.979510,226.480090,69.835449,237.929716,66.430400,248.785359,63.506008,259.137814,58.064048,268.824360,49.890642,276.612615,41.580168,281.110824,32.450108,282.154939
Type05,R,280,36.906140,290.815163,27.165201,289.768830,15.633467,285.596310,6.439677,277.477212,1.972042,267.473925,-2.819065,256.535156,-5.076714,245.049285,-4.189387,233.741740,-1.841014,222.633660,1.013933,211.524321,3.661930,200.305597,5.942059,188.957116,8.003619,177.494433,9.156137,165.971499,8.170358,154.703712,4.934683,143.745610,1.983572,132.579174,0.248768,121.264587,-0.299304,109.939389,-0.365167,98.649340,-0.142175,87.356657,0.558430,76.053266,1.596163,64.786121,3.181718,53.612474,5.818841,42.661962,9.949558,32.101168,14.983366,21.901253,20.839031,12.148452,27.926670,3.751362,38.551302,0.419831,49.744260,1.776188,60.723936,4.743475,69.597217,11.932829,76.206407,21.229632,81.129461,31.435237,85.483664,41.614367,89.703447,51.869372,93.030378,62.487617,95.684796,73.396869,97.428009,84.625618,98.115920,96.118747,97.774552,107.639297,96.677927,118.984880,95.200206,129.935942,93.467973,140.963222,90.910564,152.245072,87.952553,163.357853,85.186527,174.214358,83.290540,184.801933,82.017525,195.684138,80.773283,206.763694,79.345087,218.165307,76.759070,229.898946,73.191960,241.656113,69.601955,252.816215,67.027142,263.590652,61.923986,274.105402,53.781638,283.565177,44.546343,289.886390,34.457048,291.646823
