Type,side,size,x1,y1,x2,y2,x3,y3,x4,y4,x5,y5,x6,y6,x7,y7,x8,y8,x9,y9,x10,y10,x11,y11,x12,y12,x13,y13,x14,y14,x15,y15,x16,y16,x17,y17,x18,y18,x19,y19,x20,y20,x21,y21,x22,y22,x23,y23,x24,y24,x25,y25,x26,y26,x27,y27,x28,y28,x29,y29,x30,y30,x31,y31,x32,y32,x33,y33,x34,y34
Type00,L,230,58.542538,251.090523,41.163528,248.515480,27.224077,237.398527,25.274080,221.184412,26.526062,203.711241,26.021491,186.623297,23.184678,169.894850,19.349264,153.352622,14.217649,137.130719,8.455449,121.055825,3.165612,104.821387,0.284242,88.197560,2.327673,71.489294,7.756271,55.313175,13.308320,39.172202,20.676831,23.959990,33.406704,12.112000,50.464892,8.251618,66.254597,14.777608,77.556124,27.991204,82.991396,43.746963,86.278694,60.419782,86.058212,77.154138,82.882890,93.974476,81.708842,110.884643,82.249224,127.868741,81.979572,144.939984,82.345128,162.011266,84.995141,178.909679,85.721938,195.782810,83.729151,212.488350,82.996351,229.060502,75.471757,243.983818,59.567726,250.897331
Type00,L,235,58.056585,245.828053,41.000067,243.446554,27.439995,232.302169,24.834294,216.228017,25.550558,198.839015,24.838306,181.762754,21.948045,165.025968,18.050908,148.480694,13.089100,132.203225,7.716761,116.022372,2.749985,99.704404,0.114074,83.032719,2.095898,66.311013,7.510098,50.150415,13.081461,34.049743,20.405183,18.882808,32.894202,7.065170,49.586902,3.018270,65.383443,9.030006,76.303679,22.264242,81.573811,38.079646,84.900595,54.762321,84.980637,71.520621,82.239123,88.382603,81.286133,105.332170,81.804424,122.351781,81.675807,139.432428,82.143203,156.508545,84.461663,173.445416,84.832985,190.331773,82.416971,207.062422,81.473172,223.749431,74.469191,238.765003,59.024854,245.509952
Type00,L,240,58.744553,243.009102,42.030594,240.491183,30.216413,228.433826,25.154629,212.692085,23.222552,195.758576,21.228064,178.819774,18.057744,162.069459,14.214967,145.446632,9.991371,128.918065,5.793615,112.383166,1.941117,95.763645,0.245517,78.920543,2.313888,62.116099,7.456530,45.853494,13.531842,29.922108,21.480136,15.054870,34.219293,3.718683,50.869444,0.158407,66.765651,5.953095,76.305901,19.483998,81.269899,35.595378,84.598265,52.328758,85.597114,69.233993,84.183763,86.227820,82.946319,103.229434,82.743841,120.278179,83.525576,137.305096,84.798548,154.315242,85.681919,171.349607,85.207225,188.329592,83.226650,205.246288,81.433081,222.100849,74.673292,237.069243,59.329381,242.379935
Type00,L,245,59.499135,245.474285,42.897740,242.033652,33.308868,228.286228,26.791962,212.401630,22.841405,195.681177,19.666716,178.747010,16.183327,161.872473,12.392232,145.063019,8.567125,128.262024,4.803296,111.446940,1.531817,94.538979,0.594659,77.449999,2.973267,60.425658,7.622239,43.861234,14.028591,27.890176,22.701668,13.228056,36.236361,2.515484,53.268087,0.092080,68.956539,6.953803,77.090016,21.118094,82.005648,37.619184,85.264436,54.517691,86.071903,71.659608,85.002977,88.856780,83.497786,106.026160,82.598357,123.218937,83.864701,140.325317,85.912995,157.391317,85.906470,174.601001,85.068832,191.808227,84.721443,209.032430,82.930993,226.001318,75.593945,240.784155,59.656864,244.922453
Type00,L,250,60.170451,251.479023,43.257932,247.342639,33.790656,232.858899,28.302749,216.276515,24.913932,199.057080,21.781256,181.736944,18.350241,164.475472,14.732606,147.262023,10.597285,130.181942,5.915894,113.233571,1.967909,96.118775,0.739384,78.716964,3.337277,61.287691,7.526966,44.217496,13.683172,27.770269,22.479081,12.762833,36.447941,1.861028,53.950623,0.096117,69.379292,8.286169,77.773032,22.834734,83.071094,39.631846,86.237187,56.908022,85.993170,74.400645,83.922282,91.913388,82.171370,109.426387,80.979445,126.979851,81.686810,144.478643,83.869889,161.912642,84.624473,179.443695,84.482661,197.047136,85.765743,214.652506,85.184771,231.778383,76.881282,246.638282,60.224735,251.322565
Type00,L,255,62.711983,256.622871,45.139599,253.844697,32.636718,241.083254,27.846447,224.287909,25.325175,206.473253,22.720406,188.665498,19.753259,170.913368,16.632651,153.184261,12.396969,135.726992,7.119310,118.520977,2.553495,101.130863,0.485277,83.411031,2.720407,65.572354,6.705180,48.038321,12.687753,31.098159,21.194998,15.381361,34.276519,3.035153,51.942086,0.286014,67.982611,7.591269,78.451916,21.551103,84.227517,38.433645,87.453135,56.126752,88.042329,74.005335,85.936880,91.854460,83.202117,109.645575,81.529155,127.557287,81.839773,145.504134,83.937881,163.379773,85.661635,181.279672,86.457369,199.263522,87.805076,217.204370,87.716265,234.668045,79.378656,250.169939,62.880613,256.314566
Type00,L,260,66.722896,260.504328,48.476030,260.245692,33.268184,249.397284,27.159455,232.904306,23.817111,214.865936,21.040704,196.723153,18.317552,178.558401,15.423496,160.401348,11.431397,142.494337,6.652087,124.777136,2.471023,106.911222,0.107578,88.803644,1.549378,70.582141,5.560905,52.699864,11.920943,35.504808,20.292865,19.180089,32.025589,5.165561,49.671159,0.510596,66.921207,5.653187,78.994376,18.952167,85.160724,35.936868,88.760604,53.950895,91.469256,72.196566,90.418071,90.358616,86.611776,108.368646,84.570689,126.598424,85.337385,144.903474,87.408749,163.150580,88.933759,181.442519,90.146413,199.754997,90.749021,218.036170,89.828325,236.079483,82.602468,252.516140,66.834173,259.676975
Type00,L,265,67.964061,266.385949,49.362619,266.392494,35.660984,254.169022,28.994317,237.251768,25.114740,218.970874,21.876834,200.559145,18.675226,182.137924,15.004666,163.807353,10.538427,145.657818,5.858770,127.557473,2.032597,109.264286,0.026926,90.733372,1.120239,72.133268,5.381825,53.979907,12.115121,36.547429,20.574580,19.959058,32.524623,5.737003,50.464950,0.468293,67.949689,6.122806,79.211744,20.247270,85.719469,37.575247,89.783305,55.818503,91.904101,74.333918,90.210321,92.757622,86.953210,111.131454,85.886081,129.748359,86.968814,148.401225,88.589527,167.020666,89.581184,185.692999,90.914805,204.338391,91.828001,222.981119,90.472695,241.542666,83.863301,258.422710,67.886438,265.851669
Type00,L,270,64.998453,273.245950,46.420778,270.706785,35.979211,255.543741,30.595524,237.676740,27.639936,219.063814,24.542091,200.467211,20.703261,182.005865,16.111226,163.719902,10.957852,145.576475,5.905925,127.406188,1.928111,108.993098,0.287519,90.273882,1.891637,71.546795,6.800382,53.377556,13.648694,35.779319,22.345902,19.303859,36.129753,6.486182,54.735935,2.569675,71.342468,11.221962,80.745764,26.894708,87.080015,44.639685,91.121290,63.015378,90.947045,81.639352,87.760570,100.214800,85.838452,118.899631,86.279381,137.729123,87.502343,156.544288,88.525086,175.370245,89.211014,194.213440,90.255528,213.039378,91.612805,231.850397,89.988437,250.443152,82.387840,266.929639,65.059750,273.363004
Type00,L,275,61.711813,275.424941,43.344185,270.786249,32.652705,255.512252,27.540537,237.500434,24.912614,218.757091,22.302140,200.006251,18.512605,181.466292,14.255749,163.012373,9.815744,144.602241,5.605590,126.141441,1.932783,107.567894,0.334316,88.797177,2.665383,70.142635,8.470886,52.106353,15.622803,34.524971,24.720964,18.208088,39.809378,6.634119,58.891576,4.251608,75.080439,14.097735,84.221445,30.095788,89.533484,48.231563,92.939533,66.843383,93.768757,85.685001,91.992342,104.508946,89.748965,123.310623,90.077338,142.117490,92.379882,160.905604,93.659715,179.766487,93.549247,198.696790,93.486538,217.619778,93.278149,236.506733,89.719637,254.919870,80.602793,270.941445,62.336293,274.990774
Type00,L,280,60.989783,271.259568,42.839755,266.714107,28.830570,253.913764,22.182097,236.504685,18.528866,217.740315,16.145738,198.730112,12.939245,179.865182,9.870696,160.898836,7.051131,141.841033,4.554104,122.718208,1.699597,103.706242,-0.038330,84.736819,2.547218,66.015124,8.894307,47.921101,16.471305,30.326534,25.873368,13.885406,40.665576,2.283067,59.646472,0.209685,76.359211,8.453943,86.814664,23.614686,91.029905,42.127915,93.793578,61.166967,98.454187,80.463790,100.179029,99.736683,96.253472,118.657732,95.057532,137.512673,98.832413,156.378512,101.028778,175.357629,99.880749,194.532955,98.591796,213.680242,95.811280,232.793519,89.736710,251.309142,80.072938,267.458374,62.115837,269.400285
Type01,L,230,46.707916,233.497595,30.579943,230.813682,20.728959,218.186393,16.752268,202.649929,14.448031,186.424725,12.554984,170.153471,10.684056,153.876248,8.324534,137.663543,5.539195,121.516920,2.633702,105.390568,0.632522,89.156914,0.448561,72.809201,2.456313,56.576028,6.418340,40.702943,12.232059,25.405581,20.205269,11.354370,33.428740,1.695417,49.713167,0.128169,62.961337,9.157803,71.654441,22.632395,76.754069,38.111275,78.830686,54.300313,79.183201,70.668786,78.964673,87.048838,78.766472,103.432315,78.949963,119.816280,79.067072,136.196314,78.110644,152.526995,76.658262,168.831129,76.095488,185.207372,75.233671,201.565756,71.964180,217.299750,62.756632,230.139639,46.802297,233.331660
Type01,L,235,51.276648,234.948840,34.882755,233.131258,23.412142,221.558560,19.034079,206.154856,16.909935,189.793994,15.090290,173.403161,12.615393,157.110874,9.633240,140.893674,6.460684,124.708810,3.439358,108.494549,1.114746,92.173485,0.144143,75.747534,1.284505,59.339563,4.666132,43.266421,10.375002,27.803568,18.054462,13.417476,30.508204,2.651390,46.786146,0.082586,61.245273,7.626342,71.195611,20.437108,76.893782,35.737546,79.076985,52.016576,79.123751,68.495964,78.847952,84.983235,78.697859,101.472666,78.851857,117.960703,79.140741,134.448670,78.841222,150.922759,78.203199,167.387513,77.837467,183.878340,76.978155,200.351909,74.528920,216.442536,66.295822,230.160462,50.984099,234.394084
Type01,L,240,52.695125,239.207700,35.987058,237.585772,24.342948,225.790909,19.463107,210.158520,17.377525,193.483946,15.805988,176.740722,13.206251,160.147008,9.925606,143.655189,6.549023,127.183155,3.502509,110.650892,1.179616,94.002395,0.066533,77.257260,0.861700,60.484837,3.850218,44.001115,9.507994,28.191315,17.466511,13.617423,30.150815,2.609189,46.772334,0.070722,61.801743,7.415365,72.175715,20.277099,77.669458,35.923303,79.714741,52.554201,79.660133,69.353246,79.392370,86.165228,79.397655,102.980928,79.490248,119.795496,79.683449,136.610480,79.788312,153.425119,79.705291,170.238712,79.478520,187.050378,78.710497,203.847027,76.290774,220.284483,68.121120,234.450546,52.531403,238.699560
Type01,L,245,51.901109,245.002556,34.902825,242.987213,24.141969,230.075745,18.801188,213.985842,16.551808,196.928753,15.156531,179.740621,12.753029,162.691448,9.479537,145.768772,6.074788,128.872119,3.056757,111.907316,0.940289,94.812591,0.171647,77.624994,1.188190,60.431902,4.227282,43.505701,9.952587,27.293636,18.510796,12.634786,32.048621,1.994932,49.183099,0.078844,64.226289,8.198791,74.183640,21.747024,79.019396,38.058865,80.852736,55.161450,80.894416,72.381626,80.602065,89.619307,80.665199,106.862372,80.714538,124.106286,80.761657,141.349678,80.989756,158.590823,81.130788,175.831137,80.993317,193.064485,80.349541,210.284425,77.443796,227.012465,68.685359,241.231802,52.199615,244.835278
Type01,L,250,51.780899,250.920548,34.518916,248.390458,24.522262,234.442705,18.877621,217.905209,16.286852,200.504824,14.696960,182.942006,12.373389,165.475437,9.166027,148.135624,5.765829,130.830862,2.732871,113.462489,0.734287,95.955240,0.290174,78.351816,1.813488,60.812090,5.433342,43.588709,11.388181,27.045226,20.383351,12.216349,34.553372,1.763452,52.105349,0.082132,67.134121,8.965177,76.353965,23.416819,80.787452,40.340890,82.607628,57.856927,82.803511,75.475251,82.305234,93.102849,82.088816,110.734458,82.156638,128.370182,82.356002,146.004632,82.642179,163.637776,82.825173,181.271586,82.762076,198.906368,82.213718,216.527878,78.998227,233.548800,69.743470,247.807236,52.452044,251.012373
Type01,L,255,54.447737,256.169696,36.904387,253.461813,26.629901,239.312071,20.870122,222.497595,17.879353,204.832980,15.649586,187.039582,12.965145,169.309617,9.637262,151.675260,6.139973,134.071002,2.985977,116.405998,0.816791,98.603463,0.283583,80.694828,2.239768,62.927058,6.782079,45.599552,13.097556,28.841065,22.051066,13.612621,36.034539,2.546304,53.763124,0.072899,69.199865,8.919541,77.972368,24.048360,82.699559,41.279842,84.828129,59.061137,85.081744,76.988459,84.138356,94.899837,83.249063,112.810066,83.381989,130.729728,84.195971,148.645375,84.746152,166.574172,84.972375,184.517398,84.961871,202.467461,84.492434,220.406440,81.644812,237.800414,72.565731,252.444918,55.094271,256.142028
Type01,L,260,59.205739,260.885031,41.325546,258.418762,29.862454,244.816518,24.124980,227.857436,20.832521,209.961408,17.784627,192.019248,14.389559,174.139986,10.728708,156.310045,7.032740,138.487781,3.685468,120.600703,1.133967,102.585383,0.166367,84.450853,2.315125,66.509350,7.732182,49.151534,14.432543,32.235566,22.985309,16.425127,36.127642,4.058207,53.879094,0.073209,70.090952,8.177009,78.943398,23.600094,84.426625,40.896062,87.025520,58.851024,87.192141,77.023536,85.678851,95.147772,83.953277,113.264938,84.122628,131.400454,85.805208,149.521856,86.916917,167.675399,87.224298,185.872973,87.174626,204.073435,86.854186,222.273177,84.910379,240.125459,76.591722,255.515190,59.496184,260.389863
Type01,L,265,63.223939,265.796081,44.951593,263.690302,32.368196,250.616747,26.718063,233.461354,23.324501,215.280276,19.705013,197.132151,15.678886,179.068382,11.673175,161.020626,7.794693,142.954096,4.275911,124.818214,1.399820,106.562815,0.075530,88.175851,2.256562,69.997933,8.139000,52.490333,15.131845,35.364954,23.360587,18.988641,35.758072,5.349254,53.613180,0.115577,70.494938,7.580978,79.727952,23.089662,85.750715,40.496817,88.674779,58.676781,88.683460,77.113001,86.695518,95.479838,84.357094,113.838234,84.464488,132.227519,86.824439,150.582239,88.627879,168.972722,88.950668,187.444713,88.702734,205.909250,88.654865,224.393723,87.502858,242.717806,79.902197,258.896568,63.180346,264.795159
Type01,L,270,64.183019,271.512529,45.494540,269.522159,32.721412,256.251033,27.197515,238.693626,23.887657,220.121800,20.193841,201.612738,16.012026,183.202217,11.884720,164.805664,7.944551,146.381013,4.333314,127.892213,1.389197,109.283847,0.125308,90.533843,2.335043,71.980023,8.160009,54.087285,15.308390,36.630334,23.653305,19.874319,36.060451,5.648109,54.273689,0.208531,71.318056,7.861156,80.844722,23.528491,86.704957,41.333381,89.634173,59.890805,89.522197,78.674399,87.321890,97.392695,84.876795,116.109941,84.837083,134.870649,87.343434,153.571115,89.666368,172.285784,89.859115,191.111705,89.283955,209.921744,89.536539,228.775066,88.488475,247.510510,80.999761,264.197378,64.133546,270.274210
Type01,L,275,62.245781,277.912594,43.159363,275.680132,31.121562,261.443659,25.795613,243.294048,22.636420,224.256099,19.262294,205.255639,15.454009,186.337138,11.504366,167.457523,7.611877,148.572232,3.952636,129.641795,1.148016,110.580672,0.296674,91.368644,2.578972,72.323913,8.003403,53.861478,15.221207,35.976887,24.120655,19.036461,37.324743,4.979829,56.116911,0.320957,72.859758,8.974361,82.398702,25.004354,87.528061,43.472069,90.252621,62.530336,90.105479,81.735736,87.961128,100.905371,85.918220,120.090443,85.753038,139.325199,87.880209,158.481520,90.316133,177.617387,90.304091,196.872118,89.420948,216.109206,89.767735,235.400295,88.093920,254.471025,80.090118,271.325236,62.520223,276.769539
Type01,L,280,59.622594,284.013039,40.201819,281.360831,29.069617,265.972183,24.053897,247.217464,20.977065,227.740898,17.978025,208.252112,14.793708,188.795480,11.206215,169.408799,7.365347,150.069635,3.617026,130.712962,0.930742,111.207775,0.461626,91.540974,2.775215,72.006401,7.775279,52.972375,15.066396,34.673272,24.633177,17.626634,38.883554,4.036088,58.263943,0.401221,74.647491,10.203070,84.008467,26.703058,88.434111,45.842030,91.027732,65.381828,90.900834,84.997922,88.952545,104.620740,87.578511,124.280639,87.434343,143.984839,88.955623,163.612301,91.058682,183.196469,90.941105,202.879775,89.945624,222.548848,89.968884,242.256945,87.392847,261.612131,78.711405,278.480818,60.286655,283.122376
Type02,L,230,63.198584,233.558114,46.819216,230.885327,37.065647,217.930640,32.026468,202.230940,28.449612,185.948893,24.926689,169.655161,20.958418,153.467460,16.285368,137.471526,10.729476,121.766014,5.243191,106.034432,1.472808,89.853129,0.282983,73.294254,1.989130,56.768652,6.194102,40.686136,12.901512,25.499960,22.524740,12.205120,36.712184,3.637455,52.933852,0.176298,67.997231,7.285420,76.363737,21.284447,81.765660,36.991485,84.822840,53.354964,87.238305,69.849566,84.564376,85.930636,78.820035,101.566353,73.516960,117.340171,71.905201,133.621075,74.759856,150.003700,79.316145,166.033550,83.947075,182.035620,86.898214,198.404491,86.330385,214.750296,79.310088,229.228544,63.601970,233.319224
Type02,L,235,63.398371,235.397490,46.816532,233.254018,37.295238,220.122857,32.375660,204.247846,28.791973,187.836327,25.216962,171.426062,21.172399,155.131864,16.535494,138.994649,11.209046,123.084259,5.910479,107.161784,1.973389,90.879128,0.346174,74.238816,1.902625,57.616588,6.331848,41.465152,13.136531,26.173904,22.692170,12.683523,36.791082,3.799716,53.105679,0.197735,68.203562,7.493532,76.416069,21.632090,81.696307,37.516002,84.611481,54.035544,86.989444,70.666169,84.342248,86.859014,78.439054,102.561432,72.773825,118.349168,71.053179,134.704466,74.014373,151.212971,78.571045,167.360297,83.494362,183.403582,86.584105,199.865661,86.253566,216.413719,79.746335,231.115887,63.940314,235.319073
Type02,L,240,63.905596,240.127641,46.965143,238.558153,37.728596,225.015852,32.937686,208.760429,29.408688,192.016540,25.791319,175.296872,21.614643,158.717542,16.962916,142.257989,11.913720,125.928230,6.860779,109.598064,2.669903,93.035823,0.439641,76.143072,1.799517,59.245199,6.554562,42.858001,13.538060,27.289705,23.101680,13.424622,37.146707,3.952249,53.747266,0.219429,68.943774,7.980728,76.958228,22.456224,81.988330,38.753764,84.782468,55.619032,87.085298,72.578358,84.400400,89.058496,78.172622,104.962373,72.037561,120.914139,70.220268,137.535307,73.267854,154.367184,77.788413,170.831457,83.135988,187.072731,86.546413,203.777701,86.574973,220.728951,80.653318,235.835440,64.595805,240.258268
Type02,L,245,64.439889,245.803440,47.206935,244.360720,38.146870,230.316356,33.369865,213.655596,30.004033,196.509355,26.461122,179.402945,22.181911,162.475303,17.394661,145.673772,12.441869,128.924489,7.527843,112.163952,3.137462,95.260282,0.515738,78.041799,1.747382,60.797809,6.701156,44.085027,13.816400,28.169596,23.514182,13.950997,37.615675,3.932694,54.588592,0.221152,69.902627,8.560271,77.798312,23.429078,82.535423,40.200958,85.381816,57.433461,87.593171,74.768817,84.781604,91.600236,78.231829,107.765870,71.856610,124.002352,70.021899,140.989637,73.009171,158.209175,77.440455,175.065161,83.070613,191.603429,86.894994,208.584369,87.193517,225.931495,81.462907,241.383885,65.129108,246.062239
Type02,L,250,64.929489,251.436109,47.585947,249.298492,38.403268,234.781357,33.447356,217.792172,30.341083,200.245324,26.996620,182.740826,22.687429,165.456682,17.633530,148.366040,12.444011,131.315863,7.427174,114.214695,3.011530,96.956118,0.525703,79.373356,1.813464,61.759516,6.696540,44.662166,13.852682,28.390341,23.870619,13.956753,38.207898,3.630688,55.597234,0.187792,71.034396,9.099554,79.007717,24.338120,83.501246,41.541371,86.665287,59.076509,88.800055,76.761429,85.749164,93.944537,78.971004,110.400489,72.835741,127.051446,71.159213,144.476819,73.876473,162.080661,78.171042,179.341253,83.743642,196.267136,87.968098,213.516664,88.281632,231.132597,81.981513,246.741289,65.386086,251.620828
Type02,L,255,65.581689,257.278093,48.185780,253.887499,38.540780,238.992616,33.305644,221.708597,30.419232,203.755074,27.214554,185.849366,22.895700,168.183876,17.579549,150.787874,11.960756,133.483464,6.648234,116.086498,2.367067,98.430842,0.461108,80.424347,1.991787,62.399937,6.660003,44.866107,13.878467,28.240980,24.362467,13.661202,39.068070,3.167496,56.930293,0.131527,72.518673,9.564040,80.754338,25.161418,85.118176,42.768282,88.727190,60.596610,90.832242,78.636917,87.472781,96.170463,80.498324,112.950628,74.936445,130.125970,73.617077,148.069228,75.991692,166.071662,80.160956,183.760221,85.436495,201.163683,89.934891,218.731889,90.055020,236.557083,82.641864,252.247829,65.721241,257.199787
Type02,L,260,66.581241,263.394929,48.960626,259.034925,38.706342,243.905074,33.314253,226.280792,30.419870,207.921908,27.052219,189.641730,22.649511,171.576340,17.289583,153.775664,11.415774,136.129973,5.836184,118.392634,1.709581,100.298230,0.366243,81.834158,2.190665,63.376380,6.802217,45.417800,14.260769,28.472494,25.177442,13.665441,40.206637,2.899928,58.563067,0.130618,74.340828,9.979400,82.866197,25.938490,87.236477,43.949392,91.100720,62.141575,93.239633,80.575182,89.627557,98.442966,82.376846,115.553065,77.241167,133.235553,76.361701,151.713436,78.594151,170.130947,82.735740,188.254650,87.808811,206.143522,92.362971,224.121138,92.306711,242.233403,83.991157,258.157816,66.615945,263.027358
Type02,L,265,67.727263,268.452611,49.675569,264.149513,38.978213,249.258841,33.711251,231.624024,30.562518,213.298794,26.731144,195.106788,22.179508,177.061522,17.096957,159.163742,11.395869,141.446180,5.788086,123.695167,1.739522,105.571160,0.573450,87.085983,2.609374,68.624096,7.498429,50.706050,15.391178,33.853848,26.536698,18.980932,41.695796,7.962448,60.437488,5.159135,76.381190,15.022062,85.033578,30.965472,89.491329,48.968723,93.201957,67.199625,95.395051,85.641065,91.673810,103.424345,84.056078,120.473440,78.833585,138.142823,78.260999,156.669407,80.661996,175.078843,84.875956,193.195315,90.033075,211.079716,94.393945,229.124532,94.321458,247.262322,85.880698,263.327403,68.010815,267.946930
Type02,L,270,68.477433,270.351842,50.015602,266.764203,39.172524,252.095318,34.171191,234.390166,30.653285,216.094859,26.293743,197.982268,21.580869,179.946427,16.883091,161.907894,11.587876,144.037782,6.122738,126.210488,2.033434,108.059228,0.641905,89.570335,2.706455,71.113545,7.984998,53.265739,16.247979,36.496675,27.337702,21.467246,42.401479,10.158934,61.265271,7.082163,77.298750,16.833570,85.921680,32.770561,90.526215,50.774410,93.854427,69.104016,96.124055,87.581250,92.483878,105.303900,84.619251,122.309977,78.973677,139.877708,78.497099,158.382755,81.267833,176.789189,85.631372,194.886088,91.084645,212.714564,95.159860,230.859686,95.226898,249.129048,87.348864,265.468962,69.179607,269.874873
Type02,L,275,68.436076,268.199057,49.864268,265.324128,39.139105,250.760431,34.334495,232.988363,30.566188,214.703284,25.939030,196.616541,21.164327,178.571240,16.708365,160.437570,11.717520,142.453236,6.403659,124.557265,2.241354,106.388836,0.536088,87.900042,2.502258,69.445345,7.982978,51.641061,16.330234,34.901046,27.183671,19.750511,42.046457,8.336884,60.729373,4.976019,76.732760,14.550176,85.256276,30.485334,90.002208,48.484314,93.018271,66.899442,95.349021,85.413864,91.890178,103.130024,84.054477,120.141683,78.046512,137.617975,77.470403,156.071548,80.536603,174.482185,85.027290,192.563108,90.707616,210.346264,94.553177,228.571488,94.748402,246.967360,87.539642,263.513703,69.420818,267.828054
Type02,L,280,67.730162,263.351313,49.381440,260.781778,38.890535,246.196418,34.114124,228.398146,30.302820,210.102570,25.747266,191.984132,21.031793,173.913711,16.584670,155.765507,11.634174,137.761963,6.373391,119.845010,2.174151,101.669766,0.304388,83.174484,2.139135,64.712512,7.534870,46.901806,15.675657,30.132496,26.262036,14.958810,40.942975,3.683581,59.260072,0.172414,75.143228,9.567332,83.585760,25.500187,88.431050,43.482480,91.360277,61.930643,93.721657,80.466600,90.442012,98.226030,82.879268,115.290528,76.790369,132.741229,76.022329,151.149625,79.173757,169.569702,83.718654,187.646396,89.414741,205.428530,93.153965,223.689808,93.367971,242.140895,86.521628,258.730177,68.734782,263.075386
Type03,L,230,50.973495,233.577242,34.902808,230.548286,25.765205,217.440151,20.869561,201.930056,18.115532,185.767917,15.807637,169.522347,12.954470,153.369952,9.549605,137.318211,6.058639,121.285860,2.916369,105.185088,0.781050,88.932951,0.233546,72.562338,1.774761,56.262761,5.721983,40.409578,12.208442,25.387818,21.319313,12.006722,34.207008,2.228724,50.344562,0.438442,64.669743,8.491493,72.413245,22.698645,76.831920,38.426781,78.566140,54.702571,79.179662,71.099647,78.104443,87.438296,75.589050,103.643350,72.922097,119.832502,72.289210,136.136386,74.192745,152.411830,76.586886,168.635835,78.173339,184.966241,79.191729,201.338000,77.019795,216.927945,66.963014,229.623102,51.245098,233.301784
Type03,L,235,51.421106,235.763055,35.257084,232.866181,26.254068,219.731062,21.525148,204.074906,18.094962,187.952133,15.478613,171.692534,12.757180,155.453484,9.568723,139.293596,5.959326,123.235947,2.595475,107.129762,0.560785,90.817137,0.288186,74.372203,1.906807,58.014382,5.892494,42.119930,12.292144,26.977064,21.243853,13.525909,33.932717,3.720525,49.884117,0.726434,64.893071,8.167969,72.505363,22.685897,77.122125,38.399161,78.543238,54.781454,78.884171,71.258182,77.729023,87.659444,75.237919,103.925109,72.497198,120.167808,71.840760,136.521895,73.811604,152.855585,76.162625,169.144168,77.828656,185.527509,79.035976,201.918944,76.662593,217.676751,67.452590,231.139056,51.823543,235.467312
Type03,L,240,52.144402,240.557803,35.732426,237.681602,26.602349,224.323165,21.651187,208.430243,17.888747,192.087303,15.157247,175.566564,12.496095,159.034020,9.427064,142.564109,5.775958,126.235473,2.372005,109.860129,0.435297,93.258023,0.282632,76.526211,1.874631,59.885050,5.908208,43.730815,12.460966,28.341362,21.510573,14.657849,34.136475,4.502794,50.281066,0.787275,65.653807,8.332268,73.265790,23.251119,78.007821,39.207612,79.256481,55.892835,79.668764,72.653404,78.515646,89.315480,75.893173,105.841843,73.177100,122.358790,72.688834,138.993221,74.691253,155.607471,76.881719,172.190457,78.513991,188.857529,79.892395,205.499269,77.352311,221.587937,68.455794,235.618769,52.610190,240.274907
Type03,L,245,52.883702,246.420317,36.146177,243.449139,26.675137,229.729698,21.178236,213.578660,17.568583,196.815922,14.955805,179.863954,12.264398,162.919278,9.162758,146.035395,5.556501,129.271653,2.314462,112.442096,0.447301,95.407171,0.208443,78.261069,1.661291,61.195266,5.745286,44.642903,12.677198,28.965499,22.018389,14.935344,34.759710,4.199288,51.448471,0.585366,66.705967,8.936170,74.459785,24.201609,79.208223,40.591341,80.503126,57.679394,81.308625,74.841641,80.227368,91.883924,77.356750,108.793144,74.763626,125.723587,74.568882,142.783980,76.548756,159.816656,78.527738,176.833517,80.031085,193.928683,81.506673,210.978085,78.906556,227.456811,69.644807,241.645604,53.329752,246.176855
Type03,L,250,53.655242,252.164367,36.554979,249.126108,26.680790,235.022345,20.624994,218.598325,17.424855,201.345100,15.020396,183.917638,12.273550,166.536283,9.034482,149.232882,5.473911,132.000639,2.420981,114.678177,0.555338,97.186399,0.110996,79.601463,1.393334,62.080066,5.526352,45.094934,12.892924,29.121894,22.474035,14.655532,35.464529,3.276940,52.842351,0.278806,67.759095,9.613231,75.781936,25.098782,80.495083,41.972637,81.990001,59.467181,83.234440,77.053318,82.217189,94.506519,79.104503,111.830680,76.640482,129.206144,76.665528,146.721261,78.589787,164.201174,80.434974,181.673454,81.828815,199.223012,83.347923,216.724908,80.834074,233.591522,70.893186,247.709555,54.049298,251.940158
Type03,L,255,54.708966,257.564896,37.195928,254.665874,26.993322,240.255382,20.694907,223.500219,17.762818,205.798296,15.452018,187.945006,12.717299,170.149641,9.342500,152.463895,5.718996,134.825764,2.649196,117.090424,0.680033,99.198714,0.058436,81.211448,1.255325,63.274446,5.430072,45.884347,13.067117,29.577682,22.608842,14.591282,35.886705,2.654869,53.854788,0.093200,68.656672,9.957369,77.049270,25.566596,81.817503,42.856243,83.518820,60.720285,84.931837,78.702756,83.894012,96.550784,80.666979,114.272206,78.220539,132.055100,78.206123,149.976556,80.085897,167.864711,81.972868,185.740626,83.397509,203.694234,84.972704,221.612574,82.678996,238.870779,72.316649,253.085463,55.087129,257.288398
Type03,L,260,56.261601,263.092014,38.258574,260.590624,27.813010,245.983925,21.675560,228.813643,18.644969,210.735471,16.232962,192.518665,13.611584,174.325627,10.181480,156.276202,6.356168,138.304283,2.972562,120.257447,0.780604,102.029804,0.092119,83.677321,1.356669,65.368996,5.551215,47.597553,13.170890,30.871603,22.402906,15.311596,35.926072,2.951270,54.265070,0.135463,69.440286,9.856031,78.274844,25.576970,83.254041,43.185105,85.059602,61.401823,86.282345,79.760163,85.140704,97.992241,81.956456,116.095870,79.366577,134.245096,79.040555,152.521555,80.920726,170.778558,83.006784,189.008732,84.620237,207.315332,86.304345,225.603606,84.306677,243.290734,74.076729,258.010372,56.676808,262.682180
Type03,L,265,58.250611,269.086417,39.694496,267.110688,28.984500,252.387319,23.204349,234.761662,19.814377,216.341934,17.212782,197.780545,14.749452,179.187169,11.346313,160.759394,7.262756,142.474613,3.394564,124.159326,0.882362,105.622157,0.201738,86.916428,1.666162,68.251167,5.838251,50.087052,13.186688,32.853898,22.101017,16.751614,35.798203,4.067452,54.330399,0.323914,70.245876,9.559901,79.556884,25.443850,84.843932,43.321894,86.648725,61.909205,87.525658,80.647563,86.284930,99.272896,83.224019,117.762790,80.384027,136.267310,79.654228,154.886950,81.582160,173.506239,83.894777,192.083991,85.747382,210.734769,87.567258,229.379836,85.863204,247.533588,76.138668,263.050140,58.703087,268.507731
Type03,L,270,60.290181,275.057057,41.199987,273.516547,30.107259,258.712468,24.573139,240.695177,20.856358,221.938931,18.159611,203.028618,15.802908,184.052316,12.456075,165.242626,8.187851,146.633735,3.900501,128.041555,1.030699,109.204859,0.339473,90.162713,2.051506,71.152591,6.148812,52.585455,13.113014,34.831482,22.000943,18.336333,35.808083,5.389595,54.462031,0.484633,71.116787,9.434173,80.876109,25.527820,86.434756,43.673515,88.203273,62.639318,88.882645,81.749011,87.648490,100.759171,84.680642,119.623229,81.595885,138.474135,80.603872,157.437950,82.602943,176.415351,85.025017,195.346203,87.020629,214.346471,88.936491,233.345396,87.454038,251.939673,78.175176,268.190840,60.709693,274.343183
Type03,L,275,61.836154,279.659165,42.357485,278.306183,30.799954,263.447006,25.238451,245.208925,21.445908,226.160984,18.844723,206.947336,16.485535,187.680273,13.172332,168.561317,8.873052,149.661134,4.404889,130.809703,1.225937,111.728427,0.452887,92.426484,2.368548,73.141558,6.354437,54.233329,12.973208,36.074103,22.212805,19.427272,36.076134,6.296353,54.831680,0.502724,71.899104,9.644575,81.991268,25.928113,87.676939,44.315857,89.437036,63.592143,90.219419,82.993547,89.124493,102.305943,86.160753,121.461146,82.929128,140.590921,81.934378,159.844543,83.996889,179.114200,86.356686,198.344738,88.325947,217.643108,90.248679,236.937645,88.876370,255.839590,79.679512,272.450369,62.132696,278.890730
Type03,L,280,62.453013,281.430236,42.839769,280.001400,30.900003,265.136742,25.105483,246.900227,21.494129,227.698444,19.125057,208.326627,16.670057,188.950848,13.351492,169.695843,9.159941,150.636100,4.767330,131.634323,1.408567,112.445133,0.510280,93.042558,2.529951,73.640877,6.406446,54.562263,12.813505,36.233007,22.599886,19.690664,36.465079,6.514709,55.268049,0.390814,72.322662,10.060116,82.552236,26.432228,88.197782,44.953706,89.989241,64.371028,91.088143,83.892597,90.198011,103.331447,87.170899,122.605180,83.918064,141.857104,83.124261,161.250827,85.221251,180.652778,87.407585,200.030009,89.221371,219.476379,91.064374,238.913928,89.689333,257.899762,80.221787,274.410253,62.586353,280.689544
Type04,L,230,55.142551,232.603183,38.607786,231.526257,27.674095,219.633290,23.091391,204.194226,20.535604,187.808320,17.845854,171.440225,14.811907,155.135088,11.393769,138.903124,7.902061,122.686317,4.372412,106.478488,1.362800,90.182285,0.240347,73.689909,1.904733,57.239414,6.086608,41.232565,12.577404,25.996321,21.212966,11.992200,34.376967,1.911629,50.691816,0.104364,66.130233,5.756360,76.197484,18.159731,81.224630,33.696419,82.456836,50.178462,81.490963,66.710472,79.690133,83.199546,78.305637,99.725464,77.271206,116.281329,77.386544,132.799856,79.294782,149.275252,80.932033,165.780060,82.052144,182.326792,82.403511,198.901443,80.037000,215.046024,72.031394,228.890828,55.878150,232.608219
Type04,L,235,55.807528,235.300077,39.379064,233.456505,28.904756,221.199177,23.140788,205.909489,20.069313,189.613930,17.541745,173.204372,14.536656,156.882073,11.181347,140.622917,7.780948,124.371814,4.430811,108.111718,1.550601,91.773355,0.282085,75.287159,1.664192,58.814376,5.495629,42.716954,11.676830,27.366890,20.578864,13.576427,33.350956,3.109594,49.666493,0.106504,64.711811,6.857830,74.324475,19.864209,79.822166,35.363161,81.892140,51.776799,81.794253,68.345975,80.251196,84.852257,78.220667,101.324115,76.768829,117.845323,76.758783,134.413117,78.055997,150.958954,79.840675,167.460213,81.486377,183.967013,82.085808,200.544455,79.943194,216.685255,71.940108,230.932899,56.206070,235.046528
Type04,L,240,58.244982,241.005407,41.614306,238.324792,30.750571,225.943703,24.723521,210.352559,21.627233,193.725176,19.052627,176.986534,15.841783,160.363379,12.263464,143.812928,8.618338,127.277381,5.076435,110.719351,1.989443,94.075777,0.363542,77.293159,1.638814,60.499321,5.711059,44.115809,11.848416,28.372663,20.255412,13.980102,33.662841,3.769280,50.253348,0.164866,65.358479,7.491921,75.083379,20.871643,81.214611,36.571268,84.038448,53.198492,84.159487,70.078101,82.464140,86.893781,79.985704,103.650975,78.428821,120.482617,78.515592,137.399472,79.722746,154.289715,81.559238,171.118329,83.174553,187.963728,84.261635,204.861641,82.657772,221.259338,74.065706,235.703289,58.377577,240.636556
Type04,L,245,60.841703,246.984169,43.786931,244.022921,32.218892,231.505842,26.305606,215.445086,23.610837,198.261214,21.023285,181.039734,17.501378,163.979970,13.478099,147.030318,9.326295,130.113072,5.372590,113.148210,2.065299,96.049757,0.281402,78.777234,1.635079,61.506428,6.285648,44.748630,12.644227,28.532462,20.444842,13.182621,34.974393,3.586434,52.003075,0.219161,67.506350,7.568387,77.825750,21.021067,84.428787,37.072251,87.501827,54.112115,87.430497,71.467866,85.530209,88.758473,82.968758,105.995495,81.420718,123.319022,81.514790,140.713880,83.034845,158.065301,84.916278,175.377682,86.239365,192.745125,87.699550,210.112507,86.325606,227.007884,77.366773,241.606520,61.058443,246.689922
Type04,L,250,61.616988,251.903272,44.194661,248.759474,32.640664,235.674575,26.895904,219.138793,24.524976,201.474800,21.962573,183.824746,18.246097,166.368131,13.850698,149.064860,9.297120,131.802482,5.052046,114.464983,1.704882,96.943796,0.124588,79.200504,1.726243,61.520323,6.937494,44.444808,13.613873,27.870581,21.401985,11.939634,36.828817,2.843086,54.326178,0.200701,70.046103,7.907765,80.584808,21.658211,87.255997,38.122942,90.029897,55.609981,89.676998,73.420401,87.648641,91.134319,85.119351,108.802709,83.544962,126.565281,83.593808,144.371692,85.416406,162.124890,87.393265,179.856878,88.680710,197.660406,90.241528,215.437371,88.514120,232.803564,79.326755,247.531996,62.141595,251.664071
Type04,L,255,60.293143,256.254996,42.667056,252.665109,32.011007,238.659243,26.664009,221.620998,24.175150,203.683363,21.551465,185.755081,17.915430,167.997206,13.531850,150.403026,9.009318,132.843187,4.783112,115.212027,1.441337,97.406273,0.142677,79.363129,2.091140,61.433429,7.467388,44.105886,14.248503,27.277269,22.580229,11.384870,38.199403,2.115445,56.118054,0.111267,71.710221,8.849055,81.577859,23.425754,87.903719,40.334650,90.415652,58.160621,89.848553,76.258948,87.590066,94.230510,85.003684,112.172659,83.505335,130.225138,83.706890,148.314421,85.516040,166.352175,87.592322,184.358648,89.246484,202.409127,90.620059,220.465951,88.277622,238.070202,78.698962,252.899887,61.010148,255.909874
Type04,L,260,59.067339,261.005058,41.209957,257.289146,31.230390,242.623503,26.389953,225.111329,23.500033,206.986440,20.740764,188.837471,17.369086,170.796599,13.340884,152.887210,9.177923,135.006846,5.140090,117.097156,1.658229,99.080807,0.400989,80.863114,2.680488,62.723288,7.580800,45.052957,14.074264,27.908633,23.049054,12.253227,38.206846,1.965341,56.457569,0.060920,72.033317,9.557181,81.064278,24.970209,86.944197,42.328572,89.706359,60.389235,89.063205,78.664231,86.480440,96.830759,83.868701,114.999241,82.611834,133.292457,83.046028,151.629512,84.618404,169.917780,86.794469,188.146497,88.885078,206.382078,89.853424,224.685209,87.055154,242.457428,77.452755,257.595482,59.720874,260.505940
Type04,L,265,60.274741,266.586597,41.986573,263.477713,31.498117,248.799463,26.760217,230.968615,23.575188,212.552096,20.666048,194.094159,17.441774,175.695552,13.700626,157.389750,9.793056,139.117480,5.838441,120.856506,2.109354,102.551388,0.716219,84.097789,3.249167,65.622164,7.325013,47.425527,13.384486,29.828866,22.895898,14.092257,37.577194,2.574991,56.072720,0.153467,72.122751,9.283898,81.217066,24.897833,87.008549,42.654831,90.122487,60.995712,89.462870,79.552040,86.727810,98.033585,84.246098,116.543462,83.150632,135.176468,83.526535,153.849298,84.987102,172.468941,87.327159,191.005694,89.585315,209.547746,90.217269,228.188346,87.263983,246.357568,78.470527,262.161900,60.750502,266.024287
Type04,L,270,63.287042,272.668432,44.458818,270.304315,32.784187,255.905075,27.604643,237.875919,24.349387,219.034512,21.305953,200.158661,17.967327,181.335415,14.158706,162.597417,10.181488,143.894003,6.146885,125.203468,2.292393,106.476511,0.827681,87.621643,3.442320,68.685339,7.088506,49.933239,13.036738,31.865193,22.875527,15.637632,37.626314,3.463111,56.363979,0.323062,73.137138,8.543996,83.122284,23.907180,89.294168,41.980333,92.240684,60.738769,91.501719,79.769101,88.917517,98.712347,86.593773,117.681331,85.365440,136.758589,85.372803,155.859734,86.953915,174.903164,89.462844,193.859210,91.659118,212.846167,92.322908,231.916479,89.486106,250.698268,81.607740,267.217718,63.675309,272.100906
Type04,L,275,65.069723,277.927457,45.809009,275.785292,33.569230,261.353389,27.825162,243.111361,24.544849,223.888839,21.508428,204.620493,18.010487,185.431271,13.969916,166.345043,9.823844,147.281070,5.752530,128.200544,2.066570,109.047948,0.584403,89.752668,2.894007,70.409589,6.922211,51.345682,13.238632,32.972325,22.851228,16.116349,38.011289,3.847010,57.063238,0.383927,74.305775,8.358228,84.958303,23.723516,91.550549,42.039137,94.068371,61.215892,93.344425,80.704431,91.105321,100.077012,88.827334,119.446819,87.292680,138.902389,86.970060,158.379637,88.601162,177.808093,91.086704,197.159305,93.228172,216.546615,94.180814,235.991960,91.666940,255.264929,83.787787,272.088631,65.534235,277.336811
Type04,L,280,63.870226,280.315710,44.426721,278.011897,32.713787,263.162245,26.698905,244.718052,23.313387,225.368492,20.548507,205.912609,17.116797,186.574167,13.035697,167.349659,8.922388,148.131939,5.016139,128.871988,1.720923,109.502096,0.084419,89.975692,1.654767,70.475182,6.526272,51.474402,13.388021,33.066724,22.056933,15.758318,37.355668,3.435911,56.704047,0.258712,73.973464,8.894559,84.447490,24.715594,91.032747,43.168777,93.590213,62.517175,93.233092,82.152240,91.372081,101.704670,89.089250,121.223159,87.345988,140.796847,86.959074,160.417023,88.316961,180.011180,90.514571,199.540603,92.675520,219.073046,93.778105,238.660578,91.656792,258.021728,82.917472,274.636333,64.495974,279.709597
Type05,L,230,57.180419,249.509643,40.099711,246.658407,30.004817,233.251735,25.149415,216.949007,22.184132,200.030740,20.483664,182.956285,18.582616,165.898452,15.001372,149.130195,9.415834,132.888218,3.745410,116.674858,0.688506,99.874513,1.006262,82.776207,4.196504,65.921901,9.389556,49.525962,16.323230,33.766136,25.450982,19.169687,39.426416,8.818166,56.681153,5.860049,70.526776,14.725493,77.470286,29.748378,82.629428,46.102863,85.819206,62.760820,84.783225,79.796988,80.794180,96.472819,75.829991,112.956612,72.768627,129.762457,73.207048,146.864117,76.000133,163.799058,79.876136,180.539437,83.823416,197.257566,85.891057,214.204333,83.313575,230.915636,74.724167,245.375303,57.816788,249.572124
Type05,L,235,56.226484,245.590877,39.382416,242.713904,29.384630,229.329792,24.594179,213.010625,21.653205,196.076464,19.996702,178.984282,18.165729,161.904572,14.623497,145.122567,9.052243,128.881974,3.414057,112.666748,0.469350,95.841524,0.887109,78.725329,4.131071,61.876907,9.304536,45.489803,16.194136,29.754689,25.262856,15.180454,39.110720,4.919491,56.096279,1.956343,69.643388,10.807487,76.487094,25.853403,81.651857,42.200786,84.753910,58.860350,83.514677,75.908492,79.505378,92.585096,74.618169,109.075448,71.679193,125.896567,72.251607,143.017619,75.083762,159.961394,78.932170,176.714542,82.876994,193.439676,84.870367,210.399675,82.120028,227.107057,73.587646,241.554072,56.880987,245.667936
Type05,L,240,55.786878,244.201049,39.059780,241.140329,29.335671,227.623461,24.557541,211.281410,21.618901,194.341994,19.966563,177.242123,18.184671,160.148024,14.619374,143.370627,9.060246,127.123573,3.442825,110.900649,0.467922,94.077690,0.835530,76.957201,4.082747,60.104254,9.236684,43.718413,16.124909,27.993981,25.032421,13.373036,38.916639,3.225312,55.835956,0.492483,69.246135,9.485895,76.068431,24.558410,81.267418,40.898510,84.330509,57.570794,83.080034,74.631378,79.169864,91.332792,74.386734,107.847914,71.443730,124.675436,71.970180,141.799478,74.763467,158.754691,78.591176,175.516793,82.541053,192.245966,84.502928,209.211744,81.620928,225.924606,73.094467,240.322598,56.419937,244.223263
Type05,L,245,55.984427,245.941853,39.221506,242.511674,29.934973,228.604511,25.108671,212.121964,22.153763,195.073324,20.457629,177.862283,18.676662,160.650706,15.009712,143.784784,9.453396,127.411347,3.835473,111.063375,0.665133,94.159114,0.809008,76.936033,3.993796,59.954166,9.123878,43.451902,16.056035,27.616678,24.703452,12.781761,38.798324,2.688008,55.893641,0.406205,69.377417,9.769836,76.257936,24.977894,81.521823,41.425197,84.617340,58.234634,83.586647,75.420709,79.907847,92.282905,75.254437,108.950358,72.171773,125.885884,72.456025,143.108892,75.132086,160.192005,78.952247,177.072279,82.912727,193.917253,84.901647,210.995274,81.967707,227.833046,73.387254,242.241616,56.551279,245.848140
Type05,L,250,56.704615,250.300334,39.774028,246.381195,30.981997,231.846349,26.074093,215.046039,23.113436,197.713183,21.343834,180.219476,19.489073,162.725875,15.655966,145.608244,10.090316,128.929675,4.449106,112.279884,0.969274,95.136234,0.769407,77.644670,3.837187,60.350043,8.937737,43.554997,15.945667,27.432601,24.299750,12.197008,38.705649,2.026188,56.165045,0.275659,69.911754,10.197610,76.874414,25.711596,82.213812,42.447336,85.414664,59.575414,84.780818,77.061240,81.414651,94.271151,76.895898,111.270855,73.589673,128.482550,73.503675,145.970831,76.019977,163.359874,79.843131,180.532573,83.802875,197.672464,85.869945,215.036931,82.994016,232.172438,74.307536,246.726000,57.173567,250.084525
Type05,L,255,57.692476,256.042697,40.516311,251.677522,32.098582,236.480086,27.127899,219.274632,24.218452,201.558861,22.385128,183.691814,20.363613,165.840793,16.342192,148.381831,10.759376,131.309530,5.080142,114.269889,1.284018,96.795008,0.733558,78.948482,3.664057,61.249066,8.736079,44.071316,15.831297,27.570679,23.975621,11.879397,38.665761,1.497922,56.562513,0.143012,70.693543,10.626544,77.671555,26.540533,83.057310,43.666775,86.418348,61.198832,86.235749,79.068622,83.160009,96.708989,78.737631,114.122104,75.210802,131.700042,74.748948,149.544003,77.119570,167.325983,80.944715,184.881484,84.863495,202.414305,87.033015,220.158673,84.345767,237.667471,75.518128,252.466476,58.058809,255.781651
Type05,L,260,58.743716,262.017692,41.287971,257.408849,32.950080,241.706594,27.972344,224.094001,25.195093,205.969272,23.337497,187.713064,21.054116,169.508606,16.867775,151.684944,11.262496,134.213170,5.536370,116.777410,1.515955,98.940409,0.715723,80.724449,3.521847,62.612798,8.574676,45.041362,15.747718,28.148725,23.874784,12.067024,38.712461,1.340984,57.014837,0.048920,71.588595,10.921177,78.459116,27.251794,83.829723,44.796451,87.384536,62.729793,87.591223,80.985520,84.682465,99.042146,80.271920,116.857726,76.603042,134.819323,75.876093,153.039692,78.168488,171.218110,81.989782,189.168886,85.812751,207.116083,88.086643,225.258540,85.729025,243.130810,76.748236,258.245904,59.031188,261.850558
Type05,L,265,59.844753,267.739631,42.081078,263.163007,33.450843,247.193929,28.508417,229.210833,25.908143,210.685499,24.060613,192.054684,21.456417,173.524993,17.159472,155.336454,11.524455,137.491141,5.741815,119.684718,1.622730,101.479418,0.717776,82.905339,3.428062,64.406860,8.478632,46.460084,15.707402,29.189183,24.045429,12.823190,38.874168,1.629349,57.513254,0.011208,72.560357,11.026839,79.245830,27.744302,84.539738,45.702788,88.301898,64.002237,88.786672,82.615776,85.875235,101.035775,81.363873,119.205491,77.647038,137.537850,76.813178,156.128135,79.114838,174.675032,82.937708,193.001628,86.633599,211.350115,89.010234,229.877131,87.100972,248.080098,77.981297,263.570442,60.094998,267.791418
Type05,L,270,61.150037,273.336206,43.025452,269.021785,33.798238,252.967094,28.864633,234.642928,26.382350,215.726208,24.535261,196.724911,21.636990,177.868676,17.295011,159.300541,11.617821,141.090441,5.763670,122.922829,1.626492,104.337576,0.726847,85.400121,3.365868,66.523911,8.435941,48.203118,15.695944,30.549241,24.405481,13.958038,39.157688,2.216158,58.098510,0.018671,73.646514,10.990674,80.227106,28.047995,85.423324,46.419478,89.383157,65.071788,90.061986,84.035212,87.007354,102.786317,82.287582,121.279841,78.562007,139.978285,77.740561,158.942667,80.115128,177.848649,83.971548,196.542562,87.576083,215.282567,90.067754,234.188516,88.650532,252.727866,79.435699,268.646976,61.407460,273.623772
Type05,L,275,62.798980,278.973544,44.245270,275.021581,34.299216,258.934698,29.262862,240.283296,26.716055,220.985839,24.803401,201.605724,21.747573,182.384736,17.422782,163.409779,11.687926,144.820730,5.744875,126.279873,1.586584,107.301817,0.723538,87.977649,3.304016,68.711067,8.415449,49.997080,15.685766,31.934905,24.787471,15.099004,39.535087,2.813801,58.796130,0.043212,74.856832,10.917091,81.602643,28.255099,86.741491,47.040960,90.859359,66.063570,91.707440,85.395792,88.449716,104.480274,83.453187,123.297793,79.673080,142.367325,78.896742,161.720353,81.356959,181.001028,85.305189,200.068194,88.934623,219.194296,91.567960,238.482982,90.569315,257.412005,81.330840,273.787241,63.098904,279.361663
Type05,L,280,64.698476,284.268166,45.683751,280.640561,35.107576,264.479161,29.820611,245.530128,26.969449,225.895662,24.899858,206.154013,21.896396,186.541115,17.638526,167.162763,11.835544,148.199572,5.794726,129.292578,1.554907,109.944382,0.696003,90.234532,3.225597,70.585539,8.393661,51.481822,15.657903,33.010760,25.035195,15.878828,39.940242,3.162856,59.547395,0.060256,76.074572,10.892261,83.339465,28.426532,88.504518,47.593052,92.710947,66.990287,93.734271,86.694294,90.297250,106.109403,85.017433,125.244328,81.087439,144.663493,80.318586,164.390885,82.831564,184.044556,86.932502,203.467531,90.742347,222.944161,93.538067,242.591890,92.774187,261.956188,83.595637,278.752302,65.061127,284.522853
Type06,L,230,52.621760,232.188089,36.882851,228.238077,27.451286,215.348699,22.550103,199.917721,20.348900,183.720668,18.209534,167.498156,15.016667,151.457254,11.158528,135.553719,7.199875,119.672643,3.602174,103.707981,1.024175,87.563025,0.430062,71.264582,2.369135,55.060372,6.383709,39.217486,12.200071,23.972406,20.735997,10.210670,33.811380,0.414714,50.077000,0.237356,63.557573,8.905083,71.546426,22.615648,76.682471,38.136748,79.900617,54.151386,80.714131,70.447055,79.854655,86.781165,78.093503,103.051806,76.322589,119.323704,75.484256,135.659531,76.103324,151.990381,78.055933,168.238089,79.956609,184.484269,80.692773,200.821922,78.272956,216.542279,68.971649,229.376883,52.951058,232.048598
Type06,L,235,54.660722,234.238400,38.618416,231.335194,27.983982,219.079646,22.656301,203.753141,20.425634,187.436161,18.591934,171.048003,15.761644,154.819990,11.942878,138.782115,7.758239,122.820293,3.943076,106.770744,1.132592,90.529770,0.476681,74.115431,2.226729,57.753825,5.644223,41.622527,10.962183,26.077761,19.436764,11.978701,31.914757,1.247957,48.301913,-0.070005,61.678166,8.806688,70.941032,21.866074,76.749634,37.255511,80.327158,53.358738,81.224963,69.775789,80.725635,86.271119,79.672790,102.765989,78.757970,119.276587,77.821857,135.802082,77.139991,152.366044,78.054836,168.859639,80.178507,185.214601,81.239561,201.644183,78.868099,217.710821,70.392931,231.121224,54.680768,233.842276
Type06,L,240,55.859052,239.846950,39.502085,236.587922,28.782853,223.933426,23.319480,208.166778,21.193700,191.416045,19.322165,174.608192,16.225884,157.999771,12.185818,141.572426,7.854766,125.206751,3.931750,108.750596,1.137799,92.085077,0.520631,75.243467,2.339864,58.471920,6.045396,41.958792,11.577283,26.018412,19.572006,11.126903,32.771873,0.397446,49.639177,-0.209142,62.775455,9.334174,72.445889,22.565242,78.125027,38.398031,81.823547,54.925355,83.157294,71.739069,82.894199,88.640088,81.488902,105.502618,80.297254,122.386639,79.433352,139.338842,78.964572,156.321397,80.226911,173.210834,82.589970,189.961525,83.419468,206.819346,80.659929,223.325213,72.297387,237.177022,55.981516,239.453679
Type06,L,245,55.764871,246.206551,39.054816,242.327412,28.482184,229.104599,23.233850,212.777273,21.009848,195.568091,18.789586,178.340483,15.425373,161.306719,11.537074,144.380280,7.573015,127.471128,3.914285,110.495444,1.230099,93.344288,0.411175,76.046341,2.201386,58.821880,6.242475,41.921813,12.146021,25.588383,19.916756,10.077193,33.975170,-0.428794,51.280517,-0.068050,64.765444,9.651186,74.188842,23.461336,79.484302,39.918540,83.289235,56.906697,84.789103,74.164038,84.401172,91.506839,82.490217,108.765367,80.867078,126.044791,80.270892,143.446871,80.398196,160.850883,82.073340,178.154840,84.286328,195.376753,84.875804,212.709917,81.792509,229.661005,73.441767,244.022896,56.193284,246.057247
Type06,L,250,55.279504,251.358958,38.194380,247.428161,27.223487,234.108609,22.395935,217.437173,19.996736,199.903858,17.448976,182.386692,14.190177,164.993594,10.844889,147.630785,7.509857,130.265176,4.219247,112.881287,1.457198,95.397648,0.212589,77.793148,1.816487,60.224874,5.807133,42.995696,11.794031,26.323822,19.831759,10.611773,34.057529,-0.076944,51.595427,0.147132,65.922668,9.459577,75.046461,23.769036,80.269403,40.654424,84.179972,57.957637,85.253065,75.553635,84.497101,93.238030,82.752343,110.862599,81.387881,128.508324,81.028622,146.249594,81.104142,163.982894,82.424152,181.643218,84.205521,199.238039,84.932418,216.897278,81.925829,234.203858,73.579797,249.020460,55.784144,251.439990
Type06,L,255,55.027884,255.313476,37.692857,251.324741,26.318757,237.945164,21.983081,221.018198,19.782520,203.213378,17.244483,185.458065,14.171674,167.791430,11.065945,150.144140,7.915840,132.503506,4.629215,114.875843,1.613795,97.188280,0.167895,79.362830,1.752931,61.556949,5.801510,44.107876,11.850805,27.213565,20.223842,11.423182,34.394863,0.439795,52.156548,0.185178,66.935814,9.389324,75.716220,24.141431,81.107007,41.269819,84.978239,58.797621,85.514236,76.652666,84.562040,94.596538,83.403249,112.541032,82.616987,130.506322,82.189293,148.495518,81.806120,166.491057,82.594268,184.439184,84.082535,202.301857,84.926149,220.197350,82.183747,237.694346,73.282287,252.484023,55.390368,255.396606
Type06,L,260,55.121709,259.105089,37.690621,254.511367,26.688618,240.560612,22.676224,223.229284,20.869186,205.119793,18.592764,187.074178,15.467801,169.164872,11.955987,151.333075,8.362127,133.516794,4.703826,115.700903,1.556637,97.785688,0.355025,79.690668,2.133919,61.656540,6.591573,44.038423,13.001601,27.016869,21.434066,10.978614,35.884212,-0.101934,54.029964,0.058389,68.547628,9.905207,76.702762,25.212582,82.265764,42.584544,86.159885,60.335802,86.706892,78.457358,85.957223,96.663049,85.138543,114.896611,84.534565,133.144249,83.756278,151.377058,83.135151,169.636887,83.884662,187.846845,85.340497,205.963627,85.853542,224.138303,83.263390,241.790400,73.579199,256.274911,55.572350,259.072311
Type06,L,265,55.992747,263.797996,38.423304,258.562023,28.259737,243.792697,24.111436,225.949421,22.173400,207.529502,19.998848,189.137421,16.682785,170.936570,12.588249,152.877838,8.443478,134.830326,4.423775,116.751378,1.396460,98.495967,0.554389,80.042598,2.385470,61.695781,7.049147,43.786891,13.793227,26.538741,22.118927,10.092929,36.952959,-1.235260,55.588898,-0.054405,69.716204,10.762516,77.345933,26.596989,83.153000,44.277515,87.497404,62.270523,88.577966,80.711953,88.189176,99.242349,87.305378,117.788434,86.474557,136.337589,85.393502,154.878730,84.878053,173.457324,85.893742,191.972468,87.382508,210.406860,87.557634,228.929433,85.011157,246.947735,75.369477,261.642913,56.895968,263.798489
Type06,L,270,58.205143,269.925548,40.265337,264.802404,30.305717,249.622594,25.567806,231.380843,22.949823,212.646645,20.601414,193.871843,17.173703,175.288015,12.829231,156.869070,8.427211,138.464104,4.253637,120.009898,1.342321,101.331469,0.552210,82.468266,2.152206,63.698495,6.447082,45.293464,12.968463,27.529250,21.193064,10.602140,36.065689,-1.474658,55.123803,-0.074462,69.412663,11.284693,77.365929,27.338660,83.500421,45.357501,88.536836,63.653218,90.176051,82.466771,90.043939,101.397344,88.978918,120.325376,87.851252,139.245407,86.741309,158.177636,86.506702,177.145997,87.682597,196.049747,89.133292,214.885901,89.569973,233.790810,87.187744,252.403353,78.452694,268.062293,59.462298,270.055065
Type06,L,275,61.928533,276.354469,43.384296,272.619317,32.163528,257.845504,26.573863,239.542373,23.547462,220.473716,21.200240,201.306171,17.793978,182.322187,13.470226,163.500767,8.933233,144.726888,4.650030,125.895629,1.544985,106.842366,0.431544,87.611698,1.717737,68.410613,5.412306,49.469273,11.191980,31.018439,19.285997,13.582753,33.572388,0.380705,52.713668,-0.055646,68.104324,10.444416,77.453148,26.265581,83.677514,44.571683,88.993358,63.252638,91.026668,82.410680,91.228123,101.736607,90.168321,121.048738,88.759129,140.340481,87.753205,159.662992,87.755600,179.022467,88.936524,198.325229,90.317074,217.564443,91.194559,236.838406,89.433564,256.010861,81.782737,272.833151,63.002310,276.345114
Type06,L,280,66.683056,280.060687,47.481168,279.064316,33.743170,265.496167,27.103418,247.607159,24.371146,228.311365,22.577257,208.869315,19.272283,189.662336,14.932142,170.629689,10.111010,151.703442,5.591398,132.703099,2.021689,113.504858,0.431997,94.105490,1.431667,74.673320,4.715288,55.450577,9.794940,36.551964,17.679596,18.729359,30.649892,4.361896,49.299939,-0.048676,66.679004,7.613474,77.926712,22.778392,83.779990,41.169553,88.660988,60.170765,91.074614,79.480403,91.936084,99.014468,91.176514,118.525069,89.511506,138.003873,88.495308,157.532108,88.435387,177.111108,89.588168,196.633346,90.967492,216.084623,91.509485,235.595154,90.977764,255.043512,84.628707,272.724550,67.164198,279.545920
Type07,L,230,61.377616,266.222621,43.086468,263.605154,31.803988,250.113947,26.544502,233.413552,23.699823,215.910597,21.163684,198.350000,18.199234,180.844760,14.431454,163.485215,10.055423,146.255076,5.638111,129.033584,2.041916,111.647951,1.052495,94.049875,3.855992,76.562579,9.360361,59.612350,16.485108,43.199540,25.697707,27.969611,39.645627,16.284145,57.873485,12.591982,74.456184,20.308625,83.107568,35.158798,87.927278,52.197289,89.936238,69.781369,90.275613,87.501456,89.063599,105.180196,87.267399,122.847078,86.595284,140.562528,86.567345,158.306699,86.811116,176.044923,87.834021,193.751608,89.228723,211.432572,90.138063,229.142584,88.185162,246.505450,79.408996,261.504135,61.989926,265.584971
Type07,L,235,61.116805,264.051751,42.954337,261.466440,31.670086,248.042324,26.414909,231.356754,23.450947,213.870742,20.907479,196.311179,18.012651,178.794902,14.265995,161.433544,9.861742,144.213479,5.455963,126.992945,1.927777,109.595610,0.961321,91.988909,3.677605,74.490254,9.098060,57.535047,16.215707,41.144935,25.383960,25.928414,39.155665,14.185859,57.223516,10.437371,73.703760,18.117538,82.478892,32.908965,87.275916,49.933143,89.234717,67.528283,89.686604,85.250203,88.520425,102.925179,86.658288,120.585853,86.015370,138.299749,86.044632,156.045631,86.259366,173.787616,87.213928,191.500790,88.600626,209.185877,89.578059,226.894194,87.663952,244.259023,78.971504,259.271804,61.730846,263.402638
Type07,L,240,60.641313,260.086931,42.714418,257.561376,31.426992,244.261925,26.178599,227.604205,22.997525,210.149494,20.440470,192.591845,17.671902,175.055175,13.963328,157.690497,9.507399,140.489142,5.122389,123.270400,1.717780,105.851388,0.792453,88.228717,3.349576,70.708781,8.617147,53.744395,15.722474,37.397145,24.810063,22.205852,38.258492,10.354937,56.034322,6.502967,72.329073,14.111209,81.327975,28.793000,86.082946,45.790801,87.951830,63.406352,88.608957,81.131838,87.527419,98.799942,85.547739,116.449004,84.959634,134.160089,85.094873,151.909267,85.257669,169.658209,86.086272,187.383473,87.455695,205.076455,88.555496,222.781831,86.713390,240.150426,78.173170,255.189696,61.259604,259.415588
Type07,L,245,60.113114,255.642451,42.453404,253.184016,31.163107,240.025112,25.917050,223.400463,22.497828,205.980815,19.925488,188.425225,17.294505,170.865622,13.626874,153.497291,9.113267,136.317155,4.750940,119.100403,1.482417,101.656797,0.599703,84.016098,2.980289,66.471582,8.079697,49.497426,15.175702,33.201718,24.175527,18.040196,37.254528,6.054742,54.704878,2.093663,70.800758,9.596881,80.037183,24.151324,84.740535,41.120935,86.517119,58.759186,87.401725,76.488869,86.419309,94.149906,84.323330,111.786451,83.804070,129.494895,84.065590,147.248220,84.175303,165.005306,84.855084,182.745140,86.188839,200.448578,87.413326,218.151477,85.657389,235.525045,77.282951,250.595832,60.742535,254.940667
Type07,L,250,59.896449,253.647284,42.369781,251.210882,31.081536,238.101339,25.815534,221.495522,22.313072,204.088456,19.735250,186.533076,17.150980,168.964747,13.495940,151.595219,8.958990,134.423360,4.605888,117.207021,1.389812,99.753261,0.513118,82.105615,2.824207,64.550517,7.863388,47.575762,14.975378,31.311104,23.948244,16.165126,36.833316,4.079580,54.146531,0.114313,70.191271,7.476125,79.477085,21.967968,84.136875,38.934856,85.906347,56.580482,86.880367,74.311270,85.958868,91.972758,83.874853,109.608938,83.416311,127.318870,83.764598,145.075177,83.870648,162.837165,84.449605,180.587364,85.696495,198.301612,86.922325,216.006738,85.226622,233.385277,76.904448,248.474253,60.558076,252.911258
Type07,L,255,60.223049,255.866190,42.601754,253.339288,31.319334,239.993189,25.980662,223.236765,22.662703,205.650523,20.089577,187.940167,17.383190,170.237125,13.682792,152.720331,9.175373,135.383918,4.800924,118.015451,1.483222,100.426526,0.537795,82.640424,2.960021,64.950996,8.123356,47.850041,15.295445,31.444616,24.344346,16.162830,37.323208,3.932071,54.825552,0.138091,71.090510,7.338770,80.088037,22.011587,84.717928,39.172084,86.646203,56.948934,87.474756,74.826987,86.561429,92.654397,84.740024,110.464345,84.345987,128.335524,84.730931,146.245158,84.932707,164.159075,85.488526,182.065930,86.542472,199.945814,87.545213,217.814668,85.879780,235.347077,77.412547,250.556780,60.962612,255.077716
Type07,L,260,60.947701,261.092653,43.074944,258.371722,31.798825,244.500767,26.334494,227.380517,23.399123,209.378486,20.833680,191.303480,17.872110,173.278101,14.077135,155.412210,9.633370,137.690156,5.210367,119.963267,1.671768,102.052381,0.592665,83.936086,3.254980,65.927333,8.677074,48.519400,15.946435,31.765477,25.147014,16.158863,38.407684,3.668406,56.335713,0.177122,73.036184,7.201982,81.479780,22.311227,86.084074,39.906531,88.311878,58.000258,88.825910,76.228453,87.896358,94.439860,86.553791,112.648304,86.246990,130.894627,86.653014,149.164398,87.036626,167.434755,87.612570,185.703608,88.367074,203.961693,88.963959,222.210197,87.323151,240.100392,78.562948,255.587443,61.811400,260.224783
Type07,L,265,61.752905,267.214585,43.557683,264.285076,32.281700,249.830937,26.714641,232.275649,24.176606,213.792691,21.616862,195.290933,18.388097,176.883077,14.494322,158.606103,10.119349,140.434241,5.641158,122.287426,1.861863,103.995913,0.653757,85.488873,3.576107,67.103230,9.268389,49.326225,16.608419,32.147549,25.959879,16.155626,39.610134,3.441424,58.017441,0.206256,75.146763,7.224209,83.063752,22.854582,87.681862,40.938453,90.187708,59.410959,90.360799,78.052483,89.377584,96.707018,88.459386,115.371677,88.191553,134.052866,88.558501,152.743485,89.112470,171.429969,89.784896,190.116013,90.340121,208.805429,90.578473,227.492764,88.920912,245.797513,79.865131,261.602574,62.703936,266.296843
Type07,L,270,62.432931,273.362377,43.831553,270.278537,32.534339,255.331915,26.995225,237.313583,24.706405,218.365656,22.142649,199.436448,18.739069,180.630010,14.781403,161.933812,10.458499,143.315864,5.929864,124.747071,1.962077,106.062989,0.705731,87.151822,3.826737,68.379281,9.693322,50.203633,16.976728,32.549625,26.400722,16.156530,40.617635,3.454865,59.449218,0.186605,76.769528,7.784538,84.518116,23.967506,89.279251,42.480859,91.849622,61.356186,91.761333,80.422206,90.622025,99.502098,89.727451,118.593771,89.312349,137.698238,89.452024,156.808562,90.051349,175.908849,91.035656,194.993704,91.837396,214.081866,92.060302,233.192596,90.251457,251.900278,81.039175,268.004475,63.300421,272.521725
Type07,L,275,62.871215,278.647998,43.826919,275.494231,32.487126,260.230251,27.121291,241.784021,24.876204,222.456811,22.297917,203.161357,18.850485,183.995742,14.878106,164.931817,10.580601,145.936743,6.014258,127.004835,1.945001,107.971472,0.739743,88.699500,3.960419,69.584741,9.866406,51.034465,16.955880,32.916249,26.352323,16.162036,41.256135,3.741207,60.387571,0.114034,77.599238,8.878751,85.613357,25.570135,90.644484,44.383129,93.025926,63.630332,92.805125,83.072043,91.415267,102.495278,90.082758,121.918645,89.328838,141.371745,89.059058,160.839588,89.554257,180.291002,91.051454,199.695807,92.573588,219.087625,93.175505,238.542690,91.083524,257.581576,81.896437,273.919945,63.471937,278.018397
Type07,L,280,62.947085,280.918699,43.640532,277.783090,32.263767,262.464227,27.086999,243.811292,24.729729,224.336871,22.136689,204.885044,18.752172,185.552459,14.804359,166.324957,10.502891,147.172787,5.924698,128.084641,1.858380,108.892192,0.746157,89.454961,3.955026,70.185828,9.793112,51.450122,16.687721,33.089829,26.003273,16.168034,41.355552,4.075258,60.565946,0.040099,77.521394,9.819201,85.964706,26.754587,91.224738,45.642845,93.337313,65.069426,93.130403,84.680771,91.543555,104.234333,89.670973,123.772981,88.608527,143.364116,87.998450,162.982995,88.339000,182.581685,90.244500,202.106331,92.466607,221.598517,93.532628,241.186391,91.201454,260.355871,82.147877,276.777166,63.283489,280.490953
