type,side,size,x1,y1,x2,y2,x3,y3,x4,y4,x5,y5,x6,y6,x7,y7,x8,y8,x9,y9,x10,y10,x11,y11,x12,y12,x13,y13,x14,y14,x15,y15,x16,y16,x17,y17,x18,y18,x19,y19,x20,y20,x21,y21,x22,y22,x23,y23,x24,y24,x25,y25,x26,y26,x27,y27,x28,y28,x29,y29,x30,y30,x31,y31,x32,y32,x33,y33,x34,y34,x35,y35,x36,y36,x37,y37,x38,y38,x39,y39
Type00, L,230,56.661979,230.392322,51.957492,230.549321,42.636533,228.772130,29.287752,218.020465,24.505672,203.837479,22.888088,188.939296,21.783255,175.094170,19.354141,160.620147,16.378029,146.715327,12.845845,132.540109,9.215537,118.475565,5.239367,103.617695,2.315341,90.597905,0.000000,75.833456,1.926572,60.648167,6.028359,46.803701,10.956742,32.779694,17.161918,18.935455,27.149495,6.317206,41.537989,0.000000,55.218818,0.177120,69.068290,8.803297,75.750715,23.266987,78.968581,37.447623,81.791735,51.899776,82.191682,67.122149,80.436059,80.676100,79.504734,94.270250,79.189780,109.165353,79.523188,123.895422,80.571434,138.608231,81.718279,153.391037,82.245583,167.741602,81.451485,181.429973,79.000645,196.387656,78.918556,211.114011,71.176530,225.111738,61.475639,230.328600,56.816731,229.889421
Type00, L,235,57.893761,235.400850,53.087002,235.561262,43.563414,233.745437,29.924443,222.760041,25.038404,208.268728,23.385655,193.046672,22.256804,178.900565,19.774883,164.111890,16.734073,149.904790,13.125103,135.421415,9.415874,121.051121,5.353267,105.870253,2.365674,92.567424,0.000000,77.482010,1.968454,61.966606,6.159411,47.821172,11.194932,33.492296,17.535003,19.347096,27.739702,6.454536,42.440989,0.000000,56.419227,0.180971,70.569774,8.994673,77.397469,23.772791,80.685290,38.261701,83.569816,53.028032,83.978457,68.581326,82.184669,82.429928,81.233098,96.319604,80.911297,111.538513,81.251953,126.588800,82.322987,141.621454,83.494764,156.725624,84.033531,171.388158,83.222170,185.374103,80.718051,200.656953,80.634177,215.703446,72.723846,230.005472,62.812066,235.335744,58.051878,234.887017
Type00, L,240,59.125543,240.409379,54.216513,240.573204,44.490295,238.718744,30.561133,227.499616,25.571136,212.699978,23.883222,197.154048,22.730353,182.706960,20.195625,167.603632,17.090117,153.094254,13.404360,138.302722,9.616212,123.626677,5.467166,108.122812,2.416008,94.536944,0.000000,79.130563,2.010336,63.285044,6.290462,48.838644,11.433122,34.204898,17.908088,19.758736,28.329908,6.591867,43.343989,0.000000,57.619636,0.184821,72.071259,9.186049,79.044224,24.278595,82.401998,39.075780,85.347897,54.156288,85.765233,70.040503,83.933279,84.183756,82.961462,98.368957,82.632814,113.911673,82.980718,129.282179,84.074540,144.634676,85.271248,160.060212,85.821478,175.034715,84.992854,189.318233,82.435456,204.926250,82.349798,220.292881,74.271162,234.899205,64.148493,240.342887,59.287024,239.884613
Type00, L,245,60.357325,245.417908,55.346024,245.585146,45.417176,243.692051,31.197823,232.239191,26.103868,217.131228,24.380789,201.261424,23.203902,186.513355,20.616367,171.095374,17.446161,156.283718,13.683617,141.184029,9.816550,126.202233,5.581065,110.375371,2.466341,96.506464,0.000000,80.779116,2.052218,64.603482,6.421513,49.856116,11.671312,34.917500,18.281173,20.170376,28.920114,6.729198,44.246989,0.000000,58.820045,0.188671,73.572744,9.377425,80.690979,24.784399,84.118706,39.889859,87.125978,55.284544,87.552009,71.499680,85.681889,85.937584,84.689826,100.418310,84.354331,116.284833,84.709483,131.975558,85.826093,147.647898,87.047732,163.394800,87.609425,178.681272,86.763538,193.262363,84.152861,209.195547,84.065419,224.882316,75.818478,239.792938,65.484920,245.350030,60.522170,244.882209
Type00, L,250,61.589107,250.426436,56.475534,250.597088,46.344057,248.665358,31.834514,236.978767,26.636600,221.562477,24.878356,205.368800,23.677451,190.319750,21.037109,174.587117,17.802205,159.473181,13.962875,144.065335,10.016888,128.777789,5.694965,112.627929,2.516675,98.475983,0.000000,82.427670,2.094100,65.921921,6.552565,50.873588,11.909502,35.630102,18.654258,20.582017,29.510321,6.866528,45.149989,0.000000,60.020454,0.192522,75.074228,9.568801,82.337733,25.290203,85.835415,40.703938,88.904059,56.412800,89.338784,72.958857,87.430499,87.691413,86.418190,102.467664,86.075848,118.657993,86.438248,134.668936,87.577646,150.661121,88.824217,166.729388,89.397373,182.327828,88.534223,197.206493,85.870267,213.464844,85.781040,229.471751,77.365794,244.686672,66.821347,250.357174,61.757317,249.879805
Type00, L,255,62.820889,255.434965,57.605045,255.609029,47.270938,253.638665,32.471204,241.718342,27.169332,225.993727,25.375923,209.476176,24.151000,194.126145,21.457852,178.078859,18.158249,162.662645,14.242133,146.946642,10.217225,131.353344,5.808864,114.880488,2.567009,100.445503,0.000000,84.076223,2.135982,67.240359,6.683616,51.891059,12.147692,36.342704,19.027344,20.993657,30.100527,7.003859,46.052988,0.000000,61.220863,0.196372,76.575713,9.760177,83.984488,25.796007,87.552123,41.518016,90.682141,57.541056,91.125560,74.418034,89.179109,89.445241,88.146553,104.517017,87.797365,121.031153,88.167013,137.362315,89.329199,153.674343,90.600701,170.063975,91.185320,185.974385,90.304907,201.150623,87.587672,217.734141,87.496660,234.061186,78.913110,249.580405,68.157774,255.364317,62.992463,254.877401
Type00, L,260,64.052672,260.443494,58.734556,260.620971,48.197820,258.611973,33.107894,246.457917,27.702064,230.424976,25.873490,213.583552,24.624549,197.932540,21.878594,181.570601,18.514293,165.852108,14.521390,149.827949,10.417563,133.928900,5.922763,117.133046,2.617342,102.415023,0.000000,85.724777,2.177864,68.558798,6.814667,52.908531,12.385882,37.055306,19.400429,21.405297,30.690734,7.141189,46.955988,0.000000,62.421272,0.200223,78.077197,9.951553,85.631243,26.301811,89.268831,42.332095,92.460222,58.669312,92.912336,75.877212,90.927719,91.199069,89.874917,106.566370,89.518882,123.404312,89.895778,140.055694,91.080752,156.687566,92.377185,173.398563,92.973268,189.620941,92.075592,205.094752,89.305077,222.003437,89.212281,238.650621,80.460425,254.474139,69.494201,260.371461,64.227609,259.874997
Type00, L,265,65.284454,265.452023,59.864066,265.632913,49.124701,263.585280,33.744584,251.197493,28.234796,234.856226,26.371058,217.690928,25.098098,201.738935,22.299336,185.062344,18.870338,169.041572,14.800648,152.709256,10.617901,136.504456,6.036662,119.385605,2.667676,104.384542,0.000000,87.373330,2.219746,69.877236,6.945718,53.926003,12.624072,37.767908,19.773514,21.816938,31.280940,7.278520,47.858988,0.000000,63.621681,0.204073,79.578682,10.142929,87.277997,26.807615,90.985539,43.146174,94.238303,59.797568,94.699111,77.336389,92.676329,92.952897,91.603281,108.615723,91.240399,125.777472,91.624543,142.749073,92.832305,159.700788,94.153670,176.733151,94.761215,193.267498,93.846276,209.038882,91.022483,226.272734,90.927902,243.240056,82.007741,259.367872,70.830628,265.378604,65.462756,264.872594
Type00, L,270,66.516236,270.460551,60.993577,270.644855,50.051582,268.558587,34.381275,255.937068,28.767528,239.287475,26.868625,221.798304,25.571647,205.545330,22.720078,188.554086,19.226382,172.231036,15.079905,155.590562,10.818239,139.080012,6.150562,121.638163,2.718009,106.354062,0.000000,89.021883,2.261628,71.195674,7.076770,54.943475,12.862262,38.480510,20.146599,22.228578,31.871146,7.415850,48.761988,0.000000,64.822091,0.207924,81.080166,10.334305,88.924752,27.313419,92.702248,43.960253,96.016384,60.925824,96.485887,78.795566,94.424939,94.706726,93.331645,110.665077,92.961916,128.150632,93.353308,145.442451,94.583857,162.714011,95.930154,180.067739,96.549163,196.914054,95.616961,212.983012,92.739888,230.542031,92.643523,247.829491,83.555057,264.261606,72.167055,270.385748,66.697902,269.870190
Type00, L,275,67.748018,275.469080,62.123088,275.656796,50.978463,273.531894,35.017965,260.676643,29.300260,243.718725,27.366192,225.905680,26.045196,209.351725,23.140820,192.045828,19.582426,175.420499,15.359163,158.471869,11.018576,141.655567,6.264461,123.890722,2.768343,108.323582,0.000000,90.670437,2.303510,72.514113,7.207821,55.960946,13.100452,39.193112,20.519684,22.640218,32.461353,7.553181,49.664987,0.000000,66.022500,0.211774,82.581651,10.525681,90.571507,27.819223,94.418956,44.774331,97.794465,62.054080,98.272663,80.254743,96.173549,96.460554,95.060009,112.714430,94.683433,130.523792,95.082073,148.135830,96.335410,165.727233,97.706638,183.402326,98.337110,200.560611,97.387645,216.927142,94.457293,234.811328,94.359144,252.418926,85.102373,269.155339,73.503482,275.392891,67.933048,274.867786
Type00, L,280,68.979800,280.477609,63.252599,280.668738,51.905344,278.505201,35.654655,265.416219,29.832992,248.149974,27.863759,230.013056,26.518745,213.158120,23.561563,195.537571,19.938470,178.609963,15.638420,161.353176,11.218914,144.231123,6.378360,126.143281,2.818676,110.293101,0.000000,92.318990,2.345392,73.832551,7.338872,56.978418,13.338642,39.905714,20.892769,23.051859,33.051559,7.690512,50.567987,0.000000,67.222909,0.215625,84.083135,10.717057,92.218261,28.325028,96.135664,45.588410,99.572547,63.182336,100.059438,81.713920,97.922159,98.214382,96.788372,114.763783,96.404950,132.896952,96.810838,150.829209,98.086963,168.740455,99.483123,186.736914,100.125058,204.207168,99.158330,220.871272,96.174699,239.080625,96.074764,257.008361,86.649689,274.049073,74.839909,280.400035,69.168195,279.865382
Type01, L,230,45.888024,231.199498,41.340219,230.754991,31.536686,229.154963,19.673713,216.971980,16.455169,202.588906,14.155357,188.063812,12.597772,173.557498,11.075754,159.520607,9.249234,144.714207,6.979810,130.674538,4.419539,116.249683,1.901971,102.044456,0.000000,86.901661,0.181459,71.496996,1.728203,57.761728,4.949060,43.608396,9.665766,30.001568,15.804114,16.035012,27.429787,4.602679,41.665505,0.000000,56.574912,3.272754,67.651486,15.663751,73.925346,29.130838,77.169152,43.196118,78.280567,57.578405,78.377719,73.338611,78.229279,87.723325,77.984058,102.029034,78.171914,115.515472,78.418291,129.983486,78.009563,144.061781,76.392875,158.795344,75.392075,172.782371,75.335763,186.972008,74.300702,201.580635,71.734151,216.224678,60.894849,228.553850,50.652523,230.583878,45.660138,231.175298
Type01, L,235,46.885590,236.225574,42.238919,235.771404,32.222266,234.136593,20.101402,221.688762,16.812890,206.993013,14.463082,192.152156,12.871637,177.330487,11.316531,162.988446,9.450304,147.860168,7.131545,133.515289,4.515616,118.776850,1.943318,104.262814,0.000000,88.790828,0.185404,73.051279,1.765773,59.017418,5.056648,44.556405,9.875891,30.653776,16.147682,16.383599,28.026087,4.702737,42.571277,0.000000,57.804801,3.343901,69.122170,16.004267,75.532419,29.764117,78.846742,44.135164,79.982318,58.830109,80.081582,74.932929,79.929916,89.630354,79.679364,104.247056,79.871303,118.026678,80.123036,132.809214,79.705423,147.193559,78.053590,162.247417,77.031033,176.538510,76.973497,191.036617,75.915935,205.962823,73.293589,220.925214,62.218650,233.522412,51.753665,235.596571,46.652750,236.200848
Type01, L,240,47.883155,241.251650,43.137620,240.787817,32.907846,239.118222,20.529092,226.405544,17.170611,211.397119,14.770807,196.240499,13.145501,181.103476,11.557309,166.456286,9.651375,151.006129,7.283280,136.356040,4.611693,121.304017,1.984665,106.481171,0.000000,90.679994,0.189349,74.605561,1.803342,60.273107,5.164237,45.504413,10.086017,31.305984,16.491249,16.732186,28.622386,4.802795,43.477049,0.000000,59.034691,3.415048,70.592855,16.344784,77.139491,30.397396,80.524333,45.074210,81.684070,60.081814,81.785446,76.527246,81.630552,91.537383,81.374669,106.465079,81.570693,120.537884,81.827782,135.634942,81.401283,150.325337,79.714304,165.699489,78.669991,180.294648,78.611231,195.101226,77.531167,210.345010,74.853027,225.625751,63.542451,238.490974,52.854807,240.609264,47.645361,241.226398
Type01, L,245,48.880721,246.277726,44.036320,245.804230,33.593426,244.099852,20.956781,231.122327,17.528332,215.801226,15.078532,200.328843,13.419366,184.876465,11.798086,169.924125,9.852445,154.152090,7.435015,139.196790,4.707770,123.831184,2.026013,108.699529,0.000000,92.569161,0.193293,76.159844,1.840912,61.528797,5.271825,46.452422,10.296142,31.958192,16.834817,17.080774,29.218686,4.902854,44.382821,0.000000,60.264580,3.486194,72.063539,16.685300,78.746564,31.030675,82.201923,46.013256,83.385821,61.333518,83.489309,78.121564,83.331189,93.444411,83.069975,108.683101,83.270082,123.049090,83.532527,138.460670,83.097143,153.457115,81.375019,169.151562,80.308949,184.050787,80.248965,199.165835,79.146400,214.727198,76.412465,230.326287,64.866252,243.459536,53.955948,245.621957,48.637973,246.251948
Type01, L,250,49.878287,251.303802,44.935021,250.820642,34.279007,249.081482,21.384471,235.839109,17.886053,220.205333,15.386258,204.417187,13.693230,188.649454,12.038863,173.391964,10.053515,157.298051,7.586750,142.037541,4.803847,126.358351,2.067360,110.917887,0.000000,94.458327,0.197238,77.714126,1.878482,62.784487,5.379413,47.400430,10.506267,32.610400,17.178385,17.429361,29.814986,5.002912,45.288592,0.000000,61.494470,3.557341,73.534224,17.025816,80.353637,31.663954,83.879513,46.952302,85.087573,62.585223,85.193173,79.715882,85.031825,95.351440,84.765280,110.901124,84.969472,125.560296,85.237273,141.286398,84.793003,156.588892,83.035734,172.603635,81.947908,187.806925,81.886699,203.230443,80.761633,219.109386,77.971903,235.026824,66.190053,248.428098,55.057090,250.634650,49.630585,251.277498
Type01, L,255,50.875853,256.329878,45.833721,255.837055,34.964587,254.063111,21.812160,240.555891,18.243774,224.609439,15.693983,208.505531,13.967095,192.422443,12.279640,176.859803,10.254586,160.444012,7.738485,144.878292,4.899924,128.885518,2.108707,113.136245,0.000000,96.347494,0.201183,79.268409,1.916051,64.040177,5.487001,48.348439,10.716393,33.262608,17.521952,17.777948,30.411286,5.102970,46.194364,0.000000,62.724359,3.628488,75.004908,17.366333,81.960710,32.297233,85.557103,47.891348,86.789324,63.836927,86.897036,81.310199,86.732462,97.258469,86.460586,113.119146,86.668861,128.071502,86.942018,144.112126,86.488863,159.720670,84.696448,176.055707,83.586866,191.563064,83.524433,207.295052,82.376865,223.491574,79.531341,239.727360,67.513854,253.396660,56.158232,255.647343,50.623196,256.303048
Type01, L,260,51.873418,261.355954,46.732421,260.853468,35.650167,259.044741,22.239849,245.272673,18.601495,229.013546,16.001708,212.593874,14.240960,196.195433,12.520418,180.327643,10.455656,163.589973,7.890220,147.719043,4.996001,131.412685,2.150054,115.354602,0.000000,98.236660,0.205128,80.822691,1.953621,65.295866,5.594590,49.296448,10.926518,33.914816,17.865520,18.126535,31.007585,5.203028,47.100136,0.000000,63.954248,3.699635,76.475593,17.706849,83.567782,32.930513,87.234694,48.830394,88.491076,65.088632,88.600900,82.904517,88.433098,99.165498,88.155892,115.337169,88.368251,130.582707,88.646764,146.937854,88.184723,162.852448,86.357163,179.507780,85.225824,195.319202,85.162167,211.359661,83.992098,227.873761,81.090779,244.427897,68.837655,258.365222,57.259374,260.660036,51.615808,261.328598
Type01, L,265,52.870984,266.382030,47.631122,265.869881,36.335747,264.026370,22.667539,249.989455,18.959216,233.417653,16.309433,216.682218,14.514824,199.968422,12.761195,183.795482,10.656726,166.735934,8.041955,150.559794,5.092078,133.939852,2.191401,117.572960,0.000000,100.125827,0.209072,82.376974,1.991190,66.551556,5.702178,50.244456,11.136643,34.567024,18.209088,18.475123,31.603885,5.303087,48.005908,0.000000,65.184138,3.770782,77.946277,18.047365,85.174855,33.563792,88.912284,49.769440,90.192827,66.340336,90.304763,84.498834,90.133735,101.072527,89.851197,117.555191,90.067640,133.093913,90.351509,149.763582,89.880583,165.984226,88.017878,182.959853,86.864782,199.075341,86.799901,215.424270,85.607331,232.255949,82.650217,249.128433,70.161456,263.333784,58.360516,265.672729,52.608420,266.354148
Type01, L,270,53.868550,271.408106,48.529822,270.886294,37.021327,269.008000,23.095228,254.706237,19.316938,237.821759,16.617158,220.770562,14.788689,203.741411,13.001972,187.263321,10.857796,169.881895,8.193690,153.400545,5.188154,136.467019,2.232749,119.791318,0.000000,102.014993,0.213017,83.931256,2.028760,67.807246,5.809766,51.192465,11.346769,35.219232,18.552656,18.823710,32.200185,5.403145,48.911680,0.000000,66.414027,3.841929,79.416962,18.387882,86.781928,34.197071,90.589874,50.708486,91.894579,67.592041,92.008627,86.093152,91.834371,102.979555,91.546503,119.773214,91.767029,135.605119,92.056255,152.589310,91.576444,169.116004,89.678592,186.411926,88.503740,202.831479,88.437635,219.488879,87.222563,236.638137,84.209656,253.828970,71.485258,268.302346,59.461657,270.685422,53.601032,271.379698
Type01, L,275,54.866116,276.434182,49.428523,275.902707,37.706907,273.989630,23.522918,259.423020,19.674659,242.225866,16.924883,224.858906,15.062553,207.514400,13.242749,190.731161,11.058867,173.027856,8.345425,156.241295,5.284231,138.994186,2.274096,122.009676,0.000000,103.904160,0.216962,85.485539,2.066330,69.062936,5.917354,52.140473,11.556894,35.871440,18.896223,19.172297,32.796484,5.503203,49.817452,0.000000,67.643917,3.913075,80.887646,18.728398,88.389001,34.830350,92.267464,51.647532,93.596330,68.843745,93.712490,87.687470,93.535008,104.886584,93.241808,121.991236,93.466419,138.116325,93.761000,155.415038,93.272304,172.247782,91.339307,189.863998,90.142698,206.587618,90.075369,223.553488,88.837796,241.020324,85.769094,258.529506,72.809059,273.270908,60.562799,275.698115,54.593643,276.405248
Type01, L,280,55.863681,281.460258,50.327223,280.919119,38.392487,278.971259,23.950607,264.139802,20.032380,246.629973,17.232609,228.947249,15.336418,211.287389,13.483527,194.199000,11.259937,176.173817,8.497160,159.082046,5.380308,141.521353,2.315443,124.228033,0.000000,105.793326,0.220907,87.039821,2.103899,70.318625,6.024943,53.088482,11.767019,36.523648,19.239791,19.520884,33.392784,5.603261,50.723223,0.000000,68.873806,3.984222,82.358331,19.068914,89.996073,35.463629,93.945055,52.586578,95.298082,70.095450,95.416354,89.281787,95.235644,106.793613,94.937114,124.209259,95.165808,140.627531,95.465746,158.240766,94.968164,175.379559,93.000022,193.316071,91.781657,210.343756,91.713103,227.618097,90.453029,245.402512,87.328532,263.230043,74.132860,278.239470,61.663941,280.710808,55.586255,281.430798
Type02, L,230,62.942135,230.395591,58.510203,230.069365,47.859592,228.300450,36.854439,216.060574,32.392167,201.826537,29.142707,187.411373,26.121391,172.848571,22.933761,158.801496,19.070198,144.063425,14.658597,130.078501,9.302340,116.065069,4.349349,102.055945,0.984591,87.380034,0.000000,72.444365,1.144193,58.312263,4.294582,43.764593,9.416235,29.726893,17.193156,15.788584,29.201379,5.246322,43.379014,0.164399,58.641285,0.000000,71.612961,10.352002,78.128576,24.594111,82.549195,38.067835,84.401092,53.193922,87.609347,67.437518,84.973923,81.999691,79.933434,96.349513,74.216074,110.764184,71.189791,125.654450,72.984327,140.962019,76.617576,154.866868,81.202269,169.704522,84.690109,182.934635,87.109126,197.379510,86.387169,212.481084,78.194836,226.958349,67.328542,230.317408,63.353750,230.321607
Type02, L,235,64.310442,235.404191,59.782164,235.070873,48.900018,233.263503,37.655622,220.757543,33.096345,206.214070,29.776244,191.485533,26.689247,176.606149,23.432321,162.253702,19.484768,147.195239,14.977262,132.906295,9.504565,118.588223,4.443900,104.274552,1.005995,89.279600,0.000000,74.019243,1.169067,59.579921,4.387942,44.715997,9.620936,30.373130,17.566920,16.131814,29.836192,5.360372,44.322036,0.167973,59.916096,0.000000,73.169764,10.577046,79.827023,25.128766,84.343743,38.895397,86.235898,54.350312,89.513898,68.903551,86.821182,83.782293,81.671117,98.444068,75.829467,113.172101,72.737395,128.386068,74.570943,144.026411,78.283175,158.233539,82.967536,173.393751,86.531198,186.911475,89.002803,201.670369,88.265151,217.100238,79.894724,231.892226,68.792206,235.324308,64.731005,235.328598
Type02, L,240,65.678750,240.412791,61.054125,240.072381,49.940444,238.226557,38.456806,225.454512,33.800522,210.601604,30.409781,195.559694,27.257104,180.363726,23.930881,165.705909,19.899337,150.327052,15.295927,135.734088,9.706790,121.111376,4.538451,106.493160,1.027399,91.179166,0.000000,75.594120,1.193941,60.847579,4.481303,45.667401,9.825637,31.019367,17.940685,16.475044,30.471004,5.474423,45.265058,0.171547,61.190906,0.000000,74.726568,10.802089,81.525471,25.663420,86.138290,39.722958,88.070705,55.506701,91.418449,70.369584,88.668441,85.564895,83.408801,100.538622,77.442860,115.580018,74.284999,131.117687,76.157559,147.090802,79.948775,161.600210,84.732802,177.082979,88.372288,190.888315,90.896479,205.961228,90.143133,221.719392,81.594611,236.826103,70.255870,240.331208,66.108261,240.335590
Type02, L,245,67.047057,245.421390,62.326086,245.073889,50.980870,243.189610,39.257989,230.151481,34.504700,214.989137,31.043318,199.633854,27.824960,184.121304,24.429441,169.158115,20.313907,153.458866,15.614592,138.561881,9.909014,123.634530,4.633002,108.711768,1.048803,93.078732,0.000000,77.168998,1.218814,62.115237,4.574663,46.618806,10.030337,31.665603,18.314449,16.818274,31.105817,5.588473,46.208080,0.175121,62.465717,0.000000,76.283372,11.027133,83.223918,26.198075,87.932838,40.550520,89.905511,56.663091,93.323000,71.835617,90.515701,87.347497,85.146484,102.633177,79.056253,117.987935,75.832603,133.849305,77.744174,150.155194,81.614374,164.966881,86.498069,180.772208,90.213377,194.865155,92.790156,210.252087,92.021115,226.338546,83.294499,241.759980,71.719534,245.338109,67.485516,245.342581
Type02, L,250,68.415364,250.429990,63.598047,250.075397,52.021296,248.152663,40.059173,234.848450,35.208877,219.376671,31.676855,203.708014,28.392816,187.878882,24.928001,172.610322,20.728476,156.590679,15.933258,141.389675,10.111239,126.157684,4.727553,110.930375,1.070208,94.978298,0.000000,78.743875,1.243688,63.382895,4.668024,47.570210,10.235038,32.311840,18.688213,17.161504,31.740629,5.702524,47.151102,0.178695,63.740527,0.000000,77.840175,11.252176,84.922365,26.732729,89.727386,41.378082,91.740317,57.819480,95.227551,73.301650,92.362960,89.130099,86.884167,104.727732,80.669646,120.395852,77.380208,136.580924,79.330790,153.219586,83.279974,168.333552,88.263336,184.461437,92.054466,198.841995,94.683833,214.542946,93.899097,230.957700,84.994387,246.693858,73.183198,250.345009,68.862772,250.349573
Type02, L,255,69.783671,255.438590,64.870008,255.076905,53.061722,253.115716,40.860356,239.545419,35.913055,223.764204,32.310393,207.782174,28.960673,191.636459,25.426561,176.062528,21.143046,159.722493,16.251923,144.217468,10.313464,128.680837,4.822104,113.148983,1.091612,96.877864,0.000000,80.318753,1.268562,64.650552,4.761384,48.521614,10.439739,32.958077,19.061977,17.504734,32.375442,5.816574,48.094124,0.182268,65.015338,0.000000,79.396979,11.477220,86.620813,27.267384,91.521934,42.205643,93.575124,58.975870,97.132102,74.767683,94.210219,90.912701,88.621851,106.822286,82.283039,122.803769,78.927812,139.312542,80.917406,156.283978,84.945573,171.700223,90.028603,188.150666,93.895556,202.818834,96.577509,218.833805,95.777079,235.576854,86.694275,251.627735,74.646862,255.351909,70.240027,255.356564
Type02, L,260,71.151979,260.447190,66.141969,260.078413,54.102147,258.078770,41.661540,244.242388,36.617232,228.151737,32.943930,211.856335,29.528529,195.394037,25.925121,179.514735,21.557615,162.854307,16.570588,147.045262,10.515689,131.203991,4.916655,115.367590,1.113016,98.777430,0.000000,81.893630,1.293436,65.918210,4.854745,49.473018,10.644440,33.604314,19.435742,17.847965,33.010255,5.930625,49.037146,0.185842,66.290148,0.000000,80.953782,11.702263,88.319260,27.802039,93.316481,43.033205,95.409930,60.132260,99.036653,76.233716,96.057478,92.695303,90.359534,108.916841,83.896431,125.211686,80.475416,142.044161,82.504022,159.348369,86.611173,175.066894,91.793869,191.839894,95.736645,206.795674,98.471186,223.124663,97.655061,240.196008,88.394162,256.561612,76.110526,260.358809,71.617283,260.363556
Type02, L,265,72.520286,265.455790,67.413930,265.079921,55.142573,263.041823,42.462723,248.939357,37.321410,232.539271,33.577467,215.930495,30.096385,199.151614,26.423681,182.966941,21.972185,165.986120,16.889253,149.873055,10.717913,133.727145,5.011206,117.586197,1.134420,100.676996,0.000000,83.468508,1.318309,67.185868,4.948105,50.424422,10.849140,34.250551,19.809506,18.191195,33.645067,6.044675,49.980168,0.189416,67.564959,0.000000,82.510586,11.927307,90.017707,28.336693,95.111029,43.860766,97.244736,61.288649,100.941204,77.699749,97.904737,94.477905,92.097217,111.011395,85.509824,127.619603,82.023020,144.775779,84.090638,162.412761,88.276772,178.433565,93.559136,195.529123,97.577734,210.772514,100.364863,227.415522,99.533043,244.815162,90.094050,261.495489,77.574190,265.365709,72.994538,265.370547
Type02, L,270,73.888593,270.464389,68.685890,270.081428,56.182999,268.004876,43.263907,253.636326,38.025587,236.926804,34.211004,220.004655,30.664242,202.909192,26.922241,186.419147,22.386754,169.117934,17.207918,152.700849,10.920138,136.250298,5.105758,119.804805,1.155824,102.576562,0.000000,85.043385,1.343183,68.453526,5.041466,51.375827,11.053841,34.896787,20.183270,18.534425,34.279880,6.158726,50.923190,0.192990,68.839769,0.000000,84.067389,12.152350,91.716154,28.871348,96.905577,44.688328,99.079543,62.445039,102.845755,79.165782,99.751997,96.260507,93.834901,113.105950,87.123217,130.027520,83.570624,147.507398,85.677253,165.477153,89.942372,181.800236,95.324403,199.218352,99.418824,214.749354,102.258539,231.706381,101.411024,249.434316,91.793938,266.429366,79.037854,270.372609,74.371793,270.377539
Type02, L,275,75.256901,275.472989,69.957851,275.082936,57.223425,272.967929,44.065090,258.333295,38.729765,241.314338,34.844541,224.078816,31.232098,206.666770,27.420801,189.871354,22.801324,172.249747,17.526583,155.528642,11.122363,138.773452,5.200309,122.023412,1.177228,104.476128,0.000000,86.618263,1.368057,69.721184,5.134826,52.327231,11.258542,35.543024,20.557034,18.877655,34.914692,6.272776,51.866212,0.196564,70.114580,0.000000,85.624192,12.377394,93.414602,29.406002,98.700124,45.515890,100.914349,63.601428,104.750306,80.631815,101.599256,98.043109,95.572584,115.200505,88.736610,132.435437,85.118228,150.239016,87.263869,168.541544,91.607971,185.166907,97.089669,202.907581,101.259913,218.726194,104.152216,235.997240,103.289006,254.053470,93.493826,271.363243,80.501518,275.379510,75.749049,275.384530
Type02, L,280,76.625208,280.481589,71.229812,280.084444,58.263851,277.930983,44.866274,263.030264,39.433942,245.701871,35.478078,228.152976,31.799954,210.424347,27.919361,193.323560,23.215893,175.381561,17.845249,158.356436,11.324588,141.296606,5.294860,124.242020,1.198633,106.375694,0.000000,88.193140,1.392931,70.988842,5.228187,53.278635,11.463243,36.189261,20.930799,19.220885,35.549505,6.386827,52.809234,0.200138,71.389390,0.000000,87.180996,12.602437,95.113049,29.940657,100.494672,46.343451,102.749155,64.757818,106.654857,82.097848,103.446515,99.825711,97.310267,117.295059,90.350003,134.843354,86.665833,152.970635,88.850485,171.605936,93.273571,188.533578,98.854936,206.596809,103.101002,222.703034,106.045893,240.288099,105.166988,258.672624,95.193713,276.297121,81.965182,280.386410,77.126304,280.391522
Type03, L,230,50.488857,231.119822,46.315096,230.700328,35.793573,228.681934,25.493361,216.240636,21.071939,201.713567,18.374696,187.566841,16.657456,173.195238,14.137451,157.906930,11.210072,143.527548,8.079783,129.695707,5.048951,115.292655,2.403527,101.507061,0.693404,87.440022,0.000000,73.103500,0.965807,59.196857,3.744886,44.759505,8.819989,30.853378,16.131165,17.401320,26.943816,5.438163,41.272488,0.000000,55.385404,1.976118,67.954301,12.611909,73.595252,26.703470,77.225201,41.365625,78.294516,56.625325,78.783059,70.292779,78.069682,85.311871,75.576436,99.596368,73.197349,113.896278,71.370783,128.426170,72.544190,143.284589,74.911138,157.129658,76.744660,171.553275,78.016120,186.379137,79.119463,201.715007,76.833969,215.813650,64.679943,228.314191,55.748866,230.647829,50.391742,231.096087
Type03, L,235,51.586441,236.144166,47.321946,235.715553,36.571694,233.653280,26.047565,220.941519,21.530025,206.098645,18.774146,191.644381,17.019575,176.960352,14.444787,161.339689,11.453769,146.647712,8.255430,132.515179,5.158711,117.799017,2.455778,103.713736,0.708478,89.340892,0.000000,74.692707,0.986803,60.483745,3.826297,45.732538,9.011728,31.524104,16.481843,17.779610,27.529551,5.556384,42.169716,0.000000,56.589435,2.019077,69.431568,12.886081,75.195149,27.283980,78.904010,42.264878,79.996571,57.856310,80.495734,71.820883,79.766849,87.166477,77.219402,101.761506,74.788596,116.372284,72.922322,131.218043,74.121238,146.399471,76.539641,160.545520,78.413022,175.282694,79.712123,190.430857,80.839451,206.100116,78.504273,220.505251,66.086029,233.277543,56.960798,235.661912,51.487215,236.119915
Type03, L,240,52.684025,241.168510,48.328796,240.730777,37.349815,238.624627,26.601768,225.642403,21.988110,210.483722,19.173596,195.721921,17.381693,180.725466,14.752123,164.772449,11.697466,149.767876,8.431078,135.334651,5.268471,120.305379,2.508028,105.920411,0.723552,91.241762,0.000000,76.281913,1.007799,61.770633,3.907707,46.705570,9.203467,32.194829,16.832520,18.157899,28.115286,5.674605,43.066944,0.000000,57.793465,2.062036,70.908836,13.160253,76.795046,27.864490,80.582818,43.164130,81.698625,59.087296,82.208409,73.348987,81.464016,89.021083,78.862368,103.926645,76.379842,118.848290,74.473861,134.009917,75.698285,149.514354,78.168144,163.961382,80.081384,179.012113,81.408125,194.482578,82.559440,210.485225,80.174576,225.196852,67.492114,238.240895,58.172730,240.675995,52.582687,241.143743
Type03, L,245,53.781609,246.192854,49.335646,245.746002,38.127936,243.595973,27.155972,230.343286,22.446196,214.868800,19.573046,199.799461,17.743812,184.490580,15.059459,168.205208,11.941164,152.888040,8.606725,138.154123,5.378230,122.811741,2.560279,108.127087,0.738626,93.142632,0.000000,77.871120,1.028794,63.057522,3.989118,47.678603,9.395206,32.865555,17.183198,18.536189,28.701021,5.792826,43.964172,0.000000,58.997496,2.104995,72.386103,13.434425,78.394942,28.445001,82.261627,44.063383,83.400680,60.318281,83.921085,74.877091,83.161183,90.875689,80.505334,106.091783,77.971089,121.324296,76.025399,136.801790,77.275333,152.629236,79.796647,167.377244,81.749747,182.741532,83.104128,198.534298,84.279428,214.870334,81.844880,229.888453,68.898200,243.204247,59.384662,245.690079,53.678160,246.167571
Type03, L,250,54.879192,251.217198,50.342496,250.761226,38.906058,248.567320,27.710175,235.044170,22.904282,219.253877,19.972496,203.877001,18.105930,188.255693,15.366795,171.637967,12.184861,156.008204,8.782373,140.973595,5.487990,125.318103,2.612529,110.333762,0.753700,95.043502,0.000000,79.460326,1.049790,64.344410,4.070528,48.651636,9.586945,33.536280,17.533875,18.914478,29.286757,5.911047,44.861400,0.000000,60.201526,2.147954,73.863371,13.708597,79.994839,29.025511,83.940436,44.962636,85.102735,61.549266,85.633760,76.405195,84.858350,92.730295,82.148300,108.256922,79.562336,123.800302,77.576938,139.593663,78.852380,155.744118,81.425150,170.793107,83.418109,186.470951,84.800130,202.586018,85.999416,219.255442,83.515184,234.580054,70.304286,248.167599,60.596593,250.704162,54.773633,251.191399
Type03, L,255,55.976776,256.241542,51.349346,255.776451,39.684179,253.538666,28.264378,239.745053,23.362367,223.638955,20.371946,207.954541,18.468049,192.020807,15.674130,175.070727,12.428558,159.128368,8.958020,143.793066,5.597750,127.824465,2.664780,112.540437,0.768774,96.944372,0.000000,81.049533,1.070786,65.631298,4.151939,49.624669,9.778683,34.207006,17.884553,19.292768,29.872492,6.029268,45.758628,0.000000,61.405557,2.190913,75.340638,13.982769,81.594736,29.606021,85.619245,45.861889,86.804789,62.780252,87.346435,77.933298,86.555517,94.584900,83.791266,110.422060,81.153583,126.276308,79.128477,142.385536,80.429428,158.859001,83.053653,174.208969,85.086471,190.200370,86.496133,206.637739,87.719405,223.640551,85.185487,239.271655,71.710372,253.130951,61.808525,255.718245,55.869105,256.215227
Type03, L,260,57.074360,261.265886,52.356195,260.791675,40.462300,258.510012,28.818582,244.445936,23.820453,228.024032,20.771395,212.032081,18.830168,195.785921,15.981466,178.503486,12.672255,162.248533,9.133668,146.612538,5.707510,130.330827,2.717031,114.747112,0.783848,98.845242,0.000000,82.638739,1.091782,66.918186,4.233349,50.597701,9.970422,34.877732,18.235230,19.671057,30.458227,6.147489,46.655856,0.000000,62.609587,2.233873,76.817905,14.256941,83.194633,30.186531,87.298053,46.761141,88.506844,64.011237,89.059110,79.461402,88.252684,96.439506,85.434232,112.587199,82.744829,128.752314,80.680016,145.177410,82.006476,161.973883,84.682156,177.624831,86.754833,193.929789,88.192136,210.689459,89.439393,228.025660,86.855791,243.963257,73.116457,258.094303,63.020457,260.732328,56.964578,261.239055
Type03, L,265,58.171944,266.290230,53.363045,265.806900,41.240421,263.481359,29.372785,249.146820,24.278538,232.409110,21.170845,216.109621,19.192286,199.551035,16.288802,181.936245,12.915953,165.368697,9.309315,149.432010,5.817270,132.837189,2.769281,116.953788,0.798922,100.746112,0.000000,84.227946,1.112778,68.205074,4.314760,51.570734,10.162161,35.548457,18.585908,20.049347,31.043962,6.265710,47.553084,0.000000,63.813618,2.276832,78.295173,14.531113,84.794529,30.767042,88.976862,47.660394,90.208899,65.242222,90.771785,80.989506,89.949851,98.294112,87.077198,114.752337,84.336076,131.228320,82.231554,147.969283,83.583523,165.088766,86.310659,181.040693,88.423195,197.659208,89.888138,214.741180,91.159381,232.410769,88.526095,248.654858,74.522543,263.057655,64.232389,265.746412,58.060051,266.262883
Type03, L,270,59.269528,271.314574,54.369895,270.822124,42.018542,268.452705,29.926989,253.847703,24.736624,236.794187,21.570295,220.187161,19.554405,203.316149,16.596138,185.369005,13.159650,168.488861,9.484963,152.251482,5.927029,135.343552,2.821532,119.160463,0.813996,102.646982,0.000000,85.817152,1.133773,69.491963,4.396171,52.543767,10.353900,36.219183,18.936585,20.427637,31.629697,6.383930,48.450312,0.000000,65.017648,2.319791,79.772440,14.805284,86.394426,31.347552,90.655671,48.559647,91.910954,66.473208,92.484461,82.517610,91.647018,100.148718,88.720164,116.917475,85.927323,133.704326,83.783093,150.761156,85.160571,168.203648,87.939162,184.456555,90.091557,201.388627,91.584141,218.792900,92.879370,236.795878,90.196398,253.346459,75.928629,268.021007,65.444321,270.760495,59.155523,271.286711
Type03, L,275,60.367112,276.338918,55.376745,275.837349,42.796663,273.424052,30.481192,258.548587,25.194710,241.179265,21.969745,224.264701,19.916523,207.081263,16.903474,188.801764,13.403347,171.609025,9.660610,155.070954,6.036789,137.849914,2.873782,121.367138,0.829070,104.547852,0.000000,87.406359,1.154769,70.778851,4.477581,53.516799,10.545639,36.889908,19.287262,20.805926,32.215432,6.502151,49.347540,0.000000,66.221679,2.362750,81.249708,15.079456,87.994323,31.928062,92.334479,49.458899,93.613008,67.704193,94.197136,84.045714,93.344185,102.003324,90.363130,119.082614,87.518569,136.180332,85.334632,153.553029,86.737618,171.318530,89.567665,187.872417,91.759920,205.118046,93.280143,222.844620,94.599358,241.180987,91.866702,258.038060,77.334714,272.984359,66.656253,275.774578,60.250996,276.310539
Type03, L,280,61.464695,281.363262,56.383595,280.852573,43.574785,278.395398,31.035396,263.249470,25.652795,245.564342,22.369195,228.342241,20.278642,210.846377,17.210810,192.234523,13.647044,174.729189,9.836258,157.890426,6.146549,140.356276,2.926033,123.573813,0.844144,106.448722,0.000000,88.995565,1.175765,72.065739,4.558992,54.489832,10.737378,37.560634,19.637940,21.184216,32.801167,6.620372,50.244768,0.000000,67.425709,2.405709,82.726975,15.353628,89.594220,32.508572,94.013288,50.358152,95.315063,68.935178,95.909811,85.573818,95.041352,103.857930,92.006096,121.247752,89.109816,138.656338,86.886171,156.344903,88.314666,174.433413,91.196168,191.288279,93.428282,208.847465,94.976146,226.896341,96.319346,245.566095,93.537006,262.729661,78.740800,277.947711,67.868185,280.788661,61.346469,281.334367
Type04, L,230,55.028252,231.019023,50.454714,230.904437,40.257578,230.389577,27.014625,219.198093,23.288467,204.215316,21.056113,189.594107,18.839980,175.110568,16.096086,160.427403,13.247462,145.855395,10.001721,131.602095,7.029324,117.024179,3.726457,103.179634,1.065181,88.056869,0.000000,73.819821,1.408045,58.819391,4.925587,44.368390,10.364236,30.058260,17.822408,16.556607,29.227438,4.676430,44.013323,0.000000,58.357970,1.946524,72.495491,10.653721,79.338350,25.018520,82.116422,39.522838,82.324020,54.318596,80.810763,69.256270,79.208069,83.814348,77.937637,98.150719,77.205858,112.558592,76.482329,127.354292,78.432882,141.732366,80.012191,156.297459,81.169275,170.327653,82.053985,185.635031,82.225895,199.435894,80.331652,214.619263,70.508681,227.909384,59.729533,230.028835,55.545683,231.130926
Type04, L,235,56.224518,236.041176,51.551556,235.924099,41.132743,235.398046,27.601899,223.963269,23.794738,208.654779,21.513855,193.715718,19.249545,178.917319,16.446001,163.914955,13.535450,149.026164,10.219150,134.463010,7.182135,119.568183,3.807467,105.422670,1.088337,89.971149,0.000000,75.424600,1.438655,60.098073,5.032665,45.332920,10.589545,30.711700,18.209852,16.916533,29.862817,4.778092,44.970134,0.000000,59.626622,1.988840,74.071480,10.885324,81.063097,25.562401,83.901562,40.382030,84.113673,55.499435,82.567519,70.761841,80.929984,85.636399,79.631933,100.284430,78.884246,115.005518,78.144988,130.122864,80.137945,144.813504,81.751586,159.695230,82.933824,174.030428,83.837767,189.670575,84.013414,203.771457,82.077992,219.284899,72.041478,232.863936,61.028001,235.029462,56.753198,236.155511
Type04, L,240,57.420785,241.063328,52.648397,240.943760,42.007907,240.406515,28.189174,228.728445,24.301009,213.094243,21.971596,197.837329,19.659110,182.724071,16.795916,167.402507,13.823439,152.196934,10.436578,137.323925,7.334947,122.112187,3.888477,107.665705,1.111493,91.885429,0.000000,77.029378,1.469264,61.376756,5.139743,46.297450,10.814855,31.365141,18.597295,17.276459,30.498196,4.879753,45.926946,0.000000,60.895273,2.031155,75.647469,11.116926,82.787843,26.106282,85.686701,41.241222,85.903325,56.680274,84.324274,72.267412,82.651898,87.458450,81.326230,102.418142,80.562634,117.452444,79.807648,132.891435,81.843007,147.894643,83.490982,163.093001,84.698374,177.733203,85.621550,193.706119,85.800934,208.107020,83.824333,223.950535,73.574276,237.818488,62.326469,240.030089,57.960713,241.180097
Type04, L,245,58.617051,246.085481,53.745239,245.963422,42.883072,245.414984,28.776448,233.493621,24.807280,217.533706,22.429338,201.958940,20.068674,186.530822,17.145831,170.890060,14.111427,155.367703,10.654007,140.184840,7.487758,124.656191,3.969487,109.908741,1.134649,93.799708,0.000000,78.634157,1.499874,62.655438,5.246821,47.261981,11.040164,32.018581,18.984739,17.636386,31.133575,4.981415,46.883757,0.000000,62.163925,2.073471,77.223458,11.348529,84.512590,26.650163,87.471841,42.100414,87.692978,57.861113,86.081030,73.772983,84.373813,89.280501,83.020526,104.551853,82.241023,119.899370,81.470307,135.660007,83.548070,150.975781,85.230377,166.490772,86.462923,181.435978,87.405332,197.741663,87.588453,212.442583,85.570673,228.616171,75.107073,242.773039,63.624937,245.030716,59.168228,246.204682
Type04, L,250,59.813317,251.107634,54.842080,250.983084,43.758237,250.423453,29.363723,238.258797,25.313551,221.973170,22.887079,206.080551,20.478239,190.337574,17.495746,174.377612,14.399415,158.538473,10.871436,143.045755,7.640570,127.200195,4.050497,112.151776,1.157805,95.713988,0.000000,80.238936,1.530484,63.934121,5.353899,48.226511,11.265474,32.672022,19.372183,17.996312,31.768954,5.083076,47.840568,0.000000,63.432576,2.115787,78.799447,11.580132,86.237337,27.194043,89.256980,42.959607,89.482630,59.041952,87.837786,75.278554,86.095727,91.102552,84.714823,106.685564,83.919411,122.346296,83.132966,138.428578,85.253133,154.056920,86.969773,169.888542,88.227473,185.138753,89.189114,201.777208,89.375973,216.778146,87.317013,233.281808,76.639871,247.727591,64.923405,250.031342,60.375742,251.229267
Type04, L,255,61.009584,256.129786,55.938922,256.002745,44.633402,255.431922,29.950997,243.023973,25.819822,226.412633,23.344821,210.202162,20.887804,194.144325,17.845661,177.865164,14.687404,161.709242,11.088865,145.906671,7.793381,129.744198,4.131507,114.394812,1.180962,97.628268,0.000000,81.843715,1.561093,65.212803,5.460977,49.191041,11.490783,33.325462,19.759626,18.356238,32.404333,5.184738,48.797380,0.000000,64.701228,2.158103,80.375436,11.811734,87.962084,27.737924,91.042120,43.818799,91.272283,60.222791,89.594542,76.784125,87.817642,92.924603,86.409119,108.819275,85.597799,124.793222,84.795626,141.197150,86.958195,157.138058,88.709168,173.286313,89.992022,188.841528,90.972896,205.812752,91.163492,221.113709,89.063353,237.947444,78.172668,252.682143,66.221874,255.031969,61.583257,256.253853
Type04, L,260,62.205850,261.151939,57.035764,261.022407,45.508566,260.440391,30.538272,247.789149,26.326093,230.852096,23.802563,214.323773,21.297369,197.951077,18.195575,181.352716,14.975392,164.880012,11.306293,148.767586,7.946192,132.288202,4.212517,116.637847,1.204118,99.542548,0.000000,83.448493,1.591703,66.491485,5.568055,50.155571,11.716093,33.978903,20.147070,18.716164,33.039713,5.286399,49.754191,0.000000,65.969879,2.200418,81.951425,12.043337,89.686830,28.281805,92.827260,44.677991,93.061936,61.403630,91.351297,78.289697,89.539556,94.746654,88.103416,110.952987,87.276187,127.240147,86.458285,143.965721,88.663258,160.219196,90.448564,176.684084,91.756572,192.544303,92.756679,209.848296,92.951012,225.449271,90.809694,242.613080,79.705465,257.636695,67.520342,260.032596,62.790772,261.278438
Type04, L,265,63.402116,266.174092,58.132605,266.042069,46.383731,265.448860,31.125546,252.554325,26.832364,235.291560,24.260304,218.445384,21.706933,201.757828,18.545490,184.840269,15.263380,168.050781,11.523722,151.628501,8.099004,134.832206,4.293527,118.880883,1.227274,101.456827,0.000000,85.053272,1.622313,67.770168,5.675133,51.120102,11.941402,34.632343,20.534514,19.076091,33.675092,5.388061,50.711003,0.000000,67.238531,2.242734,83.527414,12.274939,91.411577,28.825686,94.612399,45.537183,94.851588,62.584469,93.108053,79.795268,91.261471,96.568705,89.797712,113.086698,88.954576,129.687073,88.120944,146.734293,90.368321,163.300335,92.187959,180.081855,93.521121,196.247078,94.540461,213.883840,94.738531,229.784834,92.556034,247.278716,81.238263,262.591247,68.818810,265.033223,63.998287,266.303023
Type04, L,270,64.598383,271.196244,59.229447,271.061730,47.258896,270.457330,31.712821,257.319500,27.338635,239.731023,24.718046,222.566995,22.116498,205.564580,18.895405,188.327821,15.551368,171.221551,11.741151,154.489416,8.251815,137.376210,4.374536,121.123918,1.250430,103.371107,0.000000,86.658051,1.652922,69.048850,5.782211,52.084632,12.166712,35.285783,20.921957,19.436017,34.310471,5.489722,51.667814,0.000000,68.507182,2.285050,85.103402,12.506542,93.136324,29.369567,96.397539,46.396375,96.641241,63.765308,94.864809,81.300839,92.983385,98.390756,91.492009,115.220409,90.632964,132.133999,89.783604,149.502865,92.073383,166.381473,93.927355,183.479626,95.285671,199.949854,96.324243,217.919384,96.526051,234.120397,94.302374,251.944352,82.771060,267.545799,70.117278,270.033850,65.205802,271.327609
Type04, L,275,65.794649,276.218397,60.326288,276.081392,48.134061,275.465799,32.300095,262.084676,27.844906,244.170487,25.175787,226.688606,22.526063,209.371331,19.245320,191.815373,15.839357,174.392320,11.958579,157.350331,8.404627,139.920214,4.455546,123.366954,1.273586,105.285387,0.000000,88.262829,1.683532,70.327533,5.889289,53.049162,12.392021,35.939224,21.309401,19.795943,34.945850,5.591384,52.624625,0.000000,69.775834,2.327366,86.679391,12.738145,94.861071,29.913448,98.182678,47.255567,98.430893,64.946147,96.621564,82.806410,94.705300,100.212807,93.186305,117.354121,92.311352,134.580925,91.446263,152.271436,93.778446,169.462612,95.666750,186.877397,97.050220,203.652629,98.108026,221.954928,98.313570,238.455960,96.048714,256.609988,84.303858,272.500350,71.415746,275.034477,66.413317,276.352194
Type04, L,280,66.990915,281.240550,61.423130,281.101054,49.009225,280.474268,32.887370,266.849852,28.351177,248.609950,25.633529,230.810217,22.935628,213.178083,19.595235,195.302925,16.127345,177.563090,12.176008,160.211246,8.557438,142.464218,4.536556,125.609989,1.296742,107.199667,0.000000,89.867608,1.714142,71.606215,5.996367,54.013692,12.617331,36.592664,21.696845,20.155869,35.581229,5.693045,53.581437,0.000000,71.044485,2.369681,88.255380,12.969747,96.585817,30.457329,99.967818,48.114759,100.220546,66.126986,98.378320,84.311981,96.427214,102.034858,94.880602,119.487832,93.989740,137.027851,93.108922,155.040008,95.483509,172.543750,97.406146,190.275167,98.814770,207.355404,99.891808,225.990473,100.101090,242.791523,97.795055,261.275625,85.836655,277.454902,72.714214,280.035103,67.620831,281.376779
Type05, L,230,52.860206,230.954177,48.308306,230.953221,37.705715,228.684372,27.364160,216.362446,23.590567,202.140846,20.691017,187.552202,19.180577,172.916461,17.956695,157.390413,15.858808,142.977990,11.910802,129.013515,6.628184,115.276083,1.893302,101.766771,0.000000,86.730406,0.485970,72.047493,3.418088,57.770394,7.602985,43.447029,13.499230,29.584861,20.787494,15.997786,32.514926,4.848764,46.335875,0.000000,62.776088,2.203045,70.513903,16.410867,74.654768,30.153776,79.407304,43.980454,80.440802,57.660428,78.693450,72.360403,74.797055,86.477155,70.550368,100.855784,67.469313,115.052402,67.856050,129.649244,69.720007,143.536861,72.779666,157.803110,76.189795,171.755406,79.598330,186.143708,80.397825,200.174480,77.515163,214.966827,67.932490,228.043558,57.113276,230.413540,53.459587,231.138373
Type05, L,235,54.009341,235.974920,49.358486,235.973943,38.525405,233.655772,27.959033,221.065978,24.103406,206.535212,21.140821,191.629424,19.597546,176.675515,18.347058,160.811943,16.203564,146.086207,12.169733,131.818156,6.772275,117.782085,1.934460,103.979092,0.000000,88.615849,0.496534,73.613743,3.492395,59.026272,7.768268,44.391529,13.792691,30.228010,21.239396,16.345564,33.221772,4.954172,47.343176,0.000000,64.140785,2.250938,72.046814,16.767625,76.277697,30.809293,81.133549,44.936551,82.189515,58.913915,80.404177,73.933455,76.423078,88.357093,72.084071,103.048301,68.936037,117.553541,69.331181,132.467706,71.235660,146.657227,74.361832,161.233613,77.846095,175.489219,81.328729,190.190311,82.145604,204.526099,79.200275,219.640019,69.409284,233.001026,58.354869,235.422530,54.621752,236.163120
Type05, L,240,55.158476,240.995663,50.408667,240.994665,39.345094,238.627171,28.553906,225.769509,24.616244,210.929578,21.590626,195.706646,20.014515,180.434568,18.737421,164.233474,16.548321,149.194424,12.428663,134.622798,6.916366,120.288087,1.975619,106.191413,0.000000,90.501293,0.507099,75.179993,3.566701,60.282150,7.933550,45.336030,14.086153,30.871159,21.691298,16.693342,33.928618,5.059580,48.350478,0.000000,65.505483,2.298830,73.579725,17.124383,77.900627,31.464810,82.859795,45.892648,83.938228,60.167403,82.114904,75.506507,78.049101,90.237031,73.617775,105.240818,70.402761,120.054680,70.806313,135.286168,72.751312,149.777594,75.943999,164.664115,79.502395,179.223032,83.059127,194.236913,83.893383,208.877718,80.885387,224.313211,70.886077,237.958495,59.596462,240.431520,55.783917,241.187867
Type05, L,245,56.307611,246.016406,51.458848,246.015387,40.164783,243.598570,29.148779,230.473040,25.129082,215.323944,22.040431,199.783868,20.431484,184.193622,19.127784,167.655005,16.893078,152.302641,12.687593,137.427440,7.060457,122.794089,2.016778,108.403734,0.000000,92.386737,0.517664,76.746243,3.641007,61.538028,8.098832,46.280531,14.379615,31.514308,22.143200,17.041120,34.635464,5.164988,49.357780,0.000000,66.870181,2.346722,75.112636,17.481141,79.523557,32.120327,84.586041,46.848745,85.686941,61.420891,83.825631,77.079559,79.675124,92.116969,75.151479,107.433335,71.869485,122.555819,72.281445,138.104630,74.266964,152.897961,77.526166,168.094617,81.158695,182.956845,84.789525,198.283515,85.641162,213.229337,82.570499,228.986403,72.362870,242.915964,60.838055,245.440510,56.946082,246.212614
Type05, L,250,57.456746,251.037149,52.509028,251.036109,40.984473,248.569970,29.743652,235.176572,25.641921,219.718310,22.490235,203.861090,20.848453,187.952675,19.518147,171.076535,17.237834,155.410858,12.946524,140.232081,7.204548,125.300091,2.057936,110.616055,0.000000,94.272180,0.528228,78.312493,3.715314,62.793906,8.264115,47.225031,14.673076,32.157457,22.595102,17.388898,35.342310,5.270396,50.365081,0.000000,68.234878,2.394615,76.645547,17.837899,81.146486,32.775844,86.312286,47.804842,87.435654,62.674378,85.536358,78.652611,81.301147,93.996907,76.685182,109.625852,73.336209,125.056958,73.756576,140.923092,75.782617,156.018327,79.108332,171.525120,82.814995,186.690658,86.519924,202.330118,87.388941,217.580956,84.255611,233.659595,73.839664,247.873432,62.079648,250.449500,58.108247,251.237361
Type05, L,255,58.605881,256.057892,53.559209,256.056832,41.804162,253.541369,30.338525,239.880103,26.154759,224.112677,22.940040,207.938311,21.265422,191.711729,19.908510,174.498066,17.582591,158.519075,13.205454,143.036723,7.348639,127.806092,2.099095,112.828376,0.000000,96.157624,0.538793,79.878743,3.789620,64.049784,8.429397,48.169532,14.966538,32.800606,23.047004,17.736676,36.049157,5.375804,51.372383,0.000000,69.599576,2.442507,78.178458,18.194657,82.769416,33.431361,88.038532,48.760939,89.184367,63.927866,87.247085,80.225664,82.927170,95.876845,78.218886,111.818369,74.802934,127.558098,75.231708,143.741554,77.298269,159.138694,80.690499,174.955622,84.471295,190.424471,88.250322,206.376720,89.136719,221.932575,85.940724,238.332787,75.316457,252.830901,63.321241,255.458490,59.270412,256.262109
Type05, L,260,59.755016,261.078635,54.609389,261.077554,42.623852,258.512769,30.933398,244.583635,26.667598,228.507043,23.389845,212.015533,21.682391,195.470782,20.298873,177.919597,17.927348,161.627293,13.464385,145.841364,7.492730,130.312094,2.140254,115.040697,0.000000,98.043067,0.549357,81.444992,3.863926,65.305662,8.594679,49.114033,15.259999,33.443756,23.498906,18.084454,36.756003,5.481212,52.379684,0.000000,70.964273,2.490399,79.711369,18.551415,84.392346,34.086877,89.764778,49.717035,90.933080,65.181353,88.957813,81.798716,84.553193,97.756784,79.752590,114.010886,76.269658,130.059237,76.706839,146.560015,78.813921,162.259060,82.272666,178.386125,86.127595,194.158285,89.980721,210.423322,90.884498,226.284194,87.625836,243.005979,76.793250,257.788370,64.562834,260.467480,60.432577,261.286856
Type05, L,265,60.904151,266.099378,55.659570,266.098276,43.443541,263.484168,31.528271,249.287166,27.180436,232.901409,23.839650,216.092755,22.099360,199.229836,20.689236,181.341128,18.272104,164.735510,13.723315,148.646006,7.636821,132.818096,2.181413,117.253019,0.000000,99.928511,0.559922,83.011242,3.938232,66.561541,8.759961,50.058533,15.553461,34.086905,23.950808,18.432232,37.462849,5.586620,53.386986,0.000000,72.328971,2.538291,81.244280,18.908173,86.015276,34.742394,91.491024,50.673132,92.681793,66.434841,90.668540,83.371768,86.179216,99.636722,81.286293,116.203403,77.736382,132.560376,78.181971,149.378477,80.329574,165.379427,83.854832,181.816627,87.783894,197.892098,91.711119,214.469925,92.632277,230.635814,89.310948,247.679170,78.270043,262.745838,65.804427,265.476470,61.594742,266.311603
Type05, L,270,62.053286,271.120121,56.709750,271.118998,44.263231,268.455567,32.123144,253.990698,27.693274,237.295775,24.289454,220.169977,22.516329,202.988889,21.079599,184.762658,18.616861,167.843727,13.982246,151.450648,7.780912,135.324098,2.222571,119.465340,0.000000,101.813955,0.570486,84.577492,4.012539,67.817419,8.925244,51.003034,15.846922,34.730054,24.402710,18.780010,38.169695,5.692028,54.394288,0.000000,73.693668,2.586184,82.777191,19.264931,87.638205,35.397911,93.217269,51.629229,94.430506,67.688328,92.379267,84.944820,87.805239,101.516660,82.819997,118.395920,79.203106,135.061515,79.657102,152.196939,81.845226,168.499793,85.436999,185.247129,89.440194,201.625911,93.441518,218.516527,94.380056,234.987433,90.996060,252.352362,79.746837,267.703307,67.046020,270.485460,62.756907,271.336350
Type05, L,275,63.202420,276.140864,57.759931,276.139720,45.082920,273.426967,32.718017,258.694229,28.206113,241.690141,24.739259,224.247199,22.933298,206.747942,21.469962,188.184189,18.961618,170.951944,14.241176,154.255289,7.925003,137.830100,2.263730,121.677661,0.000000,103.699398,0.581051,86.143742,4.086845,69.073297,9.090526,51.947534,16.140384,35.373203,24.854612,19.127788,38.876541,5.797435,55.401589,0.000000,75.058366,2.634076,84.310102,19.621689,89.261135,36.053428,94.943515,52.585326,96.179220,68.941816,94.089994,86.517873,89.431262,103.396598,84.353701,120.588437,80.669830,137.562654,81.132234,155.015401,83.360878,171.620160,87.019166,188.677632,91.096494,205.359724,95.171916,222.563129,96.127835,239.339052,92.681173,257.025554,81.223630,272.660776,68.287613,275.494450,63.919072,276.361098
Type05, L,280,64.351555,281.161607,58.810112,281.160442,45.902610,278.398366,33.312890,263.397761,28.718951,246.084508,25.189064,228.324420,23.350268,210.506996,21.860325,191.605720,19.306375,174.060161,14.500107,157.059931,8.069094,140.336102,2.304889,123.889982,0.000000,105.584842,0.591615,87.709992,4.161151,70.329175,9.255808,52.892035,16.433845,36.016352,25.306514,19.475566,39.583388,5.902843,56.408891,0.000000,76.423063,2.681968,85.843013,19.978447,90.884065,36.708945,96.669761,53.541423,97.927933,70.195304,95.800721,88.090925,91.057284,105.276536,85.887404,122.780954,82.136555,140.063793,82.607365,157.833863,84.876531,174.740526,88.601332,192.108134,92.752794,209.093537,96.902315,226.609732,97.875614,243.690671,94.366285,261.698746,82.700423,277.618244,69.529206,280.503440,65.081237,281.385845
Type06, L,230,51.971403,231.316524,47.513900,230.858179,37.130238,227.774652,26.967895,215.241329,22.651875,201.241523,20.470988,187.165992,18.965467,171.981714,16.528710,158.852526,13.172987,143.751231,9.551634,129.855650,6.081058,115.659302,2.906584,101.365348,0.595360,87.107009,0.000000,72.215312,1.564977,57.808920,4.940776,43.468183,9.889099,29.113515,16.768048,15.438160,28.520925,3.895094,43.044629,0.000000,58.136695,4.345033,68.694376,16.212713,73.852863,30.219748,77.727113,43.833801,80.073829,57.869023,80.279513,73.090709,79.422162,86.666093,77.737866,101.010160,75.920774,115.818804,74.831172,129.672415,74.828007,144.875080,76.353432,159.092545,78.418362,173.788350,79.918835,187.569623,80.412599,202.089112,78.301969,216.941521,66.983205,229.288528,56.639088,230.951379,52.040423,231.314742
Type06, L,235,53.101216,236.345144,48.546811,235.876835,37.937417,232.726275,27.554154,219.920488,23.144307,205.616339,20.916009,191.234818,19.377760,175.720447,16.888030,162.305842,13.459356,146.876258,9.759278,132.678599,6.213255,118.173635,2.969771,103.568943,0.608303,89.000640,0.000000,73.785210,1.598998,59.065636,5.048184,44.413144,10.104079,29.746418,17.132571,15.773772,29.140945,3.979770,43.980382,0.000000,59.400536,4.439490,70.187732,16.565163,75.458360,30.876699,79.416833,44.786710,81.814564,59.127045,82.024720,74.679637,81.148731,88.550139,79.427820,103.206033,77.571226,118.336604,76.457937,132.491381,76.454703,148.024538,78.013289,162.551079,80.123109,177.566358,81.656201,191.647224,82.160699,206.482354,80.004186,221.657641,68.439362,234.273061,57.870373,235.972061,53.171737,236.343323
Type06, L,240,54.231029,241.373764,49.579722,240.895491,38.744596,237.677898,28.140412,224.599648,23.636739,209.991154,21.361031,195.303644,19.790053,179.459180,17.247350,165.759158,13.745726,150.001285,9.966922,135.501548,6.345452,120.687967,3.032957,105.772537,0.621245,90.894270,0.000000,75.355108,1.633019,60.322351,5.155592,45.358104,10.319060,30.379320,17.497094,16.109384,29.760965,4.064446,44.916135,0.000000,60.664377,4.533947,71.681088,16.917614,77.063857,31.533650,81.106553,45.739618,83.555300,60.385067,83.769927,76.268566,82.875299,90.434184,81.117773,105.401906,79.221677,120.854404,78.084701,135.310346,78.081399,151.173997,79.673146,166.009612,81.827856,181.344365,83.393567,195.724824,83.908799,210.875595,81.706402,226.373761,69.895518,239.257594,59.101657,240.992743,54.303050,241.371905
Type06, L,245,55.360842,246.402384,50.612633,245.914147,39.551775,242.629521,28.726671,229.278807,24.129171,214.365970,21.806052,199.372470,20.202345,183.197913,17.606669,169.212473,14.032095,153.126311,10.174567,138.324497,6.477649,123.202300,3.096144,107.976132,0.634188,92.787901,0.000000,76.925006,1.667041,61.579067,5.263001,46.303065,10.534040,31.012223,17.861616,16.444997,30.380985,4.149122,45.851887,0.000000,61.928219,4.628405,73.174444,17.270064,78.669354,32.190601,82.796273,46.692527,85.296035,61.643090,85.515133,77.857494,84.601868,92.318230,82.807727,107.597779,80.872129,123.372204,79.711466,138.129312,79.708094,154.323455,81.333004,169.468146,83.532603,185.122373,85.130933,199.802425,85.656899,215.268837,83.408619,231.089881,71.351675,244.242128,60.332942,246.013425,55.434364,246.400486
Type06, L,250,56.490655,251.431004,51.645543,250.932803,40.358954,247.581143,29.312929,233.957966,24.621603,218.740786,22.251074,203.441296,20.614638,186.936646,17.965989,172.665789,14.318464,156.251338,10.382211,141.147446,6.609846,125.716633,3.159330,110.179726,0.647130,94.681532,0.000000,78.494904,1.701062,62.835783,5.370409,47.248025,10.749021,31.645125,18.226139,16.780609,31.001005,4.233798,46.787640,0.000000,63.192060,4.722862,74.667800,17.622514,80.274851,32.847552,84.485992,47.645436,87.036771,62.901112,87.260340,79.446423,86.328437,94.202275,84.497680,109.793652,82.522580,125.890004,81.338230,140.948277,81.334790,157.472913,82.992861,172.926679,85.237350,188.900380,86.868299,203.880025,87.404999,219.662078,85.110836,235.806001,72.807832,249.226661,61.564226,251.034108,56.565677,251.429067
Type06, L,255,57.620469,256.459624,52.678454,255.951459,41.166133,252.532766,29.899188,238.637126,25.114035,223.115602,22.696095,207.510122,21.026931,190.675379,18.325309,176.119105,14.604833,159.376365,10.589855,143.970395,6.742043,128.230965,3.222517,112.383321,0.660073,96.575162,0.000000,80.064802,1.735083,64.092498,5.477817,48.192986,10.964001,32.278028,18.590662,17.116221,31.621026,4.318474,47.723393,0.000000,64.455901,4.817319,76.161156,17.974964,81.880348,33.504503,86.175712,48.598345,88.777506,64.159134,89.005547,81.035351,88.055006,96.086321,86.187634,111.989525,84.173032,128.407804,82.964995,143.767243,82.961486,160.622371,84.652718,176.385213,86.942097,192.678388,88.605665,207.957626,89.153099,224.055320,86.813053,240.522121,74.263988,254.211194,62.795511,256.054790,57.696991,256.457649
Type06, L,260,58.750282,261.488245,53.711365,260.970115,41.973313,257.484389,30.485447,243.316285,25.606467,227.490417,23.141117,211.578947,21.439224,194.414111,18.684629,179.572421,14.891203,162.501392,10.797499,146.793343,6.874239,130.745298,3.285704,114.586915,0.673016,98.468793,0.000000,81.634701,1.769104,65.349214,5.585225,49.137946,11.178981,32.910930,18.955185,17.451833,32.241046,4.403150,48.659146,0.000000,65.719742,4.911776,77.654512,18.327415,83.485845,34.161454,87.865432,49.551253,90.518241,65.417156,90.750754,82.624280,89.781574,97.970366,87.877588,114.185398,85.823484,130.925605,84.591760,146.586208,84.588182,163.771830,86.312575,179.843747,88.646844,196.456396,90.343031,212.035226,90.901199,228.448561,88.515269,245.238241,75.720145,259.195727,64.026795,261.075472,58.828304,261.486230
Type06, L,265,59.880095,266.516865,54.744276,265.988771,42.780492,262.436012,31.071705,247.995444,26.098899,231.865233,23.586138,215.647773,21.851516,198.152844,19.043948,183.025736,15.177572,165.626418,11.005144,149.616292,7.006436,133.259631,3.348890,116.790510,0.685958,100.362423,0.000000,83.204599,1.803126,66.605930,5.692633,50.082907,11.393962,33.543833,19.319707,17.787445,32.861066,4.487826,49.594899,0.000000,66.983583,5.006234,79.147868,18.679865,85.091342,34.818405,89.555152,50.504162,92.258977,66.675179,92.495961,84.213208,91.508143,99.854412,89.567541,116.381271,87.473935,133.443405,86.218524,149.405174,86.214878,166.921288,87.972433,183.302280,90.351591,200.234403,92.080397,216.112827,92.649299,232.841803,90.217486,249.954361,77.176301,264.180261,65.258080,266.096154,59.959618,266.514811
Type06, L,270,61.009908,271.545485,55.777187,271.007428,43.587671,267.387635,31.657964,252.674604,26.591332,236.240049,24.031160,219.716599,22.263809,201.891577,19.403268,186.479052,15.463941,168.751445,11.212788,152.439241,7.138633,135.773963,3.412077,118.994104,0.698901,102.256054,0.000000,84.774497,1.837147,67.862645,5.800041,51.027867,11.608942,34.176735,19.684230,18.123057,33.481086,4.572502,50.530651,0.000000,68.247425,5.100691,80.641224,19.032315,86.696839,35.475356,91.244872,51.457071,93.999712,67.933201,94.241167,85.802137,93.234712,101.738457,91.257495,118.577144,89.124387,135.961205,87.845289,152.224139,87.841573,170.070746,89.632290,186.760814,92.056338,204.012411,93.817763,220.190427,94.397399,237.235045,91.919703,254.670481,78.632458,269.164794,66.489364,271.116836,61.090931,271.543393
Type06, L,275,62.139721,276.574105,56.810098,276.026084,44.394850,272.339258,32.244222,257.353763,27.083764,240.614864,24.476181,223.785425,22.676102,205.630310,19.762588,189.932368,15.750311,171.876472,11.420432,155.262190,7.270830,138.288296,3.475263,121.197699,0.711843,104.149685,0.000000,86.344395,1.871168,69.119361,5.907450,51.972828,11.823923,34.809638,20.048753,18.458670,34.101106,4.657178,51.466404,0.000000,69.511266,5.195148,82.134580,19.384766,88.302336,36.132307,92.934592,52.409979,95.740448,69.191223,95.986374,87.391065,94.961281,103.622502,92.947448,120.773017,90.774838,138.479005,89.472053,155.043105,89.468269,173.220204,91.292147,190.219347,93.761085,207.790418,95.555129,224.268028,96.145499,241.628286,93.621919,259.386601,80.088615,274.149327,67.720649,276.137518,62.222245,276.571974
Type06, L,280,63.269534,281.602725,57.843009,281.044740,45.202029,277.290881,32.830481,262.032922,27.576196,244.989680,24.921203,227.854251,23.088395,209.369043,20.121908,193.385684,16.036680,175.001499,11.628076,158.085139,7.403027,140.802629,3.538450,123.401293,0.724786,106.043315,0.000000,87.914293,1.905189,70.376077,6.014858,52.917788,12.038903,35.442540,20.413276,18.794282,34.721126,4.741854,52.402157,0.000000,70.775107,5.289605,83.627936,19.737216,89.907833,36.789258,94.624311,53.362888,97.481183,70.449245,97.731581,88.979994,96.687849,105.506548,94.637402,122.968890,92.425290,140.996805,91.098818,157.862070,91.094965,176.369663,92.952004,193.677881,95.465832,211.568426,97.292495,228.345628,97.893599,246.021528,95.324136,264.102721,81.544771,279.133860,68.951933,281.158201,63.353558,281.600555
Type07, L,230,54.903823,230.527400,50.078559,230.221700,40.103006,228.906306,27.909248,217.281990,24.057617,203.230930,20.814943,188.763974,18.564197,174.797264,16.706838,159.988250,14.237175,145.429288,10.905283,131.918049,6.997749,117.911214,3.611873,104.273058,1.001078,90.181177,0.000000,75.319007,1.619652,61.049205,5.069998,47.085008,10.707960,32.915350,17.544447,19.629423,27.391992,6.576834,41.403321,0.000000,55.853223,0.252632,68.948256,10.464942,75.049644,24.505135,77.867266,38.896874,78.533701,52.187248,79.701893,67.359708,78.960921,82.203092,76.750480,95.731712,76.008422,110.111630,76.601158,125.718465,76.534943,141.468960,76.768433,154.461803,77.284925,168.588534,78.694670,183.158397,79.774447,198.197823,78.375347,212.458355,70.010904,226.592701,59.666652,230.393572,55.442312,230.092316
Type07, L,235,56.097385,235.538865,51.167223,235.226519,40.974811,233.882530,28.515971,222.005511,24.580609,207.648994,21.267442,192.867539,18.967766,178.597204,17.070031,163.466256,14.546679,148.590794,11.142355,134.785833,7.149874,120.474501,3.690392,106.539863,1.022840,92.141637,0.000000,76.956377,1.654862,62.376361,5.180215,48.108595,10.940742,33.630901,17.925848,20.056149,27.987470,6.719809,42.303393,0.000000,57.067423,0.258124,70.447131,10.692441,76.681158,25.037855,79.560033,39.742458,80.240955,53.321754,81.434542,68.824050,80.677463,83.990116,78.418969,97.812836,77.660779,112.505361,78.266400,128.451475,78.198746,144.544372,78.437312,157.819668,78.965032,172.253503,80.405424,187.140101,81.508674,202.506471,80.079159,217.077015,71.532880,231.518629,60.963754,235.402128,56.647580,235.094322
Type07, L,240,57.290946,240.550331,52.255887,240.231339,41.846615,238.858754,29.122693,226.729033,25.103601,212.067058,21.719940,196.971104,19.371336,182.397145,17.433223,166.944261,14.856182,151.752300,11.379426,137.653617,7.301999,123.037788,3.768911,108.806669,1.044603,94.102097,0.000000,78.593747,1.690071,63.703518,5.290432,49.132182,11.173524,34.346452,18.307249,20.482876,28.582948,6.862784,43.203466,0.000000,58.281624,0.263616,71.946006,10.919940,78.312672,25.570575,81.252800,40.588043,81.948209,54.456259,83.167192,70.288391,82.394004,85.777140,80.087458,99.893961,79.313136,114.899092,79.931643,131.184485,79.862549,147.619785,80.106191,161.177533,80.645139,175.918471,82.116178,191.121805,83.242901,206.815119,81.782971,221.695675,73.054857,236.444557,62.260855,240.410684,57.852848,240.096329
Type07, L,245,58.484508,245.561796,53.344552,245.236158,42.718420,243.834978,29.729416,231.452554,25.626592,216.485121,22.172439,201.074668,19.774905,186.197085,17.796415,170.422267,15.165686,154.913807,11.616498,140.521400,7.454124,125.601076,3.847430,111.073474,1.066365,96.062558,0.000000,80.231116,1.725281,65.030674,5.400650,50.155769,11.406305,35.062003,18.688650,20.909602,29.178426,7.005758,44.103538,0.000000,59.495824,0.269108,73.444881,11.147438,79.944186,26.103296,82.945566,41.433627,83.655464,55.590765,84.899842,71.752733,84.110546,87.564163,81.755946,101.975085,80.965493,117.292823,81.596885,133.917495,81.526352,150.695197,81.775070,164.535399,82.325246,179.583439,83.826931,195.103510,84.977128,211.123768,83.486783,226.314335,74.576833,241.370486,63.557956,245.419240,59.058115,245.098336
Type07, L,250,59.678069,250.573261,54.433216,250.240978,43.590224,248.811202,30.336139,236.176076,26.149584,220.903185,22.624938,205.178233,20.178475,189.997026,18.159607,173.900272,15.475190,158.075313,11.853569,143.389184,7.606249,128.164363,3.925949,113.340280,1.088128,98.023018,0.000000,81.868486,1.760491,66.357831,5.510867,51.179356,11.639087,35.777554,19.070051,21.336329,29.773904,7.148733,45.003610,0.000000,60.710025,0.274600,74.943756,11.374937,81.575700,26.636016,84.638333,42.279211,85.362718,56.725270,86.632492,73.217074,85.827088,89.351187,83.424435,104.056209,82.617850,119.686554,83.262128,136.650505,83.190155,153.770609,83.443949,167.893264,84.005353,183.248407,85.537685,199.085214,86.711355,215.432416,85.190595,230.932995,76.098809,246.296414,64.855057,250.427796,60.263383,250.100343
Type07, L,255,60.871630,255.584726,55.521880,255.245798,44.462028,253.787426,30.942862,240.899598,26.672576,225.321249,23.077437,209.281798,20.582044,193.796967,18.522799,177.378277,15.784694,161.236819,12.090640,146.256968,7.758374,130.727650,4.004468,115.607086,1.109891,99.983478,0.000000,83.505856,1.795701,67.684988,5.621084,52.202943,11.871869,36.493105,19.451452,21.763056,30.369382,7.291708,45.903682,0.000000,61.924226,0.280092,76.442631,11.602436,83.207214,27.168736,86.331100,43.124795,87.069972,57.859775,88.365142,74.681415,87.543630,91.138211,85.092924,106.137333,84.270207,122.080285,84.927371,139.383515,84.853958,156.846021,85.112828,171.251129,85.685460,186.913375,87.248439,203.066918,88.445582,219.741064,86.894407,235.551655,77.620785,251.222342,66.152158,255.436352,61.468651,255.102350
Type07, L,260,62.065192,260.596191,56.610545,260.250617,45.333833,258.763650,31.549585,245.623119,27.195567,229.739312,23.529936,213.385362,20.985614,197.596907,18.885991,180.856283,16.094198,164.398326,12.327712,149.124751,7.910499,133.290938,4.082987,117.873891,1.131653,101.943939,0.000000,85.143225,1.830911,69.012144,5.731302,53.226530,12.104650,37.208656,19.832853,22.189782,30.964860,7.434682,46.803754,0.000000,63.138426,0.285584,77.941506,11.829934,84.838728,27.701457,88.023866,43.970379,88.777227,58.994281,90.097792,76.145757,89.260172,92.925234,86.761412,108.218457,85.922564,124.474016,86.592613,142.116525,86.517761,159.921433,86.781707,174.608995,87.365567,190.578343,88.959192,207.048623,90.179809,224.049713,88.598219,240.170315,79.142761,256.148271,67.449259,260.444908,62.673918,260.104357
Type07, L,265,63.258753,265.607657,57.699209,265.255437,46.205637,263.739874,32.156307,250.346641,27.718559,234.157376,23.982434,217.488927,21.389184,201.396848,19.249183,184.334288,16.403701,167.559832,12.564783,151.992535,8.062624,135.854225,4.161506,120.140697,1.153416,103.904399,0.000000,86.780595,1.866120,70.339301,5.841519,54.250117,12.337432,37.924207,20.214254,22.616509,31.560338,7.577657,47.703827,0.000000,64.352626,0.291076,79.440381,12.057433,86.470242,28.234177,89.716633,44.815964,90.484481,60.128786,91.830442,77.610098,90.976713,94.712258,88.429901,110.299582,87.574921,126.867747,88.257856,144.849535,88.181564,162.996846,88.450586,177.966860,89.045674,194.243311,90.669946,211.030327,91.914036,228.358361,90.302031,244.788975,80.664738,261.074199,68.746360,265.453464,63.879186,265.106364
Type07, L,270,64.452315,270.619122,58.787873,270.260256,47.077442,268.716098,32.763030,255.070162,28.241551,238.575440,24.434933,221.592492,21.792753,205.196788,19.612376,187.812294,16.713205,170.721338,12.801855,154.860319,8.214749,138.417512,4.240025,122.407502,1.175178,105.864859,0.000000,88.417965,1.901330,71.666457,5.951736,55.273704,12.570214,38.639758,20.595655,23.043235,32.155816,7.720632,48.603899,0.000000,65.566827,0.296568,80.939256,12.284932,88.101756,28.766897,91.409400,45.661548,92.191735,61.263292,93.563091,79.074440,92.693255,96.499282,90.098390,112.380706,89.227278,129.261478,89.923098,147.582545,89.845367,166.072258,90.119465,181.324725,90.725781,197.908280,92.380700,215.012031,93.648263,232.667009,92.005843,249.407635,82.186714,266.000127,70.043462,270.462020,65.084454,270.108370
Type07, L,275,65.645876,275.630587,59.876538,275.265076,47.949246,273.692322,33.369753,259.793684,28.764542,242.993504,24.887432,225.696056,22.196323,208.996729,19.975568,191.290299,17.022709,173.882844,13.038926,157.728102,8.366874,140.980799,4.318544,124.674308,1.196941,107.825320,0.000000,90.055335,1.936540,72.993614,6.061954,56.297292,12.802996,39.355309,20.977056,23.469962,32.751294,7.863606,49.503971,0.000000,66.781028,0.302060,82.438132,12.512431,89.733270,29.299618,93.102166,46.507132,93.898990,62.397797,95.295741,80.538781,94.409797,98.286306,91.766879,114.461830,90.879635,131.655209,91.588341,150.315556,91.509171,169.147670,91.788344,184.682590,92.405888,201.573248,94.091454,218.993735,95.382491,236.975658,93.709655,254.026295,83.708690,270.926055,71.340563,275.470576,66.289721,275.110377
Type07, L,280,66.839437,280.642052,60.965202,280.269895,48.821051,278.668546,33.976476,264.517205,29.287534,247.411567,25.339931,229.799621,22.599892,212.796669,20.338760,194.768305,17.332213,177.044351,13.275997,160.595886,8.518999,143.544087,4.397063,126.941114,1.218703,109.785780,0.000000,91.692704,1.971750,74.320771,6.172171,57.320879,13.035777,40.070860,21.358457,23.896688,33.346772,8.006581,50.404043,0.000000,67.995228,0.307552,83.937007,12.739929,91.364784,29.832338,94.794933,47.352716,95.606244,63.532302,97.028391,82.003123,96.126339,100.073329,93.435367,116.542954,92.531992,134.048940,93.253583,153.048566,93.172974,172.223082,93.457223,188.040456,94.085995,205.238216,95.802207,222.975440,97.116718,241.284306,95.413466,258.644954,85.230666,275.851984,72.637664,280.479132,67.494989,280.112384
