Type,side,size,x1,y1,x2,y2,x3,y3,x4,y4,x5,y5,x6,y6,x7,y7,x8,y8,x9,y9,x10,y10,x11,y11,x12,y12,x13,y13,x14,y14,x15,y15,x16,y16,x17,y17,x18,y18,x19,y19,x20,y20,x21,y21,x22,y22,x23,y23,x24,y24,x25,y25,x26,y26,x27,y27,x28,y28,x29,y29,x30,y30,x31,y31,x32,y32,x33,y33,x34,y34,x35,y35,x36,y36,x37,y37,x38,y38,x39,y39,x40,y40,x41,y41,x42,y42,x43,y43,x44,y44,x45,y45,x46,y46
Type00,L,230,56.517571,220.592326,45.273443,219.631529,35.182675,214.274053,28.020337,205.581593,24.391825,194.971606,22.253244,183.822308,20.705251,172.578938,19.253962,161.309594,17.391589,150.106721,14.919259,139.018918,11.923904,128.048231,8.727102,117.131532,5.619394,106.194619,3.097945,95.121721,1.058830,83.944436,0.065493,72.678115,0.877760,61.366227,3.350434,50.286987,7.012762,39.541502,11.635536,29.164380,17.075541,19.185741,23.627515,9.945724,32.605861,2.897984,43.618956,0.169881,54.904659,1.346910,65.129778,7.034164,71.463863,16.195966,75.093374,26.911483,77.337374,38.032269,79.453544,49.238367,80.488558,60.502827,79.933911,71.831790,78.820172,83.137970,78.268830,94.473291,78.602628,105.842932,79.485015,117.202225,80.577263,128.544551,81.186956,139.899846,81.106668,151.293956,80.437723,162.708978,79.112485,174.040053,77.730786,185.290436,76.929385,196.624872,74.027462,207.377042,67.385455,216.758275,56.748246,220.109293
Type00,L,235,57.072901,225.605182,45.581285,224.592190,35.401547,218.921052,28.241298,209.926302,24.615786,199.052187,22.632271,187.624029,21.196695,176.110113,19.693927,164.594433,17.702339,153.157775,15.170993,141.823595,12.176309,130.594684,9.007941,119.411574,5.888629,108.218041,3.257938,96.911183,1.108450,85.497820,0.097265,73.985839,1.025772,62.437198,3.644253,51.134138,7.380191,40.144720,11.971482,29.482632,17.448706,19.247763,24.211851,9.855984,33.506523,2.833561,44.784069,0.166891,56.297455,1.495208,66.461326,7.557541,72.694186,17.057393,76.366895,28.030165,78.702912,39.390890,80.798855,50.847283,81.650271,62.364857,80.973060,73.944508,79.903993,85.508208,79.395673,97.100429,79.645547,108.721647,80.414850,120.331934,81.456429,131.925228,82.148341,143.526975,82.239477,155.161910,81.696240,166.818146,80.394288,178.397327,78.944732,189.902981,78.073231,201.484415,75.081560,212.448088,68.122805,221.846354,57.221421,225.128920
Type00,L,240,57.628231,230.618039,45.889127,229.552851,35.620419,223.568051,28.462259,214.271012,24.839747,203.132769,23.011298,191.425751,21.688139,179.641289,20.133891,167.879271,18.013089,156.208828,15.422726,144.628272,12.428714,133.141138,9.288780,121.691617,6.157864,110.241463,3.417931,98.700646,1.158069,87.051203,0.129038,75.293563,1.173783,63.508168,3.938072,51.981290,7.747620,40.747938,12.307428,29.800884,17.821872,19.309784,24.796187,9.766244,34.407185,2.769139,45.949182,0.163902,57.690251,1.643505,67.792873,8.080919,73.924508,17.918820,77.640415,29.148848,80.068450,40.749511,82.144166,52.456199,82.811985,64.226887,82.012209,76.057227,80.987814,87.878446,80.522515,99.727568,80.688467,111.600363,81.344685,123.461643,82.335594,135.305904,83.109726,147.154105,83.372286,159.029865,82.954757,170.927313,81.676092,182.754601,80.158677,194.515527,79.217076,206.343958,76.135658,217.519133,68.860154,226.934434,57.694596,230.148546
Type00,L,245,58.183561,235.630895,46.196968,234.513512,35.839291,228.215050,28.683220,218.615721,25.063708,207.213350,23.390325,195.227472,22.179583,183.172464,20.573856,171.164110,18.323838,159.259881,15.674459,147.432949,12.681120,135.687591,9.569620,123.971659,6.427099,112.264885,3.577923,100.490108,1.207689,88.604587,0.160810,76.601288,1.321795,64.579138,4.231891,52.828442,8.115050,41.351156,12.643373,30.119136,18.195037,19.371806,25.380522,9.676504,35.307847,2.704716,47.114295,0.160913,59.083047,1.791802,69.124420,8.604296,75.154831,18.780247,78.913935,30.267531,81.433987,42.108131,83.489477,54.065115,83.973698,66.088918,83.051358,78.169946,82.071635,90.248685,81.649358,102.354707,81.731387,114.479079,82.274520,126.591352,83.214760,138.686581,84.071110,150.781234,84.505095,162.897819,84.213273,175.036480,82.957895,187.111875,81.372623,199.128072,80.360921,211.203501,77.189755,222.590178,69.597504,232.022513,58.167772,235.168172
Type00,L,250,58.738891,240.643751,46.504810,239.474173,36.058163,232.862049,28.904181,222.960431,25.287669,211.293932,23.769352,199.029193,22.671027,186.703640,21.013820,174.448949,18.634588,162.310934,15.926192,150.237626,12.933525,138.234045,9.850459,126.251702,6.696334,114.288307,3.737916,102.279570,1.257309,90.157971,0.192582,77.909012,1.469806,65.650109,4.525710,53.675593,8.482479,41.954374,12.979319,30.437388,18.568202,19.433827,25.964858,9.586763,36.208509,2.640293,48.279408,0.157924,60.475843,1.940100,70.455967,9.127673,76.385153,19.641675,80.187455,31.386214,82.799525,43.466752,84.834788,55.674031,85.135411,67.950948,84.090507,80.282665,83.155456,92.618923,82.776201,104.981846,82.774306,117.357795,83.204355,129.721061,84.093926,142.067258,85.032495,154.408363,85.637903,166.765773,85.471790,179.145648,84.239698,191.469149,82.586569,203.740618,81.504766,216.063045,78.243853,227.661224,70.334854,237.110592,58.640947,240.187798
Type00,L,255,59.294221,245.656608,46.812652,244.434835,36.277035,237.509048,29.125141,227.305140,25.511631,215.374513,24.148379,202.830914,23.162471,190.234815,21.453784,177.733788,18.945337,165.361987,16.177925,153.042303,13.185930,140.780498,10.131298,128.531744,6.965569,116.311729,3.897909,104.069033,1.306929,91.711354,0.224354,79.216736,1.617818,66.721079,4.819529,54.522745,8.849908,42.557592,13.315265,30.755640,18.941367,19.495849,26.549194,9.497023,37.109171,2.575870,49.444521,0.154935,61.868639,2.088397,71.787515,9.651050,77.615476,20.503102,81.460975,32.504897,84.165063,44.825373,86.180099,57.282947,86.297124,69.812978,85.129656,82.395384,84.239277,94.989161,83.903043,107.608984,83.817226,120.236511,84.134190,132.850770,84.973091,145.447934,85.993880,158.035493,86.770712,170.633727,86.730307,183.254815,85.521502,195.826423,83.800514,208.353164,82.648612,220.922588,79.297950,232.732269,71.072203,242.198671,59.114123,245.207424
Type00,L,260,59.849552,250.669464,47.120494,249.395496,36.495907,242.156047,29.346102,231.649849,25.735592,219.455095,24.527406,206.632635,23.653915,193.765991,21.893749,181.018627,19.256087,168.413040,16.429658,155.846980,13.438335,143.326951,10.412137,130.811787,7.234804,118.335151,4.057902,105.858495,1.356549,93.264738,0.256126,80.524460,1.765829,67.792049,5.113348,55.369896,9.217337,43.160810,13.651211,31.073892,19.314533,19.557870,27.133530,9.407283,38.009833,2.511448,50.609634,0.151946,63.261435,2.236695,73.119062,10.174427,78.845798,21.364529,82.734496,33.623579,85.530601,46.183994,87.525411,58.891863,87.458837,71.675009,86.168805,84.508103,85.323098,97.359399,85.029886,110.236123,84.860146,123.115227,85.064025,135.980479,85.852257,148.828611,86.955265,161.662622,87.903521,174.501681,87.988824,187.363982,86.803305,200.183697,85.014460,212.965709,83.792457,225.782131,80.352048,237.803314,71.809553,247.286751,59.587298,250.227051
Type00,L,265,60.404882,255.682321,47.428335,254.356157,36.714779,246.803046,29.567063,235.994559,25.959553,223.535676,24.906433,210.434357,24.145359,197.297167,22.333713,184.303465,19.566837,171.464094,16.681392,158.651657,13.690741,145.873405,10.692977,133.091830,7.504039,120.358573,4.217894,107.647957,1.406168,94.818122,0.287898,81.832184,1.913841,68.863020,5.407167,56.217048,9.584766,43.764028,13.987157,31.392144,19.687698,19.619892,27.717865,9.317543,38.910495,2.447025,51.774747,0.148957,64.654230,2.384992,74.450609,10.697804,80.076121,22.225956,84.008016,34.742262,86.896139,47.542614,88.870722,60.500779,88.620550,73.537039,87.207954,86.620822,86.406919,99.729637,86.156729,112.863262,85.903065,125.993942,85.993860,139.110188,86.731423,152.209288,87.916650,165.289751,89.036330,178.369635,89.247340,191.473150,88.085108,204.540971,86.228406,217.578255,84.936302,230.641674,81.406146,242.874360,72.546903,252.374830,60.060473,255.246677
Type00,L,270,60.960212,260.695177,47.736177,259.316818,36.933651,251.450046,29.788024,240.339268,26.183514,227.616258,25.285460,214.236078,24.636803,200.828342,22.773678,187.588304,19.877586,174.515147,16.933125,161.456334,13.943146,148.419858,10.973816,135.371872,7.773274,122.381995,4.377887,109.437420,1.455788,96.371506,0.319670,83.139908,2.061852,69.933990,5.700986,57.064200,9.952195,44.367246,14.323103,31.710396,20.060863,19.681913,28.302201,9.227803,39.811157,2.382602,52.939860,0.145967,66.047026,2.533290,75.782156,11.221181,81.306443,23.087384,85.281536,35.860945,88.261677,48.901235,90.216033,62.109695,89.782264,75.399069,88.247103,88.733541,87.490740,102.099875,87.283571,115.490401,86.945985,128.872658,86.923695,142.239897,87.610588,155.589964,88.878035,168.916881,90.169139,182.237589,90.505857,195.582317,89.366912,208.898245,87.442352,222.190801,86.080147,235.501217,82.460243,247.945405,73.284253,257.462909,60.533649,260.266303
Type00,L,275,61.515542,265.708033,48.044019,264.277479,37.152523,256.097045,30.008985,244.683978,26.407475,231.696840,25.664487,218.037799,25.128247,204.359518,23.213642,190.873143,20.188336,177.566200,17.184858,164.261012,14.195551,150.966312,11.254655,137.651915,8.042509,124.405417,4.537880,111.226882,1.505408,97.924889,0.351442,84.447632,2.209864,71.004961,5.994805,57.911351,10.319625,44.970464,14.659049,32.028648,20.434028,19.743935,28.886537,9.138062,40.711819,2.318179,54.104973,0.142978,67.439822,2.681587,77.113703,11.744558,82.536765,23.948811,86.555056,36.979628,89.627215,50.259856,91.561344,63.718611,90.943977,77.261100,89.286252,90.846260,88.574561,104.470113,88.410414,118.117539,87.988905,131.751374,87.853530,145.369605,88.489754,158.970641,89.839419,172.544010,91.301948,186.105543,91.764374,199.691485,90.648715,213.255519,88.656297,226.803346,87.223993,240.360761,83.514341,253.016450,74.021602,262.550989,61.006824,265.285929
Type00,L,280,62.070872,270.720890,48.351860,269.238140,37.371395,260.744044,30.229945,249.028687,26.631436,235.777421,26.043514,221.839520,25.619691,207.890693,23.653607,194.157982,20.499085,180.617253,17.436591,167.065689,14.447956,153.512765,11.535494,139.931957,8.311744,126.428839,4.697872,113.016344,1.555028,99.478273,0.383214,85.755356,2.357875,72.075931,6.288624,58.758503,10.687054,45.573682,14.994995,32.346900,20.807194,19.805956,29.470873,9.048322,41.612481,2.253757,55.270086,0.139989,68.832618,2.829885,78.445251,12.267935,83.767088,24.810238,87.828576,38.098311,90.992753,51.618476,92.906655,65.327527,92.105690,79.123130,90.325401,92.958979,89.658382,106.840351,89.537257,120.744678,89.031824,134.630090,88.783365,148.499314,89.368920,162.351318,90.800804,176.171139,92.434757,189.973497,93.022890,203.800652,91.930519,217.612793,89.870243,231.415892,88.367838,245.220304,84.568439,258.087496,74.758952,267.639068,61.479999,270.305556
Type01,L,230,46.467907,230.806158,34.728965,229.420338,24.939517,222.812974,18.937023,212.937868,16.099359,201.528025,14.391431,189.825201,13.041385,178.076897,11.868215,166.307968,10.662440,154.539607,9.157136,142.806889,7.336416,131.127366,5.132009,119.530136,2.968618,107.916832,1.117485,96.239013,0.106851,84.478505,0.334714,72.667294,1.629246,60.929908,3.901284,49.338848,7.137099,37.965762,11.090761,26.804918,16.263931,16.178325,23.574155,6.838751,34.400219,2.025091,46.038511,-0.066042,56.559878,5.010516,64.572593,13.182753,70.721701,23.234541,74.867091,34.272630,77.429540,45.802248,78.409985,57.564923,78.402504,69.373054,78.298176,81.184595,78.443594,93.051540,78.844241,104.944121,79.538608,116.829767,80.047821,128.684668,79.309631,140.544473,77.519878,152.406435,75.984812,164.213166,75.496546,176.023436,75.308407,187.828119,74.346142,199.610469,71.755148,211.233546,67.287363,221.859416,57.886645,228.911946,45.557761,230.451285
Type01,L,235,47.447596,235.856509,35.481052,234.413743,25.566673,227.585820,19.498861,217.471955,16.654588,205.808444,14.922562,193.858371,13.547655,181.863899,12.362810,169.846492,11.139803,157.830149,9.611099,145.849620,7.729121,133.930727,5.444515,122.098559,3.177976,110.256219,1.226128,98.347713,0.143616,86.347414,0.347090,74.290495,1.661854,62.306379,3.981287,50.472353,7.272412,38.857225,11.278935,27.450971,16.505822,16.574876,23.908523,7.002424,34.951992,2.071626,46.832330,-0.045941,57.557589,5.185063,65.664022,13.590481,71.826382,23.898574,75.997079,35.187115,78.626433,46.956946,79.693071,58.959501,79.729960,71.013579,79.592696,83.068443,79.661755,95.170005,79.988937,107.297840,80.629048,119.424141,81.112465,131.523812,80.383737,143.630858,78.635092,155.736900,77.141972,167.786224,76.691774,179.838123,76.547931,191.884547,75.643010,203.909876,73.110987,215.787819,68.647199,226.669756,59.115686,233.897688,46.808177,235.510733
Type01,L,240,48.427286,240.906860,36.233139,239.407149,26.193830,232.358665,20.060700,222.006041,17.209817,210.088863,15.453693,197.891541,14.053926,185.650902,12.857405,173.385017,11.617166,161.120691,10.065061,148.892350,8.121825,136.734087,5.757021,124.666981,3.387334,112.595606,1.334772,100.456412,0.180381,88.216322,0.359466,75.913695,1.694462,63.682850,4.061291,51.605858,7.407725,39.748689,11.467109,28.097025,16.747713,16.971428,24.242890,7.166097,35.503766,2.118162,47.626148,-0.025839,58.555301,5.359610,66.755450,13.998209,72.931064,24.562606,77.127067,36.101600,79.823325,48.111645,80.976157,60.354079,81.057415,72.654104,80.887216,84.952291,80.879917,97.288471,81.133632,109.651559,81.719487,122.018516,82.177108,134.362956,81.457843,146.717243,79.750306,159.067365,78.299132,171.359281,77.887002,183.652811,77.787455,195.940976,76.939878,208.209283,74.466826,220.342093,70.007034,231.480096,60.344726,238.883431,48.058593,240.570181
Type01,L,245,49.406975,245.957212,36.985226,244.400555,26.820987,237.131510,20.622538,226.540127,17.765046,214.369282,15.984824,201.924710,14.560196,189.437904,13.352000,176.923541,12.094529,164.411233,10.519024,151.935081,8.514530,139.537447,6.069527,127.235404,3.596693,114.934993,1.443415,102.565111,0.217145,90.085231,0.371842,77.536896,1.727070,65.059322,4.141294,52.739363,7.543038,40.640152,11.655283,28.743078,16.989604,17.367979,24.577258,7.329771,36.055540,2.164697,48.419967,-0.005738,59.553012,5.534156,67.846879,14.405937,74.035745,25.226639,78.257055,37.016085,81.020217,49.266344,82.259243,61.748657,82.384871,74.294628,82.181735,86.836139,82.098078,99.406936,82.278328,112.005279,82.809927,124.612891,83.241752,137.202100,82.531949,149.803628,80.865520,162.397830,79.456292,174.932339,79.082230,187.467498,79.026979,199.997405,78.236746,212.508691,75.822665,224.896366,71.366870,236.290437,61.573767,243.869173,49.309009,245.629629
Type01,L,250,50.386664,251.007563,37.737313,249.393961,27.448143,241.904355,21.184377,231.074213,18.320276,218.649700,16.515955,205.957880,15.066466,193.224906,13.846594,180.462066,12.571892,167.701775,10.972987,154.977812,8.907234,142.340807,6.382032,129.803827,3.806051,117.274379,1.552058,104.673811,0.253910,91.954140,0.384218,79.160096,1.759677,66.435793,4.221297,53.872868,7.678352,41.531615,11.843457,29.389132,17.231496,17.764531,24.911626,7.493444,36.607314,2.211232,49.213785,0.014364,60.550724,5.708703,68.938307,14.813665,75.140427,25.890671,79.387043,37.930570,82.217110,50.421043,83.542329,63.143235,83.712327,75.935153,83.476255,88.719988,83.316239,101.525402,83.423023,114.358998,83.900366,127.207266,84.306396,140.041244,83.606055,152.890013,81.980733,165.728295,80.613452,178.505396,80.277458,191.282185,80.266503,204.053833,79.533615,216.808098,77.178503,229.450639,72.726705,241.100777,62.802807,248.854916,50.559425,250.689077
Type01,L,255,51.366353,256.057914,38.489400,254.387367,28.075300,246.677200,21.746215,235.608300,18.875505,222.930119,17.047086,209.991050,15.572736,197.011908,14.341189,184.000590,13.049255,170.992317,11.426950,158.020543,9.299939,145.144167,6.694538,132.372250,4.015409,119.613766,1.660702,106.782510,0.290675,93.823049,0.396594,80.783297,1.792285,67.812264,4.301300,55.006373,7.813665,42.423079,12.031631,30.035185,17.473387,18.161082,25.245994,7.657117,37.159087,2.257768,50.007604,0.034465,61.548435,5.883250,70.029736,15.221393,76.245108,26.554704,80.517031,38.845055,83.414002,51.575742,84.825416,64.537813,85.039782,77.575678,84.770775,90.603836,84.534400,103.643867,84.567719,116.712717,84.990806,129.801641,85.371039,142.880389,84.680161,155.976398,83.095947,169.058760,81.770612,182.078454,81.472686,195.096873,81.506027,208.110262,80.830483,221.107505,78.534342,234.004913,74.086541,245.911117,64.031848,253.840659,51.809841,255.748525
Type01,L,260,52.346042,261.108265,39.241487,259.380773,28.702457,251.450045,22.308054,240.142386,19.430734,227.210538,17.578217,214.024220,16.079006,200.798911,14.835784,187.539115,13.526619,174.282859,11.880913,161.063273,9.692644,147.947527,7.007044,134.940673,4.224767,121.953153,1.769345,108.891209,0.327440,95.691958,0.408970,82.406498,1.824893,69.188735,4.381304,56.139879,7.948978,43.314542,12.219804,30.681239,17.715278,18.557634,25.580361,7.820790,37.710861,2.304303,50.801423,0.054567,62.546147,6.057797,71.121164,15.629121,77.349790,27.218736,81.647019,39.759540,84.610894,52.730441,86.108502,65.932391,86.367238,79.216203,86.065294,92.487684,85.752562,105.762333,85.712414,119.066436,86.081245,132.396016,86.435683,145.719533,85.754267,159.062783,84.211161,172.389225,82.927772,185.651512,82.667914,198.911560,82.745551,212.166691,82.127351,225.406912,79.890181,238.559186,75.446376,250.721457,65.260888,258.826401,53.060258,260.807973
Type01,L,265,53.325732,266.158617,39.993574,264.374179,29.329613,256.222890,22.869892,244.676472,19.985964,231.490957,18.109348,218.057390,16.585276,204.585913,15.330379,191.077639,14.003982,177.573400,12.334876,164.106004,10.085348,150.750887,7.319550,137.509095,4.434125,124.292540,1.877988,110.999909,0.364205,97.560867,0.421346,84.029698,1.857501,70.565206,4.461307,57.273384,8.084291,44.206006,12.407978,31.327292,17.957170,18.954185,25.914729,7.984463,38.262635,2.350839,51.595241,0.074668,63.543858,6.232344,72.212592,16.036849,78.454471,27.882768,82.777007,40.674025,85.807787,53.885140,87.391588,67.326969,87.694694,80.856727,87.359814,94.371532,86.970723,107.880798,86.857110,121.420155,87.171685,134.990391,87.500327,148.558677,86.828373,162.149168,85.326375,175.719690,84.084932,189.224569,83.863142,202.726247,83.985075,216.223119,83.424219,229.706319,81.246020,243.113460,76.806212,255.531797,66.489929,263.812144,54.310674,265.867422
Type01,L,270,54.305421,271.208968,40.745661,269.367585,29.956770,260.995735,23.431731,249.210558,20.541193,235.771376,18.640479,222.090559,17.091546,208.372915,15.824973,194.616164,14.481345,180.863942,12.788838,167.148735,10.478053,153.554248,7.632056,140.077518,4.643484,126.631927,1.986632,113.108608,0.400970,99.429775,0.433722,85.652899,1.890109,71.941677,4.541310,58.406889,8.219604,45.097469,12.596152,31.973345,18.199061,19.350737,26.249097,8.148137,38.814409,2.397374,52.389060,0.094769,64.541570,6.406890,73.304021,16.444577,79.559153,28.546801,83.906996,41.588510,87.004679,55.039839,88.674674,68.721547,89.022149,82.497252,88.654333,96.255380,88.188884,109.999264,88.001805,123.773874,88.262124,137.584766,88.564970,151.397821,87.902479,165.235552,86.441589,179.050155,85.242092,192.797627,85.058370,206.540935,85.224599,220.279548,84.721087,234.005726,82.601859,247.667733,78.166048,260.342138,67.718969,268.797886,55.561090,270.926870
Type01,L,275,55.285110,276.259319,41.497748,274.360990,30.583926,265.768580,23.993570,253.744645,21.096422,240.051794,19.171610,226.123729,17.597817,212.159917,16.319568,198.154688,14.958708,184.154484,13.242801,170.191466,10.870757,156.357608,7.944562,142.645941,4.852842,128.971314,2.095275,115.217307,0.437735,101.298684,0.446098,87.276099,1.922717,73.318149,4.621313,59.540394,8.354917,45.988932,12.784326,32.619399,18.440952,19.747288,26.583464,8.311810,39.366182,2.443910,53.182878,0.114871,65.539281,6.581437,74.395449,16.852305,80.663834,29.210833,85.036984,42.502995,88.201571,56.194538,89.957760,70.116125,90.349605,84.137777,89.948853,98.139229,89.407045,112.117729,89.146501,126.127593,89.352564,140.179141,89.629614,154.236965,88.976585,168.321937,87.556803,182.380620,86.399253,196.370684,86.253599,210.355622,86.464123,224.335976,86.017956,238.305134,83.957698,252.222006,79.525883,265.152478,68.948010,273.783629,56.811506,275.986318
Type01,L,280,56.264799,281.309670,42.249835,279.354396,31.211083,270.541425,24.555408,258.278731,21.651652,244.332213,19.702741,230.156899,18.104087,215.946919,16.814163,201.693213,15.436071,187.445026,13.696764,173.234196,11.263462,159.160968,8.257068,145.214364,5.062200,131.310701,2.203918,117.326007,0.474500,103.167593,0.458474,88.899300,1.955325,74.694620,4.701317,60.673899,8.490230,46.880396,12.972500,33.265452,18.682843,20.143840,26.917832,8.475483,39.917956,2.490445,53.976697,0.134972,66.536992,6.755984,75.486878,17.260032,81.768516,29.874866,86.166972,43.417479,89.398464,57.349237,91.240846,71.510703,91.677061,85.778301,91.243373,100.023077,90.625207,114.236195,90.291196,128.481313,90.443003,142.773516,90.694258,157.076109,90.050691,171.408322,88.672017,185.711085,87.556413,199.943742,87.448827,214.170309,87.703647,228.392405,87.314824,242.604541,85.313537,256.776280,80.885719,269.962818,70.177050,278.769372,58.061922,281.045766
Type02,L,230,64.308936,231.061406,52.491992,228.935642,43.199057,221.429870,37.205951,211.167725,32.848003,199.986899,29.978243,188.358847,27.607484,176.619482,25.172414,164.888313,22.271282,153.251531,18.974828,141.719756,15.210511,130.331258,10.864928,119.129047,6.683160,107.877794,3.321359,96.372678,1.035584,84.624462,0.239823,72.699076,1.074197,60.764536,3.376232,49.019301,6.870987,37.561086,11.559569,26.553962,17.697999,16.372031,26.326241,8.192143,37.039356,2.957195,48.762270,0.054710,60.481515,2.556468,68.920930,11.148742,74.547389,21.687641,79.001868,32.832167,82.240822,44.375195,85.339766,56.089508,87.767222,67.975214,86.647706,79.762621,82.997473,91.184853,78.482842,102.399899,74.407550,113.734472,72.519787,125.454172,73.060128,137.398070,75.377646,149.135889,78.648242,160.656995,81.848608,172.149884,84.398545,183.767831,86.270662,195.566952,86.541999,207.487761,83.299214,218.897565,76.149053,228.618575,64.497209,231.025337
Type02,L,235,65.179983,236.082716,53.123041,233.930919,43.716308,226.184460,37.695178,215.664442,33.329920,204.230428,30.421492,192.363447,28.012613,180.386506,25.542987,168.417284,22.609764,156.542028,19.263432,144.775402,15.441312,133.153685,11.029918,121.720324,6.784266,110.237374,3.374048,98.496897,1.042625,86.512326,0.230677,74.347277,1.086944,62.173537,3.428497,50.191100,6.962295,38.495035,11.695004,27.246397,17.878248,16.817891,26.581963,8.398236,37.473932,2.997833,49.435447,0.061536,61.368699,2.670739,69.846054,11.550849,75.506770,22.356846,80.052616,33.728423,83.369926,45.501730,86.539431,57.454980,88.972921,69.577783,87.786454,81.598650,84.059190,93.253235,79.512420,104.705540,75.474592,116.279988,73.648428,128.237521,74.191663,140.422000,76.480749,152.403490,79.755150,164.164338,82.996974,175.895503,85.643217,187.751563,87.548039,199.792119,87.782268,211.953953,84.514268,223.612983,77.294403,233.579678,65.409480,236.017895
Type02,L,240,66.051031,241.104025,53.754090,238.926196,44.233560,230.939050,38.184405,220.161159,33.811838,208.473957,30.864741,196.368047,28.417741,184.153530,25.913560,171.946256,22.948247,159.832526,19.552036,147.831048,15.672112,135.976112,11.194908,124.311602,6.885372,112.596953,3.426736,100.621117,1.049666,88.400191,0.221531,75.995478,1.099691,63.582538,3.480761,51.362899,7.053603,39.428984,11.830439,27.938833,18.058497,17.263751,26.837684,8.604329,37.908509,3.038470,50.108625,0.068363,62.255882,2.785009,70.771179,11.952956,76.466151,23.026050,81.103363,34.624679,84.499029,46.628265,87.739097,58.820452,90.178621,71.180351,88.925203,83.434679,85.120907,95.321617,80.541997,107.011182,76.541634,118.825505,74.777069,131.020870,75.323197,143.445929,77.583852,155.671091,80.862058,167.671680,84.145340,179.641122,86.887890,191.735295,88.825416,204.017286,89.022538,216.420144,85.729321,228.328401,78.439753,238.540781,66.321750,241.010454
Type02,L,245,66.922079,246.125335,54.385139,243.921473,44.750812,235.693641,38.673631,224.657876,34.293755,212.717485,31.307991,200.372647,28.822870,187.920554,26.284134,175.475227,23.286730,163.123023,19.840640,150.886694,15.902912,138.798539,11.359898,126.902879,6.986479,114.956532,3.479425,102.745337,1.056708,90.288056,0.212385,77.643678,1.112438,64.991539,3.533026,52.534697,7.144911,40.362932,11.965873,28.631268,18.238746,17.709611,27.093405,8.810422,38.343085,3.079108,50.781803,0.075189,63.143066,2.899280,71.696304,12.355063,77.425532,23.695255,82.154110,35.520936,85.628133,47.754800,88.938762,60.185924,91.384320,72.782920,90.063951,85.270708,86.182624,97.389998,81.571574,109.316824,77.608675,121.371021,75.905710,133.804220,76.454732,146.469858,78.686955,158.938693,81.968966,171.179022,85.293706,183.386740,88.132562,195.719026,90.102793,208.242452,90.262807,220.886335,86.944375,233.043819,79.585103,243.501884,67.234021,246.003012
Type02,L,250,67.793127,251.146644,55.016188,248.916751,45.268064,240.448231,39.162858,229.154593,34.775672,216.961014,31.751240,204.377247,29.227999,191.687578,26.654707,179.004198,23.625212,166.413521,20.129244,153.942340,16.133712,141.620966,11.524888,129.494156,7.087585,117.316111,3.532113,104.869557,1.063749,92.175920,0.203239,79.291879,1.125184,66.400540,3.585291,53.706496,7.236219,41.296881,12.101308,29.323703,18.418995,18.155471,27.349126,9.016515,38.777662,3.119745,51.454981,0.082016,64.030249,3.013550,72.621429,12.757170,78.384912,24.364459,83.204857,36.417192,86.757236,48.881336,90.138427,61.551396,92.590019,74.385488,91.202700,87.106737,87.244341,99.458380,82.601151,111.622465,78.675717,123.916537,77.034351,136.587569,77.586267,149.493787,79.790058,162.206294,83.075874,174.686364,86.442072,187.132359,89.377234,199.702758,91.380170,212.467619,91.503076,225.352527,88.159428,237.759237,80.730452,248.462988,68.146291,250.995570
Type02,L,255,68.664175,256.167953,55.647237,253.912028,45.785316,245.202821,39.652085,233.651310,35.257590,221.204543,32.194489,208.381846,29.633128,195.454602,27.025281,182.533169,23.963695,169.704018,20.417848,156.997985,16.364513,144.443393,11.689878,132.085433,7.188691,119.675690,3.584802,106.993777,1.070790,94.063785,0.194093,80.940080,1.137931,67.809541,3.637556,54.878295,7.327527,42.230830,12.236743,30.016138,18.599244,18.601331,27.604847,9.222609,39.212239,3.160383,52.128159,0.088842,64.917433,3.127821,73.546554,13.159277,79.344293,25.033664,84.255605,37.313448,87.886339,50.007871,91.338092,62.916868,93.795719,75.988057,92.341449,88.942766,88.306058,101.526762,83.630728,113.928107,79.742759,126.462053,78.162992,139.370918,78.717802,152.517716,80.893161,165.473895,84.182781,178.193707,87.590438,190.877978,90.621906,203.686489,92.657547,216.692786,92.743346,229.818718,89.374481,242.474655,81.875802,253.424091,69.058562,255.988129
Type02,L,260,69.535222,261.189263,56.278286,258.907305,46.302567,249.957412,40.141311,238.148027,35.739507,225.448072,32.637738,212.386446,30.038256,199.221626,27.395854,186.062140,24.302178,172.994516,20.706452,160.053631,16.595313,147.265820,11.854868,134.676710,7.289797,122.035269,3.637491,109.117997,1.077831,95.951650,0.184947,82.588281,1.150678,69.218542,3.689820,56.050094,7.418835,43.164778,12.372178,30.708573,18.779493,19.047191,27.860568,9.428702,39.646815,3.201020,52.801336,0.095669,65.804617,3.242091,74.471679,13.561384,80.303674,25.702869,85.306352,38.209705,89.015443,51.134406,92.537757,64.282340,95.001418,77.590626,93.480197,90.778795,89.367775,103.595144,84.660305,116.233749,80.809800,129.007569,79.291633,142.154268,79.849336,155.541645,81.996263,168.741496,85.289689,181.701049,88.738804,194.623597,91.866578,207.670221,93.934924,220.917952,93.983615,234.284909,90.589535,247.190073,83.021152,258.385194,69.970832,260.980687
Type02,L,265,70.406270,266.210572,56.909335,263.902582,46.819819,254.712002,40.630538,242.644744,36.221424,229.691600,33.080987,216.391046,30.443385,202.988650,27.766428,189.591111,24.640660,176.285013,20.995056,163.109277,16.826113,150.088247,12.019858,137.267988,7.390903,124.394848,3.690179,111.242217,1.084873,97.839514,0.175801,84.236481,1.163425,70.627543,3.742085,57.221893,7.510143,44.098727,12.507613,31.401008,18.959742,19.493051,28.116289,9.634795,40.081392,3.241658,53.474514,0.102495,66.691800,3.356362,75.396804,13.963491,81.263055,26.372073,86.357099,39.105961,90.144546,52.260941,93.737422,65.647812,96.207117,79.193194,94.618946,92.614824,90.429492,105.663525,85.689882,118.539390,81.876842,131.553085,80.420274,144.937617,80.980871,158.565575,83.099366,172.009097,86.396597,185.208391,89.887170,198.369215,93.111251,211.653952,95.212301,225.143119,95.223884,238.751101,91.804588,251.905491,84.166501,263.346297,70.883103,265.973246
Type02,L,270,71.277318,271.231882,57.540384,268.897860,47.337071,259.466592,41.119765,247.141461,36.703341,233.935129,33.524236,220.395646,30.848514,206.755674,28.137001,193.120082,24.979143,179.575511,21.283660,166.164923,17.056913,152.910674,12.184848,139.859265,7.492009,126.754427,3.742868,113.366436,1.091914,99.727379,0.166655,85.884682,1.176171,72.036544,3.794350,58.393691,7.601451,45.032676,12.643047,32.093443,19.139991,19.938911,28.372010,9.840888,40.515968,3.282295,54.147692,0.109322,67.578984,3.470632,76.321928,14.365598,82.222436,27.041278,87.407847,40.002217,91.273650,53.387477,94.937087,67.013284,97.412817,80.795763,95.757694,94.450853,91.491209,107.731907,86.719459,120.845032,82.943883,134.098601,81.548915,147.720966,82.112406,161.589504,84.202469,175.276698,87.503505,188.715734,91.035536,202.114834,94.355923,215.637684,96.489678,229.368286,96.464154,243.217292,93.019642,256.620909,85.311851,268.307401,71.795374,270.965804
Type02,L,275,72.148366,276.253191,58.171433,273.893137,47.854323,264.221183,41.608992,251.638178,37.185259,238.178658,33.967486,224.400246,31.253643,210.522698,28.507575,196.649054,25.317626,182.866008,21.572264,169.220569,17.287714,155.733101,12.349838,142.450542,7.593116,129.114006,3.795557,115.490656,1.098955,101.615244,0.157509,87.532883,1.188918,73.445545,3.846614,59.565490,7.692759,45.966624,12.778482,32.785878,19.320240,20.384772,28.627731,10.046981,40.950545,3.322933,54.820870,0.116148,68.466167,3.584903,77.247053,14.767705,83.181817,27.710482,88.458594,40.898473,92.402753,54.514012,96.136752,68.378757,98.618516,82.398331,96.896443,96.286882,92.552926,109.800289,87.749036,123.150674,84.010925,136.644117,82.677556,150.504316,83.243941,164.613433,85.305572,178.544299,88.610412,192.223076,92.183902,205.860453,95.600595,219.621415,97.767055,233.593452,97.704423,247.683483,94.234695,261.336326,86.457201,273.268504,72.707644,275.958362
Type02,L,280,73.019414,281.274501,58.802482,278.888414,48.371575,268.975773,42.098218,256.134894,37.667176,242.422186,34.410735,228.404846,31.658771,214.289722,28.878148,200.178025,25.656108,186.156506,21.860868,172.276215,17.518514,158.555528,12.514828,145.041819,7.694222,131.473585,3.848245,117.614876,1.105996,103.503108,0.148363,89.181084,1.201665,74.854546,3.898879,60.737289,7.784067,46.900573,12.913917,33.478313,19.500489,20.830632,28.883452,10.253075,41.385122,3.363570,55.494048,0.122975,69.353351,3.699173,78.172178,15.169812,84.141198,28.379687,89.509341,41.794730,93.531857,55.640547,97.336417,69.744229,99.824215,84.000900,98.035191,98.122911,93.614643,111.868670,88.778614,125.456315,85.077967,139.189633,83.806197,153.287665,84.375475,167.637362,86.408675,181.811901,89.717320,195.730418,93.332268,209.606071,96.845267,223.605147,99.044431,237.818619,98.944692,252.149675,95.449748,266.051744,87.602551,278.229607,73.619915,280.950921
Type03,L,230,54.779936,230.295823,43.048974,228.406791,34.164521,220.649630,28.557462,210.286904,24.390344,199.125980,22.012397,187.506481,20.448154,175.728993,18.401182,164.017597,15.692973,152.409942,12.501789,140.911257,9.331779,129.421966,6.364773,117.899092,3.801988,106.293477,1.864453,94.569114,0.569211,82.754916,0.023033,70.883630,0.659945,59.034720,2.657873,47.341570,6.051343,35.986976,10.981205,25.195819,17.359731,15.204830,25.417996,6.670186,35.381833,0.351545,47.214553,0.285981,58.797852,3.129444,67.095923,11.687625,72.101644,22.358843,75.620610,33.715772,77.643269,45.387781,78.698081,57.218813,79.097113,69.096867,78.310923,80.955568,76.201018,92.687294,73.409583,104.350453,70.842463,116.066856,69.544676,127.890946,70.500939,139.717348,73.373919,151.496093,76.579817,163.270754,79.032116,175.047109,80.901980,186.865625,82.178344,198.744775,81.109970,210.368922,75.365807,220.585404,66.554808,228.550988,54.828807,230.583871
Type03,L,235,55.861983,235.355111,43.877597,233.521144,34.790234,225.621541,29.086964,215.043762,24.914006,203.635479,22.486669,191.775277,20.849363,179.760655,18.762579,167.807293,16.034674,155.954715,12.842463,144.207010,9.631373,132.476598,6.603087,120.716460,3.965263,108.876553,1.945895,96.919215,0.596899,84.865027,0.030528,72.750411,0.696732,60.658813,2.752956,48.726985,6.204538,37.135199,11.217693,26.114445,17.678781,15.889853,25.829978,7.113047,35.919606,0.524342,47.975347,0.297922,59.805058,3.155157,68.254390,11.887995,73.317171,22.795590,76.836797,34.407441,78.893127,46.323228,79.983744,58.396609,80.356352,70.516699,79.503161,82.616396,77.347500,94.590972,74.541104,106.498229,71.981087,118.458305,70.718456,130.525025,71.752404,142.593524,74.695852,154.616056,77.924798,166.637740,80.355179,178.659442,82.206418,190.721850,83.485133,202.844312,82.449872,214.721981,76.732680,225.219768,67.921760,233.526920,55.964825,235.659732
Type03,L,240,56.944029,240.414399,44.706219,238.635498,35.415948,230.593453,29.616466,219.800621,25.437669,208.144977,22.960941,196.044073,21.250572,183.792318,19.123976,171.596988,16.376375,159.499489,13.183138,147.502764,9.930968,135.531230,6.841400,123.533828,4.128539,111.459628,2.027337,99.269317,0.624587,86.975138,0.038022,74.617193,0.733518,62.282905,2.848039,50.112399,6.357734,38.283423,11.454181,27.033071,17.997832,16.574877,26.241961,7.555908,36.457378,0.697139,48.736142,0.309864,60.812264,3.180871,69.412856,12.088365,74.532698,23.232337,78.052984,35.099110,80.142985,47.258676,81.269407,59.574405,81.615590,71.936531,80.695400,84.277223,78.493982,96.494649,75.672625,108.646004,73.119711,120.849753,71.892236,133.159103,73.003870,145.469700,76.017785,157.736019,79.269779,170.004727,81.678243,182.271776,83.510857,194.578076,84.791921,206.943849,83.789774,219.075039,78.099553,229.854132,69.288712,238.502853,57.100843,240.735592
Type03,L,245,58.026075,245.473686,45.534842,243.749851,36.041661,235.565364,30.145968,224.557479,25.961331,212.654476,23.435214,200.312869,21.651781,187.823980,19.485373,175.386684,16.718075,163.044262,13.523812,150.798517,10.230562,138.585863,7.079713,126.351197,4.291815,114.042704,2.108779,101.619419,0.652274,89.085249,0.045516,76.483974,0.770304,63.906998,2.943123,51.497814,6.510929,39.431646,11.690669,27.951698,18.316883,17.259901,26.653944,7.998770,36.995151,0.869935,49.496936,0.321805,61.819469,3.206584,70.571322,12.288735,75.748225,23.669085,79.269171,35.790778,81.392843,48.194123,82.555071,60.752201,82.874829,73.356363,81.887638,85.938051,79.640464,98.398327,76.804146,110.793779,74.258335,123.241202,73.066016,135.793182,74.255335,148.345877,77.339718,160.855982,80.614761,173.371713,83.001306,185.884109,84.815295,198.434301,86.098710,211.043386,85.129675,223.428097,79.466427,234.488497,70.655664,243.478785,58.236861,245.811453
Type03,L,250,59.108121,250.532974,46.363465,248.864204,36.667375,240.537276,30.675471,229.314338,26.484993,217.163974,23.909486,204.581665,22.052990,191.855643,19.846770,179.176379,17.059776,166.589035,13.864486,154.094271,10.530156,141.640495,7.318026,129.168565,4.455090,116.625780,2.190221,103.969520,0.679962,91.195360,0.053011,78.350756,0.807091,65.531091,3.038206,52.883228,6.664124,40.579870,11.927158,28.870324,18.635934,17.944925,27.065926,8.441631,37.532924,1.042732,50.257731,0.333746,62.826675,3.232298,71.729788,12.489105,76.963752,24.105832,80.485357,36.482447,82.642701,49.129571,83.840734,61.929997,84.134068,74.776195,83.079877,87.598878,80.786946,100.302004,77.935667,112.941555,75.396959,125.632650,74.239796,138.427261,75.506801,151.222053,78.661651,163.975945,81.959742,176.738699,84.324370,189.496443,86.119733,202.290526,87.405498,215.142923,86.469577,227.781155,80.833300,239.122861,72.022616,248.454718,59.372880,250.887313
Type03,L,255,60.190167,255.592262,47.192087,253.978558,37.293089,245.509187,31.204973,234.071196,27.008655,221.673473,24.383759,208.850461,22.454198,195.887305,20.208167,182.966074,17.401477,170.133808,14.205160,157.390024,10.829751,144.695127,7.556340,131.985933,4.618366,119.208855,2.271663,106.319622,0.707650,93.305471,0.060505,80.217537,0.843877,67.155184,3.133290,54.268643,6.817319,41.728094,12.163646,29.788950,18.954985,18.629949,27.477909,8.884492,38.070697,1.215529,51.018525,0.345687,63.833881,3.258011,72.888254,12.689475,78.179279,24.542579,81.701544,37.174116,83.892559,50.065019,85.126397,63.107794,85.393307,76.196027,84.272115,89.259706,81.933429,102.205682,79.067188,115.089330,76.535583,128.024099,75.413576,141.061340,76.758266,154.098229,79.983584,167.095908,83.304723,180.105686,85.647433,193.108776,87.424172,206.146752,88.712286,219.242460,87.809479,232.134213,82.200173,243.757226,73.389568,253.430650,60.508898,255.963174
Type03,L,260,61.272213,260.651550,48.020710,259.092911,37.918802,250.481099,31.734475,238.828054,27.532318,226.182971,24.858031,213.119257,22.855407,199.918968,20.569564,186.755770,17.743178,173.678581,14.545835,160.685778,11.129345,147.749759,7.794653,134.803302,4.781641,121.791931,2.353105,108.669723,0.735338,95.415582,0.067999,82.084319,0.880664,68.779276,3.228373,55.654057,6.970515,42.876317,12.400134,30.707576,19.274036,19.314973,27.889892,9.327354,38.608469,1.388326,51.779320,0.357628,64.841086,3.283725,74.046720,12.889845,79.394806,24.979327,82.917731,37.865785,85.142417,51.000466,86.412061,64.285590,86.652546,77.615859,85.464353,90.920533,83.079911,104.109359,80.198709,117.237105,77.674207,130.415547,76.587357,143.695419,78.009732,156.974405,81.305517,170.215871,84.649704,183.472672,86.970497,196.721109,88.728610,210.002977,90.019075,223.341998,89.149381,236.487271,83.567046,248.391590,74.756520,258.406583,61.644916,261.039034
Type03,L,265,62.354260,265.710837,48.849332,264.207264,38.544516,255.453010,32.263977,243.584913,28.055980,230.692470,25.332304,217.388052,23.256616,203.950630,20.930960,190.545465,18.084879,177.223355,14.886509,163.981531,11.428940,150.804391,8.032966,137.620670,4.944917,124.375006,2.434547,111.019825,0.763026,97.525693,0.075494,83.951100,0.917450,70.403369,3.323457,57.039472,7.123710,44.024541,12.636622,31.626202,19.593086,19.999997,28.301874,9.770215,39.146242,1.561123,52.540115,0.369570,65.848292,3.309438,75.205186,13.090215,80.610333,25.416074,84.133918,38.557453,86.392275,51.935914,87.697724,65.463386,87.911785,79.035691,86.656592,92.581361,84.226393,106.013037,81.330230,119.384880,78.812832,132.806996,77.761137,146.329497,79.261197,159.850581,82.627450,173.335835,85.994685,186.839658,88.293560,200.333443,90.033048,213.859202,91.325863,227.441535,90.489282,240.840329,84.933919,253.025954,76.123472,263.382515,62.780934,266.114895
Type03,L,270,63.436306,270.770125,49.677955,269.321618,39.170229,260.424922,32.793479,248.341771,28.579642,235.201968,25.806576,221.656848,23.657825,207.982292,21.292357,194.335161,18.426580,180.768128,15.227183,167.277284,11.728534,153.859024,8.271279,140.438038,5.108193,126.958082,2.515989,113.369927,0.790714,99.635804,0.082988,85.817882,0.954236,72.027462,3.418540,58.424886,7.276905,45.172764,12.873110,32.544828,19.912137,20.685021,28.713857,10.213077,39.684015,1.733920,53.300909,0.381511,66.855497,3.335152,76.363652,13.290585,81.825860,25.852821,85.350105,39.249122,87.642133,52.871362,88.983388,66.641182,89.171024,80.455523,87.848830,94.242188,85.372875,107.916714,82.461751,121.532656,79.951456,135.198445,78.934917,148.963576,80.512662,162.726757,83.949383,176.455798,87.339666,190.206644,89.616624,203.945776,91.337487,217.715428,92.632652,231.541072,91.829184,245.193387,86.300792,257.660319,77.490425,268.358447,63.916952,271.190756
Type03,L,275,64.518352,275.829413,50.506577,274.435971,39.795943,265.396833,33.322982,253.098630,29.103305,239.711467,26.280849,225.925644,24.059034,212.013955,21.653754,198.124856,18.768281,184.312901,15.567857,170.573038,12.028129,156.913656,8.509593,143.255406,5.271468,129.541158,2.597431,115.720028,0.818402,101.745915,0.090482,87.684663,0.991023,73.651555,3.513623,59.810301,7.430101,46.320988,13.109598,33.463454,20.231188,21.370045,29.125840,10.655938,40.221788,1.906717,54.061704,0.393452,67.862703,3.360866,77.522119,13.490955,83.041387,26.289569,86.566292,39.940791,88.891991,53.806809,90.269051,67.818978,90.430263,81.875355,89.041068,95.903016,86.519357,109.820392,83.593272,123.680431,81.090080,137.589893,80.108697,151.597655,81.764128,165.602933,85.271316,179.575761,88.684647,193.573631,90.939687,207.558110,92.641925,221.571653,93.939440,235.640609,93.169086,249.546445,87.667665,262.294683,78.857377,273.334380,65.052971,276.266616
Type03,L,280,65.600398,280.888700,51.335200,279.550324,40.421656,270.368745,33.852484,257.855488,29.626967,244.220965,26.755121,230.194440,24.460243,216.045617,22.015151,201.914551,19.109981,187.857674,15.908532,173.868791,12.327723,159.968288,8.747906,146.072775,5.434744,132.124233,2.678873,118.070130,0.846090,103.856026,0.097977,89.551445,1.027809,75.275647,3.608707,61.195716,7.583296,47.469212,13.346086,34.382080,20.550239,22.055069,29.537823,11.098799,40.759560,2.079514,54.822498,0.405393,68.869909,3.386579,78.680585,13.691325,84.256913,26.726316,87.782479,40.632460,90.141849,54.742257,91.554714,68.996774,91.689501,83.295187,90.233307,97.563843,87.665840,111.724069,84.724793,125.828206,82.228704,139.981342,81.282477,154.231734,83.015593,168.479109,86.593249,182.695724,90.029628,196.940617,92.262751,211.170443,93.946364,225.427879,95.246229,239.740146,94.508988,253.899503,89.034538,266.929048,80.224329,278.310312,66.188989,281.342477
Type04,L,230,59.618317,230.236128,47.541956,230.055754,37.259330,223.882294,30.459730,214.176856,26.695237,202.834234,24.510773,191.008280,22.628877,179.120565,20.292756,167.299693,17.427176,155.564338,14.346775,143.885167,11.233051,132.229437,8.322036,120.539403,5.563958,108.818669,2.975554,97.059926,1.004433,85.171203,-0.025951,73.172048,0.494081,61.170641,2.586623,49.342322,6.143496,37.868443,11.036042,26.888634,17.476966,16.703525,25.211970,7.513911,35.377846,1.112717,47.224431,0.064829,59.370968,1.607276,69.668249,7.914815,76.238536,17.635069,80.021941,29.007700,81.801452,40.865003,82.047314,52.863021,81.234014,64.853735,79.705501,76.815511,77.738216,88.738931,75.730369,100.661300,73.890073,112.620562,73.060728,124.621769,74.486410,136.599194,77.412468,148.549095,80.389819,160.533849,82.715411,172.491399,84.442199,184.480653,85.591922,196.514833,84.689660,208.461012,80.345093,219.462200,71.845291,228.051441,59.475069,230.649550
Type04,L,235,60.454657,235.286351,48.153256,235.047357,37.735066,228.670858,30.879751,218.728982,27.136488,207.130444,24.928366,195.060231,22.999107,182.932589,20.623540,170.870271,17.730037,158.891775,14.630942,146.967398,11.477310,135.070477,8.515094,123.141450,5.694037,111.184364,3.042484,99.189462,1.031675,87.059548,-0.015604,74.817296,0.529337,62.573468,2.677118,50.506988,6.302334,38.798617,11.274883,27.587836,17.796969,17.169530,25.631653,7.749989,35.989596,1.199139,48.064600,0.099491,60.415749,1.750447,70.794957,8.279658,77.368031,18.262532,81.151016,29.890296,82.980051,41.988059,83.277341,54.226200,82.459580,66.458763,80.897254,78.662880,78.913783,90.831143,76.909555,102.999765,75.092182,115.204776,74.299266,127.449676,75.773428,139.670359,78.735734,151.865473,81.712231,164.098153,83.999493,176.302710,85.695279,188.537363,86.836127,200.814687,85.933025,213.009152,81.580119,224.266342,72.966561,233.051865,60.604302,235.707394
Type04,L,240,61.290997,240.336574,48.764557,240.038959,38.210802,233.459422,31.299771,223.281108,27.577740,211.426654,25.345959,199.112182,23.369337,186.744614,20.954324,174.440849,18.032899,162.219213,14.915109,150.049629,11.721568,137.911516,8.708153,125.743497,5.824115,113.550058,3.109413,101.318999,1.058916,88.947893,-0.005257,76.462543,0.564594,63.976295,2.767613,51.671655,6.461173,39.728792,11.513724,28.287038,18.116972,17.635536,26.051336,7.986066,36.601346,1.285562,48.904769,0.134152,61.460529,1.893619,71.921665,8.644501,78.497526,18.889996,82.280091,30.772891,84.158651,43.111116,84.507368,55.589380,83.685146,68.063792,82.089007,80.510250,80.089349,92.923354,78.088740,105.338231,76.294291,117.788990,75.537804,130.277582,77.060446,142.741525,80.059000,155.181852,83.034643,167.662457,85.283576,180.114020,86.948360,192.594074,88.080333,205.114542,87.176390,217.557291,82.815145,229.070484,74.087831,238.052289,61.733535,240.765237
Type04,L,245,62.127337,245.386796,49.375857,245.030562,38.686538,238.247987,31.719792,227.833234,28.018992,215.722865,25.763552,203.164133,23.739567,190.556638,21.285107,178.011428,18.335760,165.546650,15.199276,153.131860,11.965827,140.752556,8.901211,128.345544,5.954193,115.915753,3.176343,103.448535,1.086157,90.836238,0.005090,78.107791,0.599850,65.379122,2.858108,52.836321,6.620011,40.658967,11.752564,28.986241,18.436975,18.101542,26.471018,8.222143,37.213096,1.371984,49.744938,0.168814,62.505309,2.036790,73.048373,9.009343,79.627021,19.517459,83.409167,31.655487,85.337250,44.234173,85.737395,56.952559,84.910712,69.668821,83.280760,82.357620,81.264916,95.015566,79.267926,107.676696,77.496399,120.373203,76.776342,133.105489,78.347464,145.812690,81.382266,158.498231,84.357055,171.226762,86.567659,183.925331,88.201440,196.650784,89.324539,209.414396,88.419755,222.105431,84.050170,233.874626,75.209102,243.052713,62.862767,245.823081
Type04,L,250,62.963677,250.437019,49.987157,250.022164,39.162274,243.036551,32.139812,232.385361,28.460244,220.019075,26.181144,207.216085,24.109798,194.368663,21.615891,181.582006,18.638621,168.874088,15.483444,156.214091,12.210085,143.593595,9.094270,130.947591,6.084271,118.281447,3.243272,105.578071,1.113398,92.724583,0.015437,79.753038,0.635107,66.781949,2.948602,54.000988,6.778849,41.589141,11.991405,29.685443,18.756978,18.567548,26.890701,8.458221,37.824846,1.458406,50.585107,0.203476,63.550090,2.179962,74.175081,9.374186,80.756516,20.144923,84.538242,32.538083,86.515849,45.357229,86.967422,58.315739,86.136278,71.273850,84.472513,84.204990,82.440482,97.107778,80.447111,110.015162,78.698508,122.957417,78.014880,135.933395,79.634482,148.883855,82.705532,161.814609,85.679467,174.791066,87.851741,187.736642,89.454520,200.707494,90.568744,213.714251,89.663119,226.653570,85.285196,238.678768,76.330372,248.053137,63.992000,250.880925
Type04,L,255,63.800017,255.487242,50.598457,255.013767,39.638010,247.825116,32.559833,236.937487,28.901496,224.315285,26.598737,211.268036,24.480028,198.180687,21.946675,185.152584,18.941482,172.201525,15.767611,159.296322,12.454344,146.434635,9.287329,133.549638,6.214349,120.647141,3.310202,107.707607,1.140639,94.612928,0.025784,81.398286,0.670363,68.184776,3.039097,55.165654,6.937688,42.519316,12.230246,30.384645,19.076980,19.033554,27.310383,8.694298,38.436595,1.544829,51.425276,0.238138,64.594870,2.323134,75.301789,9.739028,81.886011,20.772387,85.667318,33.420678,87.694449,46.480286,88.197449,59.678918,87.361844,72.878879,85.664266,86.052359,83.616049,99.199989,81.626297,112.353627,79.900617,125.541630,79.253418,138.761302,80.921500,151.955021,84.028798,165.130988,87.001879,178.355370,89.135824,191.547952,90.707600,204.764204,91.812950,218.014105,90.906484,231.201710,86.520222,243.482910,77.451642,253.053562,65.121233,255.938769
Type04,L,260,64.636358,260.537465,51.209757,260.005369,40.113745,252.613680,32.979854,241.489613,29.342747,228.611496,27.016330,215.319987,24.850258,201.992712,22.277459,188.723163,19.244344,175.528963,16.051778,162.378553,12.698602,149.275674,9.480387,136.151685,6.344427,123.012836,3.377131,109.837143,1.167880,96.501273,0.036131,83.043533,0.705620,69.587603,3.129592,56.330321,7.096526,43.449491,12.469087,31.083848,19.396983,19.499560,27.730066,8.930375,39.048345,1.631251,52.265445,0.272800,65.639650,2.466305,76.428497,10.103871,83.015507,21.399850,86.796393,34.303274,88.873048,47.603342,89.427476,61.042098,88.587410,74.483907,86.856019,87.899729,84.791615,101.292201,82.805482,114.692093,81.102726,128.125844,80.491956,141.589208,82.208518,155.026186,85.352064,168.447367,88.324292,181.919674,90.419907,195.359263,91.960681,208.820914,93.057156,222.313960,92.149849,235.749849,87.755247,248.287052,78.572913,258.053986,66.250466,260.996613
Type04,L,265,65.472698,265.587687,51.821057,264.996972,40.589481,257.402244,33.399874,246.041739,29.783999,232.907706,27.433923,219.371938,25.220488,205.804737,22.608243,192.293741,19.547205,178.856401,16.335945,165.460783,12.942861,152.116714,9.673446,138.753732,6.474505,125.378530,3.444060,111.966680,1.195122,98.389618,0.046478,84.688781,0.740876,70.990430,3.220087,57.494987,7.255364,44.379666,12.707928,31.783050,19.716986,19.965565,28.149748,9.166453,39.660095,1.717674,53.105614,0.307462,66.684431,2.609477,77.555206,10.468714,84.145002,22.027314,87.925469,35.185870,90.051648,48.726399,90.657503,62.405278,89.812976,76.088936,88.047771,89.747099,85.967182,103.384412,83.984668,117.030559,82.304834,130.710057,81.730494,144.417115,83.495537,158.097351,86.675330,171.763746,89.646704,185.483978,91.703990,199.170573,93.213761,212.877625,94.301361,226.613814,93.393214,240.297989,88.990273,253.091194,79.694183,263.054410,67.379699,266.054457
Type04,L,270,66.309038,270.637910,52.432357,269.988574,41.065217,262.190809,33.819895,250.593865,30.225251,237.203916,27.851516,223.423890,25.590718,209.616761,22.939026,195.864319,19.850066,182.183838,16.620112,168.543014,13.187119,154.957753,9.866504,141.355779,6.604583,127.744225,3.510990,114.096216,1.222363,100.277963,0.056824,86.334028,0.776133,72.393257,3.310581,58.659654,7.414203,45.309840,12.946769,32.482252,20.036989,20.431571,28.569431,9.402530,40.271845,1.804096,53.945783,0.342124,67.729211,2.752648,78.681914,10.833556,85.274497,22.654777,89.054544,36.068465,91.230247,49.849456,91.887530,63.768457,91.038542,77.693965,89.239524,91.594468,87.142748,105.476624,85.163853,119.369024,83.506943,133.294271,82.969032,147.245021,84.782555,161.168517,87.998596,175.080124,90.969116,189.048282,92.988072,202.981884,94.466841,216.934335,95.545567,230.913669,94.636578,244.846128,90.225298,257.895336,80.815453,268.054834,68.508932,271.112301
Type04,L,275,67.145378,275.688133,53.043657,274.980176,41.540953,266.979373,34.239916,255.145991,30.666503,241.500127,28.269108,227.475841,25.960949,213.428786,23.269810,199.434898,20.152928,185.511276,16.904280,171.625245,13.431377,157.798793,10.059563,143.957826,6.734661,130.109919,3.577919,116.225752,1.249604,102.166308,0.067171,87.979276,0.811389,73.796084,3.401076,59.824321,7.573041,46.240015,13.185610,33.181455,20.356992,20.897577,28.989114,9.638607,40.883595,1.890518,54.785952,0.376785,68.773991,2.895820,79.808622,11.198399,86.403992,23.282241,90.183620,36.951061,92.408847,50.972512,93.117557,65.131637,92.264109,79.298994,90.431277,93.441838,88.318315,107.568835,86.343039,121.707490,84.709052,135.878485,84.207570,150.072928,86.069573,164.239682,89.321863,178.396503,92.291528,192.612586,94.272155,206.793195,95.719922,220.991045,96.789773,235.213523,95.879943,249.394268,91.460324,262.699478,81.936723,273.055259,69.638164,276.170145
Type04,L,280,67.981718,280.738356,53.654957,279.971779,42.016689,271.767938,34.659936,259.698118,31.107754,245.796337,28.686701,231.527792,26.331179,217.240810,23.600594,203.005476,20.455789,188.838713,17.188447,174.707476,13.675636,160.639832,10.252622,146.559873,6.864740,132.475614,3.644849,118.355288,1.276845,104.054653,0.077518,89.624523,0.846646,75.198911,3.491571,60.988987,7.731879,47.170190,13.424451,33.880657,20.676994,21.363583,29.408796,9.874684,41.495344,1.976941,55.626121,0.411447,69.818771,3.038991,80.935330,11.563241,87.533487,23.909704,91.312695,37.833657,93.587446,52.095569,94.347584,66.494816,93.489675,80.904022,91.623030,95.289208,89.493881,109.661047,87.522224,124.045955,85.911161,138.462698,85.446108,152.900835,87.356591,167.310847,90.645129,181.712882,93.613940,196.176891,95.556238,210.604505,96.973002,225.047755,98.033978,239.513378,97.123308,253.942407,92.695350,267.503620,83.057994,278.055683,70.767397,281.227988
Type05,L,230,56.506411,241.132211,44.366639,238.969155,34.985256,231.069448,29.151071,220.355920,25.112762,208.710934,22.591689,196.650594,21.196904,184.391172,20.308074,172.068612,18.933508,159.812479,16.763858,147.669462,13.383692,135.819278,8.999136,124.252780,4.722488,112.657752,1.693183,100.747146,0.424366,88.503015,0.660240,76.234114,2.796079,64.102396,5.961773,52.177046,10.088384,40.548390,14.960459,29.208003,20.691929,18.297406,28.939631,9.154921,39.600868,3.132453,51.633275,0.374599,63.107404,3.988748,69.850551,13.619044,74.056134,25.338739,78.137442,37.004156,81.945110,48.790334,83.680316,60.967832,83.160354,73.221465,80.667560,85.250287,77.133831,97.100094,73.575708,108.986629,71.372428,121.098390,71.478120,133.433554,72.747320,145.702882,74.826149,157.857899,77.572628,169.880288,80.270955,181.875356,82.379800,193.951106,83.263837,206.175215,81.796731,218.326952,77.236584,229.647603,68.807291,238.697428,56.803519,241.264732
Type05,L,235,57.377458,246.153521,44.997688,243.964433,35.502508,235.824038,29.640298,224.852636,25.594679,212.954463,23.034938,200.655194,21.602032,188.158196,20.678647,175.597584,19.271990,163.102976,17.052462,150.725108,13.614492,138.641705,9.164126,126.844058,4.823594,115.017331,1.745871,102.871366,0.431407,90.390880,0.651094,77.882315,2.808826,65.511397,6.014038,53.348845,10.179692,41.482338,15.095894,29.900438,20.872178,18.743266,29.195352,9.361014,40.035445,3.173091,52.306453,0.381425,63.994588,4.103019,70.775676,14.021151,75.015515,26.007944,79.188189,37.900412,83.074214,49.916869,84.879981,62.333304,84.366053,74.824034,81.806309,87.086316,78.195548,99.168476,74.605285,111.292271,72.439470,123.643906,72.606761,136.216903,73.878855,148.726811,75.929252,161.125500,78.679536,173.387630,81.419321,185.620975,83.624472,197.934838,84.541214,210.400381,83.037000,222.793144,78.451638,234.363021,69.952641,243.658532,57.715790,246.257290
Type05,L,240,58.248506,251.174830,45.628737,248.959710,36.019760,240.578629,30.129524,229.349353,26.076597,217.197992,23.478188,204.659794,22.007161,191.925220,21.049221,179.126555,19.610473,166.393474,17.341066,153.780754,13.845293,141.464132,9.329116,129.435335,4.924700,117.376911,1.798560,104.995586,0.438449,92.278745,0.641948,79.530515,2.821573,66.920398,6.066302,54.520643,10.271000,42.416287,15.231328,30.592873,21.052427,19.189126,29.451073,9.567107,40.470022,3.213728,52.979630,0.388252,64.881771,4.217289,71.700801,14.423258,75.974896,26.677149,80.238936,38.796669,84.203317,51.043404,86.079646,63.698776,85.571752,76.426602,82.945057,88.922345,79.257265,101.236857,75.634862,113.597913,73.506511,126.189422,73.735402,139.000252,75.010389,151.750741,77.032355,164.393101,79.786444,176.894973,82.567687,189.366594,84.869144,201.918569,85.818590,214.625548,84.277269,227.259335,79.666691,239.078439,71.097990,248.619635,58.628060,251.249849
Type05,L,245,59.119554,256.196140,46.259786,253.954987,36.537012,245.333219,30.618751,233.846070,26.558514,221.441520,23.921437,208.664394,22.412290,195.692244,21.419794,182.655526,19.948956,169.683971,17.629670,156.836400,14.076093,144.286559,9.494106,132.026612,5.025806,119.736490,1.851249,107.119806,0.445490,94.166609,0.632802,81.178716,2.834320,68.329399,6.118567,55.692442,10.362308,43.350236,15.366763,31.285309,21.232676,19.634986,29.706794,9.773201,40.904598,3.254365,53.652808,0.395078,65.768955,4.331560,72.625925,14.825365,76.934277,27.346353,81.289684,39.692925,85.332420,52.169939,87.279311,65.064248,86.777452,78.029171,84.083806,90.758374,80.318982,103.305239,76.664439,115.903554,74.573553,128.734938,74.864043,141.783602,76.141924,154.774670,78.135458,167.660702,80.893352,180.402315,83.716053,193.112213,86.113817,205.902301,87.095967,218.850715,85.517539,231.725526,80.881744,243.793857,72.243340,253.580738,59.540331,256.242407
Type05,L,250,59.990602,261.217449,46.890835,258.950264,37.054263,250.087809,31.107978,238.342787,27.040431,225.685049,24.364686,212.668994,22.817419,199.459268,21.790368,186.184497,20.287438,172.974469,17.918274,159.892046,14.306893,147.108986,9.659096,134.617889,5.126913,122.096069,1.903937,109.244026,0.452531,96.054474,0.623655,82.826917,2.847067,69.738400,6.170832,56.864241,10.453616,44.284185,15.502198,31.977744,21.412925,20.080846,29.962515,9.979294,41.339175,3.295003,54.325986,0.401905,66.656139,4.445830,73.551050,15.227472,77.893658,28.015558,82.340431,40.589181,86.461524,53.296475,88.478976,66.429720,87.983151,79.631739,85.222554,92.594403,81.380699,105.373621,77.694017,118.209196,75.640595,131.280454,75.992684,144.566951,77.273459,157.798599,79.238561,170.928304,82.000259,183.909657,84.864419,196.857831,87.358489,209.886032,88.373344,223.075882,86.757808,236.191718,82.096798,248.509275,73.388690,258.541841,60.452601,261.234965
Type05,L,255,60.861650,266.238758,47.521884,263.945542,37.571515,254.842400,31.597205,242.839504,27.522349,229.928578,24.807935,216.673593,23.222547,203.226292,22.160941,189.713468,20.625921,176.264966,18.206878,162.947692,14.537693,149.931413,9.824086,137.209166,5.228019,124.455648,1.956626,111.368246,0.459572,97.942339,0.614509,84.475117,2.859813,71.147400,6.223096,58.036040,10.544924,45.218133,15.637633,32.670179,21.593174,20.526706,30.218237,10.185387,41.773751,3.335640,54.999164,0.408731,67.543322,4.560101,74.476175,15.629579,78.853039,28.684763,83.391178,41.485438,87.590627,54.423010,89.678642,67.795192,89.188850,81.234308,86.361303,94.430432,82.442416,107.442003,78.723594,120.514838,76.707636,133.825970,77.121325,147.350300,78.404994,160.822528,80.341664,174.195905,83.107167,187.416999,86.012785,200.603450,88.603161,213.869764,89.650721,227.301048,87.998077,240.657909,83.311851,253.224693,74.534039,263.502944,61.364872,266.227524
Type05,L,260,61.732697,271.260068,48.152934,268.940819,38.088767,259.596990,32.086431,247.336221,28.004266,234.172107,25.251184,220.678193,23.627676,206.993316,22.531515,193.242439,20.964403,179.555464,18.495482,166.003337,14.768494,152.753840,9.989076,139.800444,5.329125,126.815227,2.009315,113.492466,0.466614,99.830203,0.605363,86.123318,2.872560,72.556401,6.275361,59.207839,10.636232,46.152082,15.773068,33.362614,21.773423,20.972566,30.473958,10.391480,42.208328,3.376278,55.672342,0.415558,68.430506,4.674371,75.401300,16.031686,79.812420,29.353967,84.441925,42.381694,88.719731,55.549545,90.878307,69.160664,90.394550,82.836876,87.500051,96.266461,83.504133,109.510384,79.753171,122.820479,77.774678,136.371486,78.249966,150.133650,79.536529,163.846457,81.444767,177.463506,84.214075,190.924342,87.161151,204.349069,89.847833,217.853495,90.928098,231.526215,89.238347,245.124100,84.526905,257.940111,75.679389,268.464048,62.277142,271.220082
Type05,L,265,62.603745,276.281377,48.783983,273.936096,38.606019,264.351580,32.575658,251.832938,28.486183,238.415635,25.694433,224.682793,24.032805,210.760340,22.902088,196.771410,21.302886,182.845961,18.784086,169.058983,14.999294,155.576267,10.154066,142.391721,5.430231,129.174806,2.062003,115.616685,0.473655,101.718068,0.596217,87.771519,2.885307,73.965402,6.327626,60.379637,10.727540,47.086031,15.908502,34.055049,21.953672,21.418426,30.729679,10.597573,42.642905,3.416915,56.345519,0.422384,69.317689,4.788642,76.326425,16.433793,80.771800,30.023172,85.492673,43.277950,89.848834,56.676080,92.077972,70.526136,91.600249,84.439445,88.638800,98.102490,84.565850,111.578766,80.782748,125.126121,78.841720,138.917003,79.378607,152.916999,80.668063,166.870387,82.547870,180.731107,85.320983,194.431684,88.309517,208.094687,91.092505,221.837227,92.205475,235.751382,90.478616,249.590291,85.741958,262.655529,76.824739,273.425151,63.189413,276.212641
Type05,L,270,63.474793,281.302687,49.415032,278.931373,39.123271,269.106170,33.064885,256.329655,28.968101,242.659164,26.137683,228.687393,24.437934,214.527364,23.272662,200.300382,21.641369,186.136459,19.072690,172.114629,15.230094,158.398694,10.319056,144.982998,5.531337,131.534385,2.114692,117.740905,0.480696,103.605933,0.587071,89.419720,2.898054,75.374403,6.379891,61.551436,10.818848,48.019979,16.043937,34.747484,22.133922,21.864286,30.985400,10.803666,43.077481,3.457553,57.018697,0.429211,70.204873,4.902912,77.251550,16.835900,81.731181,30.692376,86.543420,44.174206,90.977938,57.802616,93.277637,71.891608,92.805948,86.042014,89.777548,99.938519,85.627567,113.647148,81.812325,127.431763,79.908761,141.462519,80.507248,155.700348,81.799598,169.894316,83.650973,183.998708,86.427891,197.939026,89.457883,211.840306,92.337178,225.820958,93.482852,239.976548,91.718885,254.056483,86.957011,267.370947,77.970089,278.386254,64.101684,281.205199
Type05,L,275,64.345841,286.323996,50.046081,283.926651,39.640522,273.860761,33.554111,260.826372,29.450018,246.902693,26.580932,232.691993,24.843062,218.294388,23.643235,203.829353,21.979851,189.426956,19.361294,175.170275,15.460894,161.221121,10.484046,147.574275,5.632443,133.893964,2.167381,119.865125,0.487737,105.493797,0.577925,91.067920,2.910800,76.783404,6.432155,62.723235,10.910156,48.953928,16.179372,35.439919,22.314171,22.310146,31.241121,11.009760,43.512058,3.498190,57.691875,0.436037,71.092057,5.017183,78.176674,17.238007,82.690562,31.361581,87.594167,45.070463,92.107041,58.929151,94.477302,73.257080,94.011648,87.644582,90.916297,101.774548,86.689284,115.715529,82.841902,129.737404,80.975803,144.008035,81.635890,158.483698,82.931133,172.918245,84.754076,187.266309,87.534798,201.446368,90.606249,215.585925,93.581850,229.804690,94.760229,244.201715,92.959155,258.522674,88.172065,272.086365,79.115438,283.347357,65.013954,286.197757
Type05,L,280,65.216889,291.345306,50.677130,288.921928,40.157774,278.615351,34.043338,265.323089,29.931935,251.146222,27.024181,236.696593,25.248191,222.061412,24.013808,207.358324,22.318334,192.717454,19.649898,178.225921,15.691695,164.043548,10.649036,150.165552,5.733550,136.253543,2.220069,121.989345,0.494778,107.381662,0.568779,92.716121,2.923547,78.192405,6.484420,63.895034,11.001464,49.887877,16.314807,36.132354,22.494420,22.756006,31.496842,11.215853,43.946634,3.538828,58.365053,0.442864,71.979240,5.131453,79.101799,17.640114,83.649943,32.030786,88.644915,45.966719,93.236144,60.055686,95.676967,74.622553,95.217347,89.247151,92.055045,103.610577,87.751001,117.783911,83.871479,132.043046,82.042845,146.553551,82.764531,161.267047,84.062668,175.942174,85.857179,190.533910,88.641706,204.953711,91.754615,219.331544,94.826522,233.788421,96.037606,248.426882,94.199424,262.988865,89.387118,276.801783,80.260788,288.308461,65.926225,291.190316
Type06,L,230,56.396658,230.003218,44.628462,228.173500,35.483321,220.725141,29.258218,210.672132,25.255853,199.488753,23.156827,187.803352,21.856377,175.980822,19.841466,164.262112,17.059842,152.658669,13.744311,141.184461,10.460290,129.718267,7.410705,118.207102,4.708559,106.622513,2.495837,94.933536,0.806567,83.150938,0.108018,71.283926,0.716269,59.424278,2.707639,47.719116,5.872979,36.276703,10.419103,25.309763,16.495533,15.107824,24.296735,6.170466,34.510933,0.229269,46.326135,-0.049646,57.586486,3.534411,66.247359,11.541036,71.643252,21.978838,75.346561,33.291560,78.109368,44.845002,79.704140,56.619494,80.163992,68.498657,79.438913,80.372804,77.642338,92.164771,75.168518,103.895883,72.791183,115.660801,71.440360,127.512110,71.781222,139.388586,73.973488,151.254018,77.081052,163.062388,79.858967,174.823638,81.920301,186.645112,83.201419,198.534458,82.233805,210.263059,77.091917,220.693300,68.140853,228.466132,55.569711,230.010039
Type06,L,235,57.138501,235.035180,45.158747,233.085658,35.935110,225.374025,29.690821,215.064526,25.727170,203.620679,23.608869,191.691962,22.255130,179.631695,20.180348,167.675794,17.353614,155.833291,14.003065,144.118680,10.673723,132.413642,7.571113,120.665093,4.809859,108.844453,2.544031,96.918345,0.827187,84.894446,0.117157,72.784986,0.752847,60.684834,2.815252,48.745867,6.074059,37.077035,10.721594,25.888180,16.895914,15.462568,24.805916,6.305134,35.235504,0.257881,47.281212,-0.005071,58.732984,3.707952,67.432775,11.967703,72.775892,22.694459,76.450435,34.270789,79.274685,46.061884,80.936337,58.073168,81.381781,70.192307,80.607874,82.306800,78.792305,94.342569,76.329158,106.319725,73.991695,118.330564,72.694602,130.424948,73.096081,142.542944,75.339248,154.652448,78.452846,166.707923,81.186056,178.715028,83.202657,190.781345,84.456727,202.912695,83.457635,214.885672,78.297614,225.562168,69.183555,233.474971,56.686602,235.044902
Type06,L,240,57.880343,240.067141,45.689031,237.997816,36.386899,230.022908,30.123425,219.456921,26.198487,207.752606,24.060911,195.580571,22.653883,183.282569,20.519230,171.089476,17.647387,159.007912,14.261819,147.052899,10.887156,135.109017,7.731520,123.123084,4.911159,111.066393,2.592224,98.903154,0.847807,86.637953,0.126297,74.286046,0.789425,61.945390,2.922866,49.772619,6.275139,37.877366,11.024086,26.466596,17.296295,15.817312,25.315097,6.439802,35.960075,0.286493,48.236289,0.039505,59.879481,3.881494,68.618192,12.394369,73.908532,23.410080,77.554308,35.250018,80.440001,47.278767,82.168533,59.526842,82.599571,71.885956,81.776835,84.240796,79.942273,96.520367,77.489798,108.743567,75.192207,121.000328,73.948844,133.337785,74.410940,145.697302,76.705008,158.050878,79.824640,170.353458,82.513144,182.606418,84.485013,194.917578,85.712035,207.290932,84.681466,219.508286,79.503312,230.431035,70.226258,238.483811,57.803494,240.079765
Type06,L,245,58.622185,245.099102,46.219316,242.909974,36.838689,234.671792,30.556028,223.849315,26.669804,211.884532,24.512953,199.469180,23.052636,186.933442,20.858112,174.503158,17.941159,162.182534,14.520574,149.987119,11.100589,137.804392,7.891927,125.581075,5.012459,113.288334,2.640418,100.887963,0.868427,88.381461,0.135436,75.787107,0.826002,63.205946,3.030480,50.799370,6.476219,38.677697,11.326577,27.045013,17.696676,16.172056,25.824278,6.574470,36.684646,0.315105,49.191365,0.084080,61.025979,4.055035,69.803609,12.821036,75.041172,24.125701,78.658182,36.229248,81.605317,48.495649,83.400730,60.980517,83.817360,73.579606,82.945796,86.174792,81.092241,98.698166,78.650438,111.167410,76.392719,123.670091,75.203086,136.250623,75.725799,148.851660,78.070768,161.449308,81.196434,173.998992,83.840232,186.497809,85.767369,199.053811,86.967343,211.669170,85.905297,224.130899,80.709009,235.299903,71.268960,243.492650,58.920386,245.114627
Type06,L,250,59.364028,250.131063,46.749601,247.822132,37.290478,239.320676,30.988631,228.241710,27.141121,216.016459,24.964995,203.357790,23.451389,190.584315,21.196994,177.916840,18.234932,165.357155,14.779328,152.921338,11.314022,140.499766,8.052334,128.039067,5.113759,115.510274,2.688612,102.872772,0.889048,90.124968,0.144575,77.288167,0.862580,64.466503,3.138093,51.826122,6.677299,39.478028,11.629069,27.623429,18.097057,16.526800,26.333459,6.709138,37.409217,0.343718,50.146442,0.128655,62.172476,4.228577,70.989026,13.247702,76.173812,24.841323,79.762056,37.208477,82.770633,49.712532,84.632927,62.434191,85.035149,75.273256,84.114757,88.108788,82.242209,100.875964,79.811078,113.591252,77.593231,126.339854,76.457329,139.163461,77.040659,152.006018,79.436528,164.847738,82.568228,177.644527,85.167321,190.389199,87.049725,203.190044,88.222651,216.047407,87.129127,228.753513,81.914706,240.168770,72.311662,248.501489,60.037277,250.149490
Type06,L,255,60.105870,255.163024,47.279886,252.734289,37.742267,243.969559,31.421234,232.634104,27.612438,220.148385,25.417037,207.246399,23.850142,194.235188,21.535876,181.330522,18.528704,168.531777,15.038082,155.855558,11.527455,143.195141,8.212741,130.497058,5.215060,117.732214,2.736805,104.857581,0.909668,91.868475,0.153715,78.789227,0.899157,65.727059,3.245707,52.852873,6.878379,40.278359,11.931560,28.201846,18.497438,16.881544,26.842640,6.843806,38.133789,0.372330,51.101519,0.173231,63.318974,4.402118,72.174442,13.674369,77.306452,25.556944,80.865930,38.187706,83.935949,50.929414,85.865123,63.887866,86.252939,76.966905,85.283717,90.042784,83.392176,103.053762,80.971718,116.015094,78.793743,129.009617,77.711571,142.076298,78.355518,155.160377,80.802287,168.246168,83.940022,181.290061,86.494409,194.280589,88.332081,207.326277,89.477959,220.425645,88.352958,233.376126,83.120404,245.037638,73.354364,253.510328,61.154169,255.184353
Type06,L,260,60.847713,260.194986,47.810170,257.646447,38.194057,248.618443,31.853837,237.026499,28.083755,224.280311,25.869079,211.135009,24.248895,197.886061,21.874758,184.744204,18.822477,171.706398,15.296837,158.789777,11.740888,145.890516,8.373148,132.955049,5.316360,119.954155,2.784999,106.842390,0.930288,93.611983,0.162854,80.290287,0.935735,66.987615,3.353320,53.879625,7.079459,41.078691,12.234052,28.780262,18.897819,17.236288,27.351821,6.978474,38.858360,0.400942,52.056596,0.217806,64.465471,4.575660,73.359859,14.101036,78.439092,26.272565,81.969803,39.166936,85.101266,52.146297,87.097320,65.341540,87.470728,78.660555,86.452678,91.976779,84.542144,105.231560,82.132358,118.438937,79.994255,131.679381,78.965813,144.989136,79.670377,158.314735,82.168047,171.644598,85.311816,184.935596,87.821498,198.171980,89.614437,211.462510,90.733267,224.803882,89.576789,237.998740,84.326101,249.906506,74.397067,258.519168,62.271060,260.219216
Type06,L,265,61.589555,265.226947,48.340455,262.558605,38.645846,253.267326,32.286440,241.418893,28.555072,228.412238,26.321121,215.023618,24.647648,201.536934,22.213640,188.157886,19.116249,174.881019,15.555591,161.723996,11.954321,148.585891,8.533555,135.413040,5.417660,122.176095,2.833193,108.827198,0.950909,95.355490,0.171994,81.791348,0.972312,68.248172,3.460934,54.906376,7.280539,41.879022,12.536543,29.358678,19.298200,17.591032,27.861002,7.113142,39.582931,0.429554,53.011672,0.262382,65.611969,4.749201,74.545276,14.527702,79.571732,26.988187,83.073677,40.146165,86.266582,53.363180,88.329517,66.795214,88.688517,80.354204,87.621639,93.910775,85.692112,107.409359,83.292998,120.862779,81.194767,134.349144,80.220055,147.901974,80.985236,161.469093,83.533807,175.043029,86.683610,188.581131,89.148586,202.063370,90.896793,215.598743,91.988575,229.182119,90.800620,242.621353,85.531798,254.775373,75.439769,263.528007,63.387952,265.254078
Type06,L,270,62.331398,270.258908,48.870740,267.470763,39.097635,257.916210,32.719043,245.811288,29.026389,232.544164,26.773163,218.912228,25.046401,205.187808,22.552522,191.571568,19.410022,178.055641,15.814346,164.658216,12.167754,151.281266,8.693962,137.871031,5.518960,124.398035,2.881386,110.812007,0.971529,97.098998,0.181133,83.292408,1.008890,69.508728,3.568547,55.933128,7.481619,42.679353,12.839035,29.937095,19.698581,17.945777,28.370183,7.247810,40.307502,0.458166,53.966749,0.306957,66.758466,4.922743,75.730693,14.954369,80.704372,27.703808,84.177551,41.125395,87.431898,54.580062,89.561713,68.248889,89.906306,82.047854,88.790600,95.844771,86.842080,109.587157,84.453638,123.286622,82.395279,137.018907,81.474298,150.814811,82.300096,164.623451,84.899567,178.441459,88.055404,192.226665,90.475674,205.954760,92.179149,219.734976,93.243883,233.560357,92.024450,247.243967,86.737495,259.644241,76.482471,268.536846,64.504844,270.288941
Type06,L,275,63.073240,275.290869,49.401024,272.382921,39.549425,262.565093,33.151646,250.203682,29.497706,236.676091,27.225205,222.800837,25.445154,208.838681,22.891404,194.985250,19.703794,181.230262,16.073100,167.592435,12.381187,153.976641,8.854369,140.329022,5.620261,126.619975,2.929580,112.796816,0.992149,98.842505,0.190273,84.793468,1.045468,70.769284,3.676161,56.959879,7.682699,43.479684,13.141526,30.515511,20.098962,18.300521,28.879364,7.382478,41.032073,0.486779,54.921826,0.351532,67.904964,5.096284,76.916110,15.381035,81.837011,28.419429,85.281424,42.104624,88.597214,55.796945,90.793910,69.702563,91.124096,83.741504,89.959561,97.778767,87.992048,111.764955,85.614278,125.710464,83.595791,139.688670,82.728540,153.727649,83.614955,167.777809,86.265327,181.839889,89.427197,195.872200,91.802763,209.846151,93.461505,223.871209,94.499191,237.938594,93.248281,251.866580,87.943193,264.513108,77.525173,273.545685,65.621735,275.323804
Type06,L,280,63.815083,280.322831,49.931309,277.295078,40.001214,267.213977,33.584249,254.596077,29.969024,240.808017,27.677247,226.689447,25.843906,212.489554,23.230285,198.398932,19.997567,184.404884,16.331854,170.526655,12.594620,156.672016,9.014776,142.787013,5.721561,128.841916,2.977773,114.781625,1.012769,100.586013,0.199412,86.294529,1.082045,72.029841,3.783775,57.986631,7.883779,44.280015,13.444018,31.093928,20.499343,18.655265,29.388545,7.517146,41.756645,0.515391,55.876903,0.396108,69.051461,5.269826,78.101526,15.807702,82.969651,29.135050,86.385298,43.083853,89.762530,57.013827,92.026107,71.156237,92.341885,85.435153,91.128522,99.712763,89.142015,113.942753,86.774917,128.134306,84.796303,142.358433,83.982782,156.640487,84.929814,170.932167,87.631087,185.238319,90.798991,199.517734,93.129851,213.737541,94.743861,228.007442,95.754499,242.316832,94.472112,256.489194,89.148890,269.381976,78.567876,278.554524,66.738627,280.358666
Type07,L,230,61.015010,251.112124,48.375078,249.135025,37.867098,241.937483,31.079199,231.343165,26.630854,219.375347,23.656450,206.940521,21.603757,194.321171,19.979709,181.625742,18.118368,168.968549,15.664322,156.417860,12.571790,144.000444,9.048370,131.688807,5.719611,119.331439,3.001974,106.829035,0.969628,94.210802,0.356315,81.478219,1.563434,68.780425,4.480651,56.332794,8.482318,44.197072,13.596915,32.471529,19.416694,21.096000,27.032530,10.948415,37.320515,3.355831,49.789582,0.126861,62.277577,2.690940,71.487220,11.506739,77.596881,22.644435,81.352503,34.830145,83.899818,47.331258,85.760762,60.011036,87.255382,72.804274,87.193383,85.581895,85.557680,98.271345,83.845822,110.957562,83.426834,123.719810,83.727823,136.526460,83.643406,149.340231,83.584355,162.156726,83.898364,174.946253,84.445961,187.716733,85.227559,200.450254,85.989304,213.192239,85.546563,225.886970,81.306453,237.842009,73.870836,248.340016,61.418370,250.885276
Type07,L,235,61.886057,256.133434,49.006128,254.130303,38.384350,246.692073,31.568426,235.839882,27.112771,223.618876,24.099699,210.945120,22.008886,198.088195,20.350283,185.154713,18.456850,172.259047,15.952926,159.473506,12.802590,146.822871,9.213360,134.280085,5.820717,121.691018,3.054662,108.953255,0.976669,96.098667,0.347169,83.126420,1.576181,70.189426,4.532916,57.504592,8.573626,45.131021,13.732350,33.163964,19.596943,21.541860,27.288251,11.154508,37.755091,3.396469,50.462760,0.133687,63.164761,2.805210,72.412345,11.908846,78.556262,23.313640,82.403251,35.726401,85.028922,48.457793,86.960427,61.376508,88.461082,74.406842,88.332131,87.417924,86.619397,100.339727,84.875399,113.263204,84.493875,126.265326,84.856464,139.309809,84.774941,152.364160,84.687458,165.424328,85.005272,178.453595,85.594327,191.462352,86.472231,204.433985,87.266681,217.417405,86.786832,230.353162,82.521506,242.557427,75.016186,253.301120,62.330641,255.877834
Type07,L,240,62.757105,261.154743,49.637177,259.125580,38.901602,251.446663,32.057653,240.336599,27.594689,227.862404,24.542948,214.949720,22.414015,201.855219,20.720856,188.683684,18.795333,175.549544,16.241530,162.529152,13.033390,149.645298,9.378350,136.871362,5.921823,124.050597,3.107351,111.077475,0.983710,97.986532,0.338023,84.774620,1.588927,71.598427,4.585181,58.676391,8.664934,46.064970,13.867784,33.856400,19.777192,21.987720,27.543972,11.360601,38.189668,3.437106,51.135937,0.140514,64.051944,2.919481,73.337469,12.310953,79.515643,23.982844,83.453998,36.622657,86.158025,49.584328,88.160092,62.741980,89.666781,76.009411,89.470880,89.253953,87.681114,102.408108,85.904976,115.568845,85.560917,128.810842,85.985105,142.093158,85.906476,155.388090,85.790561,168.691929,86.112180,181.960938,86.742693,195.207970,87.716904,208.417717,88.544058,221.642572,88.027102,234.819353,83.736559,247.272845,76.161536,258.262223,63.242911,260.870393
Type07,L,245,63.628153,266.176053,50.268226,264.120857,39.418854,256.201253,32.546880,244.833316,28.076606,232.105933,24.986198,218.954320,22.819144,205.622243,21.091430,192.212656,19.133816,178.840042,16.530134,165.584798,13.264191,152.467725,9.543340,139.462639,6.022930,126.410176,3.160040,113.201695,0.990751,99.874396,0.328877,86.422821,1.601674,73.007428,4.637445,59.848190,8.756242,46.998918,14.003219,34.548835,19.957441,22.433580,27.799693,11.566694,38.624245,3.477744,51.809115,0.147340,64.939128,3.033751,74.262594,12.713060,80.475023,24.652049,84.504745,37.518913,87.287129,50.710863,89.359757,64.107452,90.872480,77.611980,90.609628,91.089982,88.742831,104.476490,86.934553,117.874487,86.627958,131.356358,87.113746,144.876508,87.038011,158.412019,86.893664,171.959530,87.219087,185.468280,87.891059,198.953589,88.961576,212.401448,89.821435,225.867739,89.267371,239.285544,84.951613,251.988263,77.306885,263.223326,64.155182,265.862951
Type07,L,250,64.499201,271.197362,50.899275,269.116134,39.936105,260.955844,33.036106,249.330033,28.558523,236.349462,25.429447,222.958920,23.224272,209.389267,21.462003,195.741627,19.472298,182.130539,16.818738,168.640444,13.494991,155.290152,9.708330,142.053916,6.124036,128.769755,3.212728,115.325915,0.997793,101.762261,0.319731,88.071022,1.614421,74.416429,4.689710,61.019989,8.847550,47.932867,14.138654,35.241270,20.137690,22.879440,28.055414,11.772787,39.058821,3.518381,52.482293,0.154167,65.826311,3.148022,75.187719,13.115167,81.434404,25.321254,85.555493,38.415170,88.416232,51.837399,90.559422,65.472924,92.078180,79.214548,91.748377,92.926011,89.804548,106.544872,87.964130,120.180129,87.695000,133.901874,88.242387,147.659857,88.169545,161.435948,87.996767,175.227131,88.325995,188.975622,89.039425,202.699208,90.206248,216.385180,91.098811,230.092905,90.507641,243.751736,86.166666,256.703681,78.452235,268.184429,65.067452,270.855509
Type07,L,255,65.370249,276.218671,51.530324,274.111412,40.453357,265.710434,33.525333,253.826750,29.040441,240.592991,25.872696,226.963520,23.629401,213.156291,21.832577,199.270598,19.810781,185.421037,17.107342,171.696090,13.725791,158.112579,9.873320,144.645193,6.225142,131.129335,3.265417,117.450135,1.004834,103.650126,0.310585,89.719223,1.627168,75.825430,4.741975,62.191788,8.938858,48.866816,14.274089,35.933705,20.317939,23.325300,28.311135,11.978881,39.493398,3.559019,53.155471,0.160993,66.713495,3.262292,76.112844,13.517274,82.393785,25.990458,86.606240,39.311426,89.545335,52.963934,91.759087,66.838396,93.283879,80.817117,92.887125,94.762040,90.866265,108.613253,88.993707,122.485770,88.762042,136.447390,89.371028,150.443206,89.301080,164.459877,89.099870,178.494732,89.432903,192.482964,90.187791,206.444826,91.450920,220.368911,92.376188,234.318072,91.747910,248.217927,87.381720,261.419099,79.597585,273.145532,65.979723,275.848068
Type07,L,260,66.241296,281.239981,52.161373,279.106689,40.970609,270.465024,34.014560,258.323467,29.522358,244.836519,26.315945,230.968120,24.034530,216.923315,22.203150,202.799569,20.149263,188.711534,17.395946,174.751736,13.956591,160.935006,10.038310,147.236471,6.326248,133.488914,3.318106,119.574354,1.011875,105.537990,0.301438,91.367423,1.639915,77.234431,4.794239,63.363586,9.030166,49.800764,14.409524,36.626140,20.498188,23.771160,28.566856,12.184974,39.927974,3.599656,53.828649,0.167820,67.600679,3.376563,77.037969,13.919381,83.353166,26.659663,87.656987,40.207682,90.674439,54.090469,92.958753,68.203869,94.489578,82.419685,94.025874,96.598069,91.927982,110.681635,90.023284,124.791412,89.829083,138.992906,90.499669,153.226556,90.432615,167.483806,90.202973,181.762333,90.539811,195.990307,91.336157,210.190445,92.695592,224.352643,93.653565,238.543239,92.988179,252.684118,88.596773,266.134517,80.742935,278.106636,66.891993,280.840626
Type07,L,265,67.112344,286.261290,52.792422,284.101966,41.487861,275.219615,34.503786,262.820183,30.004275,249.080048,26.759194,234.972719,24.439659,220.690339,22.573723,206.328540,20.487746,192.002032,17.684550,177.807381,14.187392,163.757433,10.203299,149.827748,6.427354,135.848493,3.370794,121.698574,1.018916,107.425855,0.292292,93.015624,1.652661,78.643432,4.846504,64.535385,9.121474,50.734713,14.544958,37.318575,20.678437,24.217020,28.822577,12.391067,40.362551,3.640294,54.501826,0.174646,68.487862,3.490833,77.963094,14.321489,84.312547,27.328867,88.707734,41.103939,91.803542,55.217004,94.158418,69.569341,95.695278,84.022254,95.164623,98.434098,92.989699,112.750017,91.052862,127.097054,90.896125,141.538422,91.628310,156.009905,91.564150,170.507736,91.306076,185.029934,91.646718,199.497649,92.484523,213.936064,93.940265,228.336374,94.930942,242.768406,94.228449,257.150310,89.811826,270.849935,81.888284,283.067739,67.804264,285.833185
Type07,L,270,67.983392,291.282600,53.423471,289.097243,42.005113,279.974205,34.993013,267.316900,30.486192,253.323577,27.202444,238.977319,24.844787,224.457363,22.944297,209.857511,20.826229,195.292529,17.973154,180.863027,14.418192,166.579860,10.368289,152.419025,6.528460,138.208072,3.423483,123.822794,1.025957,109.313720,0.283146,94.663825,1.665408,80.052432,4.898769,65.707184,9.212782,51.668662,14.680393,38.011010,20.858687,24.662880,29.078298,12.597160,40.797128,3.680931,55.175004,0.181473,69.375046,3.605104,78.888219,14.723596,85.271928,27.998072,89.758482,42.000195,92.932646,56.343540,95.358083,70.934813,96.900977,85.624822,96.303371,100.270127,94.051416,114.818398,92.082439,129.402695,91.963167,144.083938,92.756951,158.793254,92.695684,173.531665,92.409179,188.297536,92.753626,203.004991,93.632889,217.681683,95.184937,232.320106,96.208319,246.993572,95.468718,261.616501,91.026880,275.565353,83.033634,288.028842,68.716535,290.825743
Type07,L,275,68.854440,296.303909,54.054520,294.092521,42.522364,284.728795,35.482240,271.813617,30.968110,257.567106,27.645693,242.981919,25.249916,228.224387,23.314870,213.386482,21.164711,198.583027,18.261758,183.918673,14.648992,169.402287,10.533279,155.010302,6.629567,140.567651,3.476172,125.947014,1.032999,111.201584,0.274000,96.312025,1.678155,81.461433,4.951034,66.878983,9.304090,52.602610,14.815828,38.703445,21.038936,25.108740,29.334019,12.803253,41.231704,3.721569,55.848182,0.188299,70.262229,3.719374,79.813343,15.125703,86.231309,28.667277,90.809229,42.896451,94.061749,57.470075,96.557748,72.300285,98.106676,87.227391,97.442120,102.106156,95.113133,116.886780,93.112016,131.708337,93.030208,146.629455,93.885592,161.576604,93.827219,176.555594,93.512282,191.565137,93.860534,206.512333,94.781255,221.427301,96.429609,236.303837,97.485696,251.218739,96.708987,266.082692,92.241933,280.280771,84.178984,292.989945,69.628805,295.818301
Type07,L,280,69.725488,301.325219,54.685569,299.087798,43.039616,289.483386,35.971466,276.310334,31.450027,261.810634,28.088942,246.986519,25.655045,231.991411,23.685444,216.915453,21.503194,201.873524,18.550362,186.974319,14.879792,172.224714,10.698269,157.601580,6.730673,142.927230,3.528860,128.071234,1.040040,113.089449,0.264854,97.960226,1.690902,82.870434,5.003298,68.050782,9.395398,53.536559,14.951263,39.395880,21.219185,25.554600,29.589740,13.009346,41.666281,3.762206,56.521360,0.195126,71.149413,3.833645,80.738468,15.527810,87.190689,29.336481,91.859976,43.792707,95.190853,58.596610,97.757413,73.665757,99.312375,88.829960,98.580868,103.942185,96.174850,118.955162,94.141593,134.013979,94.097250,149.174971,95.014233,164.359953,94.958754,179.579523,94.615385,194.832738,94.967442,210.019676,95.929622,225.172920,97.674281,240.287569,98.763073,255.443906,97.949257,270.548884,93.456987,284.996189,85.324333,297.951049,70.541076,300.810860
