Type,side,size,x1,y1,x2,y2,x3,y3,x4,y4,x5,y5,x6,y6,x7,y7,x8,y8,x9,y9,x10,y10,x11,y11,x12,y12,x13,y13,x14,y14,x15,y15,x16,y16,x17,y17,x18,y18,x19,y19,x20,y20,x21,y21,x22,y22,x23,y23,x24,y24,x25,y25,x26,y26,x27,y27,x28,y28,x29,y29,x30,y30,x31,y31,x32,y32,x33,y33,x34,y34,x35,y35,x36,y36,x37,y37,x38,y38,x39,y39,x40,y40,x41,y41,x42,y42,x43,y43,x44,y44,x45,y45,x46,y46,x47,y47,x48,y48,x49,y49,x50,y50
Type00,L,230,56.572771,220.493371,46.202657,219.838299,36.894890,215.109913,29.385484,207.808531,25.472357,198.370750,23.035960,188.227412,21.514498,177.940232,20.153790,167.614513,18.738150,157.283872,16.868716,147.038622,14.460735,136.895772,11.682644,126.841892,8.738878,116.831345,5.884868,106.800276,3.500095,96.659197,1.569299,86.421321,0.283439,76.094431,0.413319,65.708217,2.094823,55.425887,4.910842,45.402594,8.671986,35.684011,13.113363,26.260783,18.345485,17.241519,24.589005,8.915604,33.087993,2.812565,43.160153,0.217149,53.531175,0.972083,63.219047,5.471659,70.079400,13.253462,74.021425,22.815143,76.498963,32.931989,78.399697,43.166171,80.161277,53.488832,80.479524,63.876672,79.786716,74.270288,78.756578,84.641012,78.348385,95.045589,78.672323,105.478793,79.439666,115.900219,80.472530,126.306087,81.155403,136.712390,81.263431,147.150708,80.876475,157.619729,79.927766,168.065791,78.574441,178.416397,77.490410,188.747471,76.704438,199.104575,73.196934,208.793456,66.725048,217.170186,56.854507,219.959808
Type00,L,235,57.118542,225.505469,46.525362,224.794734,37.100200,219.808870,29.607500,212.216541,25.661592,202.536972,23.338985,192.140435,21.952466,181.598658,20.629722,171.034307,19.121179,160.484560,17.141331,150.023374,14.699288,139.650731,11.924114,129.358873,9.008215,119.103214,6.144308,108.836329,3.667670,98.478719,1.625301,88.025619,0.295030,77.474927,0.494858,66.863916,2.311136,56.373958,5.241527,46.140885,9.020104,36.181288,13.437773,26.496031,18.739345,17.258958,25.207873,8.819233,33.988826,2.737311,44.309158,0.209574,54.894964,1.095207,64.591837,5.920741,71.305988,14.043532,75.272656,23.853678,77.802198,34.192732,79.779169,44.652803,81.422195,55.207569,81.580217,65.826867,80.809522,76.448898,79.838752,87.057499,79.460191,97.697132,79.704378,108.360281,80.369342,119.012213,81.339762,129.648562,82.071868,140.283291,82.323142,150.944704,82.080140,161.633822,81.200144,172.304789,79.822010,182.887605,78.668641,193.451429,77.819297,204.030198,74.186172,213.894009,67.412234,222.254699,57.300923,224.988733
Type00,L,240,57.664313,230.517568,46.848067,229.751168,37.305510,224.507826,29.829516,216.624552,25.850827,206.703195,23.642010,196.053458,22.390435,185.257083,21.105653,174.454100,19.504208,163.685248,17.413946,153.008125,14.937841,142.405691,12.165585,131.875854,9.277553,121.375082,6.403749,110.872382,3.835246,100.298241,1.681303,89.629916,0.306621,78.855423,0.576396,68.019615,2.527449,57.322029,5.572212,46.879176,9.368222,36.678564,13.762183,26.731279,19.133206,17.276397,25.826741,8.722863,34.889660,2.662058,45.458164,0.202000,56.258752,1.218332,65.964627,6.369823,72.532575,14.833603,76.523887,24.892213,79.105434,35.453474,81.158641,46.139436,82.683113,56.926306,82.680910,67.777061,81.832329,78.627508,80.920925,89.473985,80.571997,100.348674,80.736433,111.241768,81.299018,122.124208,82.206994,132.991038,82.988333,143.854193,83.382852,154.738701,83.283805,165.647914,82.472522,176.543787,81.069578,187.358814,79.846872,198.155387,78.934156,208.955821,75.175410,218.994562,68.099419,227.339211,57.747338,230.017659
Type00,L,245,58.210085,235.529666,47.170772,234.707603,37.510821,229.206783,30.051532,221.032562,26.040062,210.869417,23.945034,199.966481,22.828403,188.915509,21.581585,177.873893,19.887238,166.885936,17.686560,155.992876,15.176394,145.160650,12.407055,134.392835,9.546891,123.646951,6.663190,112.908434,4.002821,102.117763,1.737305,91.234214,0.318212,80.235918,0.657935,69.175313,2.743763,58.270101,5.902897,47.617467,9.716339,37.175841,14.086593,26.966526,19.527067,17.293836,26.445609,8.626492,35.790493,2.586804,46.607169,0.194426,57.622541,1.341456,67.337417,6.818905,73.759163,15.623673,77.775117,25.930749,80.408670,36.714217,82.538113,47.626068,83.944030,58.645043,83.781603,69.727256,82.855135,80.806119,82.003099,91.890471,81.683803,103.000216,81.768488,114.123255,82.228695,125.236202,83.074226,136.333513,83.904797,147.425094,84.442562,158.532697,84.487470,169.662006,83.744900,180.782785,82.317146,191.830022,81.025104,202.859345,80.049016,213.881444,76.164648,224.095114,68.786605,232.423723,58.193753,235.046585
Type00,L,250,58.755856,240.541764,47.493477,239.664038,37.716131,233.905740,30.273549,225.440572,26.229297,215.035639,24.248059,203.879505,23.266372,192.573935,22.057517,181.293686,20.270267,170.086624,17.959175,158.977628,15.414946,147.915610,12.648526,136.909816,9.816229,125.918819,6.922630,114.944487,4.170397,103.937285,1.793307,92.838511,0.329804,81.616414,0.739473,70.331012,2.960076,59.218172,6.233582,48.355757,10.064457,37.673118,14.411003,27.201774,19.920928,17.311276,27.064478,8.530122,36.691326,2.511550,47.756174,0.186851,58.986330,1.464580,68.710207,7.267987,74.985750,16.413743,79.026348,26.969284,81.711906,37.974959,83.917585,49.112700,85.204948,60.363780,84.882296,71.677450,83.877941,82.984729,83.085273,94.306957,82.795609,105.651759,82.800543,117.004742,83.158371,128.348197,83.941458,139.675989,84.821262,150.995995,85.502272,162.326694,85.691135,173.676099,85.017279,185.021783,83.564714,196.301230,82.203335,207.563303,81.163875,218.807067,77.153886,229.195667,69.473791,237.508236,58.640168,240.075511
Type00,L,255,59.301627,245.553863,47.816182,244.620473,37.921441,238.604696,30.495565,229.848583,26.418533,219.201861,24.551084,207.792528,23.704340,196.232361,22.533448,184.713480,20.653296,173.287313,18.231789,161.962379,15.653499,150.670569,12.889996,139.426797,10.085567,128.190688,7.182071,116.980540,4.337972,105.756807,1.849309,94.442808,0.341395,82.996909,0.821011,71.486711,3.176390,60.166243,6.564267,49.094048,10.412575,38.170394,14.735413,27.437022,20.314789,17.328715,27.683346,8.433751,37.592160,2.436296,48.905179,0.179277,60.350119,1.587705,70.082998,7.717069,76.212338,17.203814,80.277579,28.007820,83.015141,39.235702,85.297057,50.599333,86.465866,62.082517,85.982989,73.627644,84.900748,85.163339,84.167447,96.723444,83.907415,108.303301,83.832598,119.886230,84.088048,131.460191,84.808690,143.018464,85.737726,154.566897,86.561982,166.120690,86.894800,177.690191,86.289657,189.260781,84.812282,200.772439,83.381567,212.267261,82.278734,223.732690,78.143124,234.296220,70.160976,242.592748,59.086584,245.104436
Type00,L,260,59.847399,250.565961,48.138887,249.576908,38.126751,243.303653,30.717581,234.256593,26.607768,223.368083,24.854109,211.705551,24.142309,199.890786,23.009380,188.133273,21.036325,176.488001,18.504404,164.947130,15.892052,153.425529,13.131467,141.943778,10.354905,130.462556,7.441511,119.016593,4.505548,107.576329,1.905312,96.047106,0.352986,84.377405,0.902550,72.642410,3.392703,61.114314,6.894952,49.832339,10.760693,38.667671,15.059823,27.672269,20.708649,17.346154,28.302214,8.337381,38.492993,2.361042,50.054184,0.171703,61.713907,1.710829,71.455788,8.166152,77.438925,17.993884,81.528810,29.046355,84.318377,40.496445,86.676529,52.085965,87.726783,63.801254,87.083682,75.577839,85.923554,87.341949,85.249621,99.139930,85.019221,110.954843,84.864653,122.767717,85.017724,134.572185,85.675923,146.360940,86.654191,158.137798,87.621692,169.914687,88.098465,181.704284,87.562035,193.499779,86.059850,205.243647,84.559798,216.971219,83.393594,228.658313,79.132361,239.396773,70.848162,247.677260,59.532999,250.133362
Type00,L,265,60.393170,255.578060,48.461592,254.533343,38.332061,248.002609,30.939597,238.664603,26.797003,227.534306,25.157134,215.618574,24.580277,203.549212,23.485312,191.553066,21.419355,179.688689,18.777018,167.931881,16.130605,156.180489,13.372937,144.460759,10.624243,132.734425,7.700952,121.052646,4.673123,109.395851,1.961314,97.651403,0.364577,85.757900,0.984088,73.798108,3.609017,62.062385,7.225637,50.570630,11.108811,39.164948,15.384234,27.907517,21.102510,17.363593,28.921083,8.241010,39.393827,2.285788,51.203190,0.164129,63.077696,1.833953,72.828578,8.615234,78.665513,18.783954,82.780041,30.084890,85.621613,41.757187,88.056001,53.572597,88.987701,65.519991,88.184374,77.528033,86.946361,89.520559,86.331795,101.556416,86.131027,113.606386,85.896708,125.649204,85.947401,137.684180,86.543155,149.703415,87.570655,161.708699,88.681402,173.708683,89.302130,185.718376,88.834413,197.738777,87.307418,209.714856,85.738029,221.675177,84.508453,233.583936,80.121599,244.497326,71.535347,252.761773,59.979414,255.162288
Type00,L,270,60.938942,260.590158,48.784297,259.489778,38.537371,252.701566,31.161613,243.072613,26.986238,231.700528,25.460159,219.531597,25.018245,207.207638,23.961243,194.972860,21.802384,182.889377,19.049633,170.916633,16.369157,158.935448,13.614408,146.977740,10.893581,135.006293,7.960392,123.088698,4.840699,111.215373,2.017316,99.255700,0.376169,87.138396,1.065627,74.953807,3.825330,63.010456,7.556322,51.308921,11.456929,39.662224,15.708644,28.142765,21.496371,17.381032,29.539951,8.144640,40.294660,2.210534,52.352195,0.156554,64.441485,1.957077,74.201368,9.064316,79.892100,19.574025,84.031272,31.123426,86.924849,43.017930,89.435472,55.059230,90.248619,67.238728,89.285067,79.478228,87.969167,91.699169,87.413969,103.972903,87.242833,116.257928,86.928763,128.530692,86.877077,140.796174,87.410387,153.045890,88.487120,165.279601,89.741112,177.502680,90.505795,189.732469,90.106791,201.977775,88.554987,214.186064,86.916261,226.379135,85.623312,238.509560,81.110837,249.597879,72.222533,257.846285,60.425829,260.191214
Type00,L,275,61.484713,265.602256,49.107002,264.446213,38.742681,257.400523,31.383630,247.480624,27.175473,235.866750,25.763183,223.444621,25.456214,210.866064,24.437175,198.392653,22.185413,186.090065,19.322247,173.901384,16.607710,161.690408,13.855878,149.494721,11.162919,137.278162,8.219833,125.124751,5.008275,113.034895,2.073318,100.859998,0.387760,88.518892,1.147165,76.109506,4.041643,63.958528,7.887007,52.047211,11.805047,40.159501,16.033054,28.378012,21.890232,17.398471,30.158819,8.048269,41.195494,2.135280,53.501200,0.148980,65.805274,2.080202,75.574158,9.513398,81.118688,20.364095,85.282502,32.161961,88.228084,44.278672,90.814944,56.545862,91.509537,68.957464,90.385760,81.428422,88.991973,93.877780,88.496142,106.389389,88.354638,118.909470,87.960818,131.412179,87.806753,143.908169,88.277619,156.388366,89.403585,168.850502,90.800822,181.296676,91.709460,193.746561,91.379170,206.216773,89.802555,218.657273,88.094492,231.083093,86.738172,243.435183,82.100075,254.698432,72.909718,262.930797,60.872245,265.220140
Type00,L,280,62.030484,270.614355,49.429708,269.402648,38.947991,262.099479,31.605646,251.888634,27.364708,240.032972,26.066208,227.357644,25.894182,214.524489,24.913107,201.812446,22.568442,189.290754,19.594862,176.886135,16.846263,164.445367,14.097349,152.011702,11.432257,139.550030,8.479273,127.160804,5.175850,114.854417,2.129320,102.464295,0.399351,89.899387,1.228703,77.265205,4.257957,64.906599,8.217692,52.785502,12.153165,40.656778,16.357464,28.613260,22.284093,17.415911,30.777687,7.951899,42.096327,2.060026,54.650205,0.141406,67.169062,2.203326,76.946949,9.962480,82.345275,21.154165,86.533733,33.200497,89.531320,45.539415,92.194416,58.032495,92.770454,70.676201,91.486453,83.378617,90.014780,96.056390,89.578316,108.805875,89.466444,121.561013,88.992873,134.293666,88.736430,147.020163,89.144851,159.730841,90.320049,172.421403,91.860532,185.090673,92.913124,197.760654,92.651548,210.455771,91.050123,223.128481,89.272724,235.787051,87.853031,248.360806,83.089313,259.798984,73.596904,268.015310,61.318660,270.249065
Type01,L,230,46.550544,230.687871,35.776517,229.427499,26.473086,223.878734,20.113629,215.269140,16.986812,205.005339,15.123628,194.315547,13.827826,183.547686,12.643577,172.761325,11.599940,161.959563,10.426901,151.169739,8.963654,140.415952,7.254789,129.707688,5.217006,119.070073,3.225483,108.414906,1.493785,97.706883,0.384701,86.922677,0.299142,76.088097,1.184772,65.282792,2.865984,54.584842,5.466651,44.051173,8.625425,33.673414,12.658978,23.579247,17.722565,13.995294,25.060148,5.943904,35.114752,1.876592,45.792430,-0.014729,55.687986,4.107903,63.266171,11.439473,69.460943,20.287360,73.686493,30.232481,76.684400,40.659862,78.206071,51.383181,78.642114,62.209852,78.488136,73.039805,78.453447,83.891155,78.617677,94.781184,79.023255,105.694876,79.651657,116.598201,80.191164,127.474859,79.695621,138.352354,78.194954,149.236620,76.573861,160.086694,75.768074,170.917552,75.594532,181.752102,75.215776,192.577810,73.809089,203.359827,71.014364,213.871355,66.097303,223.248300,56.877805,228.910140,45.636309,230.156647
Type01,L,235,47.541538,235.728281,36.550227,234.439949,27.117999,228.694007,20.677325,219.874525,17.536362,209.378587,15.655650,198.460602,14.336444,187.466941,13.133963,176.454100,12.082347,165.423886,10.890716,154.406854,9.402846,143.426199,7.631651,132.499849,5.520615,121.646630,3.432890,110.781691,1.606925,99.862726,0.423890,88.860138,0.301689,77.801153,1.191328,66.768845,2.905766,55.846187,5.552736,45.089737,8.759979,34.488988,12.838727,24.166608,17.951643,14.351576,25.385736,6.089093,35.643230,1.916782,46.543949,-0.003764,56.642387,4.231342,64.323261,11.774834,70.551031,20.851440,74.786077,31.032113,77.834524,41.681940,79.427922,52.624011,79.938989,63.673414,79.799768,74.729698,79.721898,85.802312,79.814393,96.906970,80.153670,108.036913,80.731259,119.161179,81.244325,130.262227,80.753013,141.367027,79.284624,152.475939,77.705100,163.548779,76.934236,174.602020,76.797691,185.657845,76.465391,196.705974,75.116854,207.713297,72.376316,218.464551,67.443971,228.076021,58.094226,233.903064,46.871281,235.219352
Type01,L,240,48.532532,240.768691,37.323937,239.452399,27.762913,233.509279,21.241022,224.479910,18.085911,213.751834,16.187671,202.605657,14.845061,191.386197,13.624348,180.146874,12.564754,168.888208,11.354530,157.643969,9.842037,146.436446,8.008514,135.292011,5.824224,124.223186,3.640297,113.148476,1.720065,102.018568,0.463079,90.797598,0.304235,79.514209,1.197883,68.254898,2.945548,57.107532,5.638821,46.128300,8.894533,35.304562,13.018477,24.753968,18.180722,14.707858,25.711323,6.234281,36.171708,1.956971,47.295467,0.007202,57.596788,4.354781,65.380351,12.110195,71.641120,21.415519,75.885662,31.831745,78.984649,42.704018,80.649774,53.864841,81.235864,65.136975,81.111401,76.419592,80.990349,87.713468,81.011109,99.032757,81.284085,110.378950,81.810861,121.724156,82.297486,133.049594,81.810404,144.381699,80.374294,155.715258,78.836340,167.010863,78.100398,178.286487,78.000850,189.563587,77.715005,200.834138,76.424620,212.066767,73.738267,223.057748,68.790640,232.903742,59.310647,238.895989,48.106253,240.282057
Type01,L,245,49.523526,245.809101,38.097647,244.464849,28.407826,238.324551,21.804718,229.085295,18.635461,218.125082,16.719693,206.750712,15.353678,195.305452,14.114734,183.839649,13.047161,172.352531,11.818345,160.881084,10.281229,149.446693,8.385377,138.084173,6.127833,126.799742,3.847704,115.515260,1.833206,104.174410,0.502268,92.735059,0.306781,81.227265,1.204439,69.740952,2.985330,58.368877,5.724905,47.166864,9.029087,36.120136,13.198226,25.341329,18.409800,15.064140,26.036910,6.379470,36.700185,1.997161,48.046986,0.018168,58.551189,4.478220,66.437441,12.445556,72.731208,21.979599,76.985247,32.631376,80.134773,43.726096,81.871625,55.105671,82.532740,66.600536,82.423033,78.109485,82.258800,89.624624,82.207824,101.158543,82.414500,112.720986,82.890463,124.287134,83.350648,135.836962,82.867796,147.396372,81.463963,158.954577,79.967579,170.472947,79.266560,181.970955,79.204009,193.469329,78.964620,204.962302,77.732386,216.420236,75.100219,227.650944,70.137309,237.731463,60.527067,243.888914,49.341224,245.344762
Type01,L,250,50.514520,250.849511,38.871357,249.477299,29.052740,243.139824,22.368415,233.690680,19.185011,222.498330,17.251714,210.895767,15.862296,199.224707,14.605120,187.532424,13.529568,175.816853,12.282160,164.118199,10.720420,152.456940,8.762239,140.876335,6.431442,129.376298,4.055112,117.882045,1.946346,106.330252,0.541456,94.672519,0.309327,82.940321,1.210994,71.227005,3.025112,59.630222,5.810990,48.205427,9.163642,36.935710,13.377975,25.928690,18.638879,15.420422,26.362498,6.524659,37.228663,2.037350,48.798504,0.029133,59.505590,4.601659,67.494531,12.780917,73.821297,22.543679,78.084831,33.431008,81.284898,44.748174,83.093477,56.346501,83.829615,68.064098,83.734665,79.799378,83.527251,91.535780,83.404540,103.284329,83.544915,115.063023,83.970065,126.850111,84.403809,138.624330,83.925187,150.411044,82.553633,162.193896,81.098819,173.935031,80.432722,185.655423,80.407168,197.375071,80.214234,209.090467,79.040151,220.773706,76.462170,232.244140,71.483977,242.559184,61.743488,248.881838,50.576196,250.407468
Type01,L,255,51.505514,255.889921,39.645066,254.489750,29.697654,247.955096,22.932111,238.296065,19.734560,226.871578,17.783736,215.040822,16.370913,203.143962,15.095505,191.225198,14.011975,179.281176,12.745974,167.355314,11.159612,155.467186,9.139102,143.668496,6.735051,131.952855,4.262519,120.248830,2.059486,108.486094,0.580645,96.609979,0.311874,84.653377,1.217550,72.713059,3.064895,60.891567,5.897075,49.243991,9.298196,37.751284,13.557725,26.516050,18.867957,15.776703,26.688085,6.669847,37.757141,2.077539,49.550022,0.040099,60.459991,4.725098,68.551621,13.116278,74.911385,23.107759,79.184416,34.230639,82.435022,45.770252,84.315329,57.587331,85.126490,69.527659,85.046297,81.489272,84.795702,93.446936,84.601256,105.410115,84.675330,117.405060,85.049667,129.413089,85.456970,141.411697,84.982579,153.425717,83.643303,165.433216,82.230058,177.397116,81.598884,189.339891,81.610328,201.280813,81.463849,213.218631,80.347917,225.127176,77.824122,236.837337,72.830646,247.386905,62.959909,253.874763,51.811168,255.470173
Type01,L,260,52.496508,260.930331,40.418776,259.502200,30.342567,252.770368,23.495808,242.901450,20.284110,231.244825,18.315757,219.185877,16.879531,207.063217,15.585891,194.917973,14.494382,182.745498,13.209789,170.592429,11.598804,158.477433,9.515965,146.460658,7.038660,134.529411,4.469926,122.615615,2.172627,110.641936,0.619834,98.547440,0.314420,86.366433,1.224106,74.199112,3.104677,62.152912,5.983160,50.282554,9.432750,38.566857,13.737474,27.103411,19.097036,16.132985,27.013673,6.815036,38.285618,2.117729,50.301541,0.051064,61.414392,4.848537,69.608711,13.451639,76.001474,23.671839,80.284001,35.030271,83.585147,46.792330,85.537180,58.828161,86.423365,70.991220,86.357930,83.179165,86.064152,95.358092,85.797972,107.535901,85.805745,119.747096,86.129268,131.976066,86.510131,144.199065,86.039971,156.440390,84.732973,168.672535,83.361297,180.859200,82.765047,193.024359,82.813487,205.186555,82.713463,217.346795,81.655683,229.480645,79.186073,241.430533,74.177315,252.214625,64.176330,258.867688,53.046140,260.532878
Type01,L,265,53.487502,265.970741,41.192486,264.514650,30.987481,257.585641,24.059505,247.506835,20.833659,235.618073,18.847779,223.330932,17.388148,210.982472,16.076276,198.610748,14.976789,186.209821,13.673603,173.829544,12.037995,161.487680,9.892827,149.252820,7.342269,137.105967,4.677333,124.982399,2.285767,112.797778,0.659023,100.484900,0.316966,88.079488,1.230661,75.685165,3.144459,63.414257,6.069245,51.321118,9.567304,39.382431,13.917223,27.690771,19.326114,16.489267,27.339260,6.960224,38.814096,2.157918,51.053059,0.062030,62.368793,4.971976,70.665801,13.787000,77.091562,24.235919,81.383585,35.829902,84.735271,47.814407,86.759032,60.068991,87.720240,72.454782,87.669562,84.869058,87.332603,97.269248,86.994687,109.661688,86.936160,122.089133,87.208870,134.539044,87.563292,146.986433,87.097362,159.455062,85.822643,171.911854,84.492537,184.321284,83.931209,196.708827,84.016646,209.092297,83.963078,221.474959,82.963448,233.834115,80.548025,246.023730,75.523983,257.042346,65.392751,263.860612,54.281111,265.595583
Type01,L,270,54.478496,271.011151,41.966196,269.527100,31.632394,262.400913,24.623201,252.112220,21.383209,239.991321,19.379800,227.475986,17.896765,214.901727,16.566662,202.303522,15.459196,189.674143,14.137418,177.066659,12.477187,164.497927,10.269690,152.044982,7.645878,139.682523,4.884741,127.349184,2.398907,114.953620,0.698212,102.422361,0.319513,89.792544,1.237217,77.171219,3.184241,64.675602,6.155330,52.359681,9.701858,40.198005,14.096973,28.278132,19.555193,16.845549,27.664847,7.105413,39.342574,2.198107,51.804578,0.072995,63.323194,5.095415,71.722891,14.122361,78.181651,24.799999,82.483170,36.629534,85.885396,48.836485,87.980883,61.309821,89.017116,73.918343,88.981194,86.558952,88.601054,99.180404,88.191403,111.787474,88.066575,124.431170,88.288472,137.102021,88.616453,149.773801,88.154754,162.469735,86.912313,175.151173,85.623776,187.783368,85.097371,200.393295,85.219805,212.998040,85.212692,225.603124,84.271214,238.187585,81.909976,250.616926,76.870652,261.870067,66.609172,268.853537,55.516083,270.658288
Type01,L,275,55.469490,276.051561,42.739906,274.539550,32.277308,267.216185,25.186898,256.717606,21.932759,244.364569,19.911822,231.621041,18.405383,218.820983,17.057048,205.996297,15.941603,193.138466,14.601233,180.303774,12.916378,167.508174,10.646553,154.837144,7.949487,142.259079,5.092148,129.715969,2.512048,117.109462,0.737401,104.359821,0.322059,91.505600,1.243772,78.657272,3.224024,65.936947,6.241415,53.398245,9.836412,41.013579,14.276722,28.865492,19.784272,17.201831,27.990435,7.250601,39.871051,2.238297,52.556096,0.083961,64.277595,5.218854,72.779982,14.457722,79.271740,25.364079,83.582755,37.429165,87.035520,49.858563,89.202735,62.550651,90.313991,75.381904,90.292826,88.248845,89.869505,101.091560,89.388119,113.913260,89.196990,126.773207,89.368074,139.664999,89.669614,152.561168,89.212145,165.484407,88.001982,178.390492,86.755016,191.245452,86.263533,204.077762,86.422964,216.903782,86.462306,229.731288,85.578980,242.541054,83.271928,255.210122,78.217321,266.697788,67.825593,273.846461,56.751055,275.720994
Type01,L,280,56.460484,281.091971,43.513616,279.552000,32.922222,272.031458,25.750594,261.322991,22.482308,248.737816,20.443843,235.766096,18.914000,222.740238,17.547433,209.689072,16.424010,196.602788,15.065047,183.540889,13.355570,170.518421,11.023416,157.629305,8.253096,144.835636,5.299555,132.082754,2.625188,119.265304,0.776590,106.297281,0.324605,93.218656,1.250328,80.143326,3.263806,67.198292,6.327499,54.436808,9.970967,41.829153,14.456471,29.452853,20.013350,17.558113,28.316022,7.395790,40.399529,2.278486,53.307615,0.094926,65.231996,5.342293,73.837072,14.793083,80.361828,25.928159,84.682340,38.228797,88.185645,50.880641,90.424586,63.791481,91.610866,76.845466,91.604458,89.938738,91.137956,103.002716,90.584835,116.039046,90.327405,129.115243,90.447676,142.227976,90.722775,155.348536,90.269537,168.499080,89.091652,181.629811,87.886255,194.707537,87.429695,207.762230,87.626123,220.809524,87.711921,233.859452,86.886745,246.894524,84.633879,259.803319,79.563989,271.525509,69.042014,278.839386,57.986027,280.783699
Type02,L,230,64.109643,230.821210,53.256215,229.079842,44.395302,222.521599,38.257225,213.516235,33.908896,203.417896,30.837711,192.857450,28.522242,182.117277,26.425741,171.333784,24.006702,160.608707,21.236159,149.960713,18.138354,139.407407,14.589677,128.989574,10.603670,118.714690,6.732008,108.404818,3.588160,97.872716,1.256279,87.129234,0.125408,76.229163,0.377126,65.248509,1.904320,54.386688,4.589892,43.726909,8.183034,33.348435,12.900204,23.444603,18.941460,14.369146,27.290853,7.315021,37.188321,2.629089,47.945675,0.045726,58.815249,1.714817,67.147965,8.982698,72.923883,18.308542,77.219824,28.410201,80.759874,38.860876,83.436425,49.588719,86.345870,60.371215,87.599381,71.308885,85.762335,82.075430,82.174292,92.492309,78.001001,102.770771,74.299320,113.178964,72.408481,123.924918,72.629918,134.891893,74.425482,145.717381,77.303212,156.324459,80.295215,166.870423,83.003976,177.450911,85.022449,188.184329,86.423360,199.068125,85.954087,209.983919,82.092200,220.236721,75.151954,228.955688,64.407023,230.994678
Type02,L,235,65.002620,235.831564,53.929610,234.063293,44.934058,227.312492,38.773376,218.063359,34.407682,207.731107,31.319401,196.947857,28.961727,185.990228,26.833706,174.988031,24.384759,164.044390,21.581099,153.178223,18.434217,142.410177,14.832312,131.778454,10.785005,121.291706,6.854736,110.769330,3.665957,100.021310,1.289442,89.062000,0.136156,77.941817,0.394702,66.741866,1.956407,55.661898,4.677202,44.784303,8.306089,34.186162,13.068471,24.060620,19.144912,14.754492,27.586030,7.491523,37.651471,2.656645,48.628095,0.051291,59.700842,1.798849,68.098823,9.319719,73.886110,18.903535,78.255449,29.220671,81.876043,39.878264,84.619123,50.820926,87.575976,61.821560,88.808626,72.976425,86.898666,83.956116,83.246256,94.586991,79.049298,105.083725,75.382607,115.712281,73.550730,126.676057,73.783200,137.863414,75.551315,148.912485,78.425849,159.740072,81.434618,170.505192,84.217911,181.302335,86.309521,192.256819,87.709243,203.362812,87.205270,214.500433,83.321599,224.981228,76.302801,233.928266,65.338212,235.988158
Type02,L,240,65.895596,240.841919,54.603005,239.046744,45.472815,232.103384,39.289527,222.610483,34.906468,212.044317,31.801091,201.038264,29.401211,189.863178,27.241672,178.642278,24.762816,167.480073,21.926040,156.395732,18.730079,145.412947,15.074947,134.567334,10.966339,123.868723,6.977464,113.133841,3.743755,102.169905,1.322604,90.994766,0.146903,79.654471,0.412277,68.235223,2.008494,56.937108,4.764512,45.841698,8.429144,35.023888,13.236737,24.676637,19.348364,15.139838,27.881206,7.668024,38.114621,2.684200,49.310515,0.056856,60.586436,1.882882,69.049680,9.656739,74.848337,19.498528,79.291074,30.031141,82.992212,40.895652,85.801821,52.053134,88.806083,63.271906,90.017870,74.643965,88.034998,85.836802,84.318219,96.681672,80.097595,107.396680,76.465895,118.245597,74.692979,129.427196,74.936481,140.834934,76.677148,152.107590,79.548487,163.155685,82.574021,174.139961,85.431847,185.153760,87.596592,196.329310,88.995126,207.657499,88.456453,219.016946,84.550998,229.725734,77.453649,238.900843,66.269401,240.981638
Type02,L,245,66.788573,245.852273,55.276400,244.030195,46.011571,236.894276,39.805677,227.157606,35.405254,216.357528,32.282782,205.128672,29.840695,193.736129,27.649637,182.296526,25.140872,170.915756,22.270980,159.613241,19.025942,148.415717,15.317583,137.356214,11.147673,126.445739,7.100191,115.498353,3.821553,104.318500,1.355766,92.927532,0.157651,81.367126,0.429853,69.728580,2.060581,58.212318,4.851822,46.899093,8.552199,35.861614,13.405003,25.292654,19.551816,15.525185,28.176382,7.844526,38.577771,2.711755,49.992936,0.062420,61.472030,1.966914,70.000537,9.993760,75.810563,20.093522,80.326700,30.841611,84.108382,41.913040,86.984519,53.285342,90.036190,64.722251,91.227115,76.311505,89.171330,87.717489,85.390182,98.776353,81.145892,109.709635,77.549183,120.778914,75.835228,132.178336,76.089762,143.806454,77.802982,155.302695,80.671124,166.571298,83.713424,177.774730,86.645782,189.005184,88.883664,200.401800,90.281009,211.952186,89.707635,223.533460,85.780397,234.470240,78.604496,243.873420,67.200590,245.975118
Type02,L,250,67.681550,250.862628,55.949795,249.013646,46.550328,241.685169,40.321828,231.704730,35.904040,220.670738,32.764472,209.219079,30.280179,197.609080,28.057602,185.950773,25.518929,174.351440,22.615921,162.830750,19.321805,151.418486,15.560218,140.145094,11.329008,129.022756,7.222919,117.862865,3.899351,106.467094,1.388929,94.860298,0.168398,83.079780,0.447428,71.221938,2.112668,59.487528,4.939132,47.956487,8.675254,36.699341,13.573270,25.908671,19.755268,15.910531,28.471558,8.021028,39.040921,2.739310,50.675356,0.067985,62.357623,2.050947,70.951395,10.330781,76.772790,20.688515,81.362325,31.652081,85.224551,42.930428,88.167217,54.517549,91.266296,66.172596,92.436359,77.979045,90.307661,89.598175,86.462146,100.871034,82.194189,112.022590,78.632471,123.312230,76.977477,134.929475,77.243044,146.777974,78.928815,158.497800,81.793761,169.986911,84.852827,181.409499,87.859717,192.856609,90.170736,204.474291,91.566892,216.246873,90.958818,228.049974,87.009796,239.214747,79.755343,248.845997,68.131778,250.968598
Type02,L,255,68.574527,255.872982,56.623191,253.997097,47.089084,246.476061,40.837979,236.251854,36.402825,224.983949,33.246162,213.309486,30.719663,201.482030,28.465567,189.605020,25.896986,177.787123,22.960861,166.048260,19.617668,154.421256,15.802853,142.933974,11.510342,131.599772,7.345647,120.227377,3.977149,108.615689,1.422091,96.793064,0.179146,84.792434,0.465004,72.715295,2.164755,60.762737,5.026442,49.013882,8.798309,37.537067,13.741536,26.524688,19.958720,16.295878,28.766734,8.197529,39.504071,2.766866,51.357776,0.073550,63.243217,2.134980,71.902252,10.667801,77.735017,21.283508,82.397950,32.462551,86.340720,43.947816,89.349915,55.749757,92.496403,67.622941,93.645604,79.646584,91.443993,91.478862,87.534109,102.965716,83.242486,114.335545,79.715758,125.845547,78.119725,137.680615,78.396325,149.749495,80.054648,161.692904,82.916399,173.402525,85.992230,185.044268,89.073653,196.708033,91.457808,208.546781,92.852775,220.541560,92.210001,232.566487,88.239195,243.959253,80.906190,253.818574,69.062967,255.962078
Type02,L,260,69.467503,260.883337,57.296586,258.980548,47.627840,251.266954,41.354130,240.798978,36.901611,229.297160,33.727852,217.399893,31.159147,205.354981,28.873533,193.259268,26.275042,181.222806,23.305802,169.265769,19.913530,157.424026,16.045489,145.722853,11.691676,134.176789,7.468374,122.591889,4.054946,110.764284,1.455253,98.725830,0.189893,86.505088,0.482579,74.208652,2.216842,62.037947,5.113752,50.071277,8.921364,38.374794,13.909802,27.140705,20.162172,16.681224,29.061910,8.374031,39.967221,2.794421,52.040196,0.079115,64.128811,2.219012,72.853110,11.004822,78.697243,21.878501,83.433575,33.273021,87.456889,44.965204,90.532613,56.981965,93.726510,69.073286,94.854849,81.314124,92.580324,93.359548,88.606073,105.060397,84.290783,116.648500,80.799046,128.378864,79.261974,140.431754,79.549606,152.721015,81.180482,164.888009,84.039036,176.818138,87.131633,188.679037,90.287588,200.559457,92.744880,212.619272,94.138658,224.836246,93.461183,237.083001,89.468594,248.703759,82.057037,258.791152,69.994156,260.955558
Type02,L,265,70.360480,265.893691,57.969981,263.963999,48.166597,256.057846,41.870281,245.346101,37.400397,233.610370,34.209542,221.490301,31.598632,209.227931,29.281498,196.913515,26.653099,184.658489,23.650743,172.483278,20.209393,160.426796,16.288124,148.511733,11.873011,136.753805,7.591102,124.956401,4.132744,112.912878,1.488416,100.658596,0.200640,88.217742,0.500155,75.702009,2.268930,63.313157,5.201062,51.128672,9.044419,39.212520,14.078069,27.756722,20.365623,17.066570,29.357087,8.550532,40.430371,2.821976,52.722617,0.084679,65.014404,2.303045,73.803967,11.341843,79.659470,22.473494,84.469201,34.083491,88.573058,45.982592,91.715311,58.214172,94.956616,70.523631,96.064093,82.981664,93.716656,95.240234,89.678036,107.155078,85.339080,118.961454,81.882334,130.912180,80.404223,143.182893,80.702888,155.692535,82.306315,168.083114,85.161673,180.233751,88.271035,192.313807,91.501524,204.410882,94.031951,216.691762,95.424541,229.130933,94.712366,241.599514,90.697993,253.448266,83.207885,263.763729,70.925345,265.949038
Type02,L,270,71.253457,270.904046,58.643376,268.947450,48.705353,260.848738,42.386432,249.893225,37.899183,237.923581,34.691232,225.580708,32.038116,213.100882,29.689463,200.567762,27.031156,188.094172,23.995683,175.700788,20.505256,163.429566,16.530760,151.300613,12.054345,139.330822,7.713829,127.320913,4.210542,115.061473,1.521578,102.591362,0.211388,89.930396,0.517730,77.195367,2.321017,64.588367,5.288372,52.186066,9.167473,40.050247,14.246335,28.372739,20.569075,17.451917,29.652263,8.727034,40.893521,2.849531,53.405037,0.090244,65.899998,2.387077,74.754824,11.678863,80.621697,23.068488,85.504826,34.893961,89.689227,46.999980,92.898009,59.446380,96.186723,71.973976,97.273338,84.649204,94.852988,97.120921,90.750000,109.249759,86.387377,121.274409,82.965621,133.445497,81.546472,145.934033,81.856169,158.664055,83.432148,171.278219,86.284311,183.649364,89.410438,195.948576,92.715459,208.262306,95.319023,220.764252,96.710424,233.425620,95.963549,246.116028,91.927392,258.192772,84.358732,268.736306,71.856534,270.942517
Type02,L,275,72.146434,275.914400,59.316771,273.930901,49.244109,265.639631,42.902583,254.440349,38.397969,242.236792,35.172922,229.671115,32.477600,216.973833,30.097428,204.222010,27.409212,191.529855,24.340624,178.918297,20.801119,166.432335,16.773395,154.089493,12.235679,141.907839,7.836557,129.685424,4.288340,117.210068,1.554740,104.524128,0.222135,91.643050,0.535306,78.688724,2.373104,65.863577,5.375682,53.243461,9.290528,40.887973,14.414601,28.988756,20.772527,17.837263,29.947439,8.903535,41.356671,2.877087,54.087457,0.095809,66.785592,2.471110,75.705682,12.015884,81.583923,23.663481,86.540451,35.704431,90.805397,48.017368,94.080707,60.678588,97.416830,73.424321,98.482582,86.316744,95.989319,99.001607,91.821963,111.344441,87.435674,123.587364,84.048909,135.978813,82.688721,148.685172,83.009450,161.635576,84.557982,174.473323,87.406948,187.064977,90.549841,199.583345,93.929395,212.113731,96.606095,224.836743,97.996308,237.720307,97.214731,250.632542,93.156791,262.937278,85.509579,273.708883,72.787723,275.935997
Type02,L,280,73.039410,280.924755,59.990166,278.914352,49.782866,270.430523,43.418734,258.987473,38.896754,246.550002,35.654612,233.761522,32.917084,220.846783,30.505394,207.876257,27.787269,194.965538,24.685564,182.135806,21.096982,169.435105,17.016030,156.878373,12.417014,144.484855,7.959285,132.049936,4.366137,119.358662,1.587903,106.456894,0.232883,93.355704,0.552881,80.182081,2.425191,67.138787,5.462992,54.300856,9.413583,41.725700,14.582868,29.604773,20.975979,18.222610,30.242615,9.080037,41.819821,2.904642,54.769877,0.101374,67.671185,2.555143,76.656539,12.352905,82.546150,24.258474,87.576076,36.514901,91.921566,49.034756,95.263406,61.910795,98.646936,74.874667,99.691827,87.984284,97.125651,100.882293,92.893927,113.439122,88.483970,125.900319,85.132197,138.512130,83.830970,151.436312,84.162732,164.607096,85.683815,177.668428,88.529585,190.480590,91.689244,203.218114,95.143330,215.965155,97.893167,228.909233,99.282191,242.014994,98.465914,255.149055,94.386191,267.681785,86.660426,278.681460,73.718911,280.929477
Type03,L,230,54.654243,230.246931,43.893372,228.577181,35.237385,222.027994,29.670245,212.810634,25.392154,202.732444,22.690789,192.184785,21.039917,181.412473,19.526328,170.616850,17.375196,159.912278,14.727049,149.295653,11.768513,138.759069,8.886776,128.216262,6.172232,117.645525,3.821496,107.000542,1.973497,96.254789,0.670177,85.435225,-0.041677,74.549557,0.107623,63.661418,1.413344,52.846509,3.809170,42.242423,7.563429,32.019387,12.409106,22.287386,18.697432,13.404779,26.309314,5.789745,35.675498,0.337632,46.536308,0.230998,57.143820,2.694189,65.632134,9.623190,70.615363,19.215848,74.397715,29.450347,76.712948,40.070232,78.096813,50.872156,78.783266,61.749735,78.875704,72.651598,77.783827,83.501986,75.691083,94.250241,73.095064,104.946503,70.775277,115.698502,69.448476,126.543697,70.017213,137.397059,72.366632,148.216496,75.363513,159.011660,77.930802,169.806846,79.829132,180.630454,81.400275,191.490255,82.076297,202.400670,79.953545,212.864367,74.000556,221.876015,65.481373,228.653446,54.692666,230.502530
Type03,L,235,55.725978,235.293206,44.732463,233.678116,35.881414,227.012823,30.200927,217.607522,25.905200,207.305845,23.182888,196.532869,21.463249,185.543295,19.897346,174.528222,17.716487,163.600657,15.058108,152.757859,12.095654,141.993360,9.168815,131.230656,6.398890,120.442104,3.979627,109.582167,2.054576,98.623174,0.698424,87.584323,-0.043380,76.476115,0.119115,65.364268,1.471527,54.328938,3.918897,43.506197,7.737223,33.068872,12.659674,23.125793,19.026139,14.028499,26.724515,6.187620,36.212709,0.488349,47.279310,0.242673,58.121947,2.691278,66.758177,9.775623,71.819108,19.574853,75.603810,30.044801,77.935065,40.891870,79.358746,51.915725,80.057204,63.015565,80.103538,74.139336,78.953459,85.211245,76.823697,96.182579,74.216692,107.102858,71.904599,118.078501,70.607193,129.146422,71.244125,140.222021,73.663017,151.264482,76.696714,162.285885,79.255061,173.306960,81.130264,184.354971,82.693459,195.438190,83.379803,206.572571,81.293232,217.275853,75.356709,226.548959,66.818221,233.648095,55.812705,235.594117
Type03,L,240,56.797713,240.339481,45.571554,238.779052,36.525444,231.997652,30.731609,222.404410,26.418246,211.879246,23.674987,200.880952,21.886580,189.674118,20.268365,178.439593,18.057778,167.289037,15.389166,156.220066,12.422794,145.227651,9.450855,134.245051,6.625549,123.238683,4.137759,112.163792,2.135654,100.991559,0.726672,89.733420,-0.045084,78.402672,0.130606,67.067117,1.529710,55.811366,4.028624,44.769972,7.911017,34.118357,12.910243,23.964199,19.354845,14.652220,27.139717,6.585495,36.749920,0.639066,48.022313,0.254348,59.100075,2.688367,67.884221,9.928055,73.022852,19.933859,76.809906,30.639254,79.157182,41.713508,80.620680,52.959295,81.331142,64.281395,81.331372,75.627074,80.123091,86.920504,77.956310,98.114918,75.338319,109.259213,73.033921,120.458501,71.765910,131.749146,72.471036,143.046984,74.959402,154.312467,78.029914,165.560111,80.579320,176.807074,82.431397,188.079488,83.986644,199.386126,84.683309,210.744472,82.632919,221.687340,76.712863,231.221902,68.155069,238.642745,56.932745,240.685704
Type03,L,245,57.869448,245.385756,46.410645,243.879988,37.169473,236.982481,31.262292,227.201298,26.931293,216.452647,24.167086,205.229036,22.309912,193.804941,20.639383,182.350965,18.399068,170.977416,15.720225,159.682272,12.749935,148.461942,9.732895,137.259445,6.852208,126.035262,4.295891,114.745417,2.216733,103.359944,0.754920,91.882518,-0.046787,80.329230,0.142097,68.769967,1.587893,57.293794,4.138350,46.033746,8.084811,35.167842,13.160811,24.802606,19.683552,15.275940,27.554918,6.983369,37.287130,0.789782,48.765316,0.266024,60.078203,2.685456,69.010264,10.080487,74.226597,20.292864,78.016001,31.233707,80.379299,42.535146,81.882613,54.002864,82.605080,65.547226,82.559206,77.114812,81.292723,88.629763,79.088923,100.047256,76.459947,111.415567,74.163243,122.838500,72.924627,134.351871,73.697947,145.871946,76.255787,157.360453,79.363114,168.834336,81.903580,180.307188,83.732529,191.804005,85.279828,203.334062,85.986815,214.916373,83.972606,226.098826,78.069016,235.894845,69.491917,243.637394,58.052785,245.777292
Type03,L,250,58.941182,250.432031,47.249737,248.980923,37.813502,241.967310,31.792974,231.998186,27.444339,221.026048,24.659186,209.577120,22.733244,197.935764,21.010402,186.262337,18.740359,174.665795,16.051284,163.144478,13.077075,151.696233,10.014935,140.273839,7.078866,128.831841,4.454023,117.327041,2.297812,105.728329,0.783167,94.031616,-0.048491,82.255788,0.153589,70.472816,1.646076,58.776222,4.248077,47.297521,8.258605,36.217327,13.411380,25.641013,20.012258,15.899660,27.970119,7.381244,37.824341,0.940499,49.508318,0.277699,61.056330,2.682545,70.136307,10.232920,75.430341,20.651870,79.222096,31.828161,81.601415,43.356784,83.144547,55.046434,83.879017,66.813056,83.787041,78.602550,82.462355,90.339023,80.221536,101.979595,77.581574,113.571922,75.292565,125.218499,74.083345,136.954595,74.924859,148.696908,77.552173,160.408438,80.696314,172.108561,83.227839,183.807302,85.033662,195.528522,86.573013,207.281998,87.290321,219.088274,85.312293,230.510312,79.425170,240.567788,70.828765,248.632043,59.172825,250.868879
Type03,L,255,60.012917,255.478306,48.088828,254.081859,38.457532,246.952140,32.323657,236.795074,27.957385,225.599450,25.151285,213.925204,23.156576,202.066587,21.381420,190.173709,19.081649,178.354175,16.382343,166.606684,13.404216,154.930524,10.296974,143.288233,7.305525,131.628420,4.612154,119.908666,2.378890,108.096713,0.811415,96.180714,-0.050194,84.182345,0.165080,72.175666,1.704259,60.258650,4.357804,48.561296,8.432399,37.266813,13.661949,26.479419,20.340965,16.523380,28.385320,7.779119,38.361551,1.091216,50.251321,0.289375,62.034458,2.679634,71.262350,10.385352,76.634085,21.010875,80.428191,32.422614,82.823532,44.178422,84.406480,56.090003,85.152955,68.078887,85.014875,80.090288,83.631987,92.048282,81.354150,103.911933,78.703202,115.728277,76.421887,127.598499,75.242062,139.557320,76.151770,151.521871,78.848558,163.456424,82.029514,175.382787,84.552098,187.307416,86.334794,199.253039,87.866197,211.229933,88.593827,223.260175,86.651980,234.921798,80.781323,245.240731,72.165613,253.626692,60.292864,255.960466
Type03,L,260,61.084652,260.524581,48.927919,259.182795,39.101561,251.936969,32.854339,241.591961,28.470432,230.172851,25.643384,218.273288,23.579908,206.197409,21.752439,194.085080,19.422940,182.042554,16.713401,170.068891,13.731356,158.164815,10.579014,146.302627,7.532183,134.424999,4.770286,122.490291,2.459969,110.465098,0.839663,98.329812,-0.051898,86.108903,0.176571,73.878516,1.762443,61.741078,4.467531,49.825070,8.606193,38.316298,13.912517,27.317826,20.669671,17.147100,28.800521,8.176994,38.898762,1.241932,50.994323,0.301050,63.012586,2.676723,72.388393,10.537785,77.837830,21.369880,81.634286,33.017067,84.045649,45.000060,85.668414,57.133573,86.426893,69.344717,86.242709,81.578025,84.801619,93.757541,82.486763,105.844271,79.824830,117.884632,77.551209,129.978498,76.400779,142.160044,77.378681,154.346833,80.144943,166.504409,83.362714,178.657012,85.876357,190.807530,87.635927,202.977556,89.159382,215.177869,89.897333,227.432076,87.991667,239.333284,82.137477,249.913674,73.502461,258.621342,61.412904,261.052053
Type03,L,265,62.156387,265.570856,49.767011,264.283730,39.745591,256.921798,33.385021,246.388849,28.983478,234.746252,26.135483,222.621372,24.003240,210.328232,22.123457,197.996452,19.764231,185.730934,17.044460,173.531097,14.058497,161.399106,10.861054,149.317022,7.758842,137.221578,4.928418,125.071916,2.541048,112.833483,0.867910,100.478909,-0.053601,88.035460,0.188062,75.581365,1.820626,63.223507,4.577257,51.088845,8.779987,39.365783,14.163086,28.156232,20.998378,17.770820,29.215722,8.574868,39.435972,1.392649,51.737326,0.312725,63.990714,2.673812,73.514436,10.690217,79.041574,21.728886,82.840381,33.611521,85.267766,45.821699,86.930348,58.177142,87.700831,70.610548,87.470543,83.065763,85.971251,95.466800,83.619376,107.776610,80.946457,120.040986,78.680531,132.358498,77.559496,144.762769,78.605592,157.171795,81.441328,169.552395,84.695914,181.931237,87.200617,194.307644,88.937059,206.702073,90.452566,219.125805,91.200839,231.603977,89.331354,243.744771,83.493630,254.586617,74.839309,263.615991,62.532944,266.143641
Type03,L,270,63.228122,270.617131,50.606102,269.384666,40.389620,261.906627,33.915704,251.185737,29.496524,239.319653,26.627583,226.969456,24.426572,214.459055,22.494476,201.907824,20.105521,189.419313,17.375519,176.993303,14.385637,164.633397,11.143094,152.331416,7.985500,140.018157,5.086550,127.653541,2.622126,115.201868,0.896158,102.628007,-0.055304,89.962018,0.199554,77.284215,1.878809,64.705935,4.686984,52.352620,8.953781,40.415268,14.413654,28.994639,21.327084,18.394541,29.630924,8.972743,39.973183,1.543366,52.480328,0.324401,64.968841,2.670900,74.640479,10.842649,80.245319,22.087891,84.046476,34.205974,86.489883,46.643337,88.192281,59.220712,88.974769,71.876378,88.698378,84.553501,87.140883,97.176059,84.751990,109.708948,82.068085,122.197341,79.809853,134.738497,78.718213,147.365494,79.832504,159.996758,82.737713,172.600380,86.029114,185.205463,88.524876,197.807758,90.238192,210.426591,91.745751,223.073741,92.504344,235.775878,90.671041,248.156257,84.849783,259.259560,76.176157,268.610640,63.652984,271.235228
Type03,L,275,64.299857,275.663406,51.445193,274.485602,41.033650,266.891456,34.446386,255.982625,30.009571,243.893054,27.119682,231.317540,24.849904,218.589878,22.865494,205.819196,20.446812,193.107692,17.706578,180.455509,14.712778,167.867688,11.425133,155.345810,8.212159,142.814736,5.244681,130.235166,2.703205,117.570253,0.924406,104.777105,-0.057008,91.888575,0.211045,78.987064,1.936992,66.188363,4.796711,53.616394,9.127575,41.464753,14.664223,29.833045,21.655791,19.018261,30.046125,9.370618,40.510393,1.694082,53.223331,0.336076,65.946969,2.667989,75.766522,10.995082,81.449063,22.446897,85.252571,34.800428,87.712000,47.464975,89.454215,60.264281,90.248706,73.142209,89.926212,86.041239,88.310515,98.885318,85.884603,111.641287,83.189712,124.353696,80.939175,137.118496,79.876930,149.968218,81.059415,162.821720,84.034099,175.648366,87.362315,188.479688,89.849135,201.307872,91.539324,214.151108,93.038935,227.021676,93.807850,239.947779,92.010728,252.567743,86.205937,263.932504,77.513005,273.605289,64.773023,276.326815
Type03,L,280,65.371592,280.709681,52.284284,279.586537,41.677679,271.876286,34.977068,260.779513,30.522617,248.466455,27.611781,235.665624,25.273236,222.720701,23.236513,209.730567,20.788102,196.796072,18.037637,183.917715,15.039918,171.101979,11.707173,158.360204,8.438817,145.611316,5.402813,132.816791,2.784284,119.938638,0.952653,106.926203,-0.058711,93.815133,0.222536,80.689914,1.995175,67.670791,4.906438,54.880169,9.301368,42.514239,14.914792,30.671452,21.984497,19.641981,30.461326,9.768493,41.047604,1.844799,53.966333,0.347752,66.925097,2.665078,76.892565,11.147514,82.652808,22.805902,86.458666,35.394881,88.934116,48.286613,90.716148,61.307851,91.522644,74.408039,91.154046,87.528977,89.480147,100.594578,87.017216,113.573625,84.311340,126.510050,82.068497,139.498496,81.035647,152.570943,82.286326,165.646682,85.330484,178.696351,88.695515,191.753913,91.173394,204.807986,92.840457,217.875625,94.332120,230.969612,95.111356,244.119680,93.350415,256.979229,87.562090,268.605447,78.849853,278.599939,65.893063,281.418403
Type04,L,230,59.420812,230.216930,48.355250,229.944794,38.490293,225.049257,31.646464,216.569471,27.504174,206.430053,25.140031,195.657675,23.396280,184.751495,21.525912,173.866183,19.159201,163.050680,16.440190,152.302283,13.590799,141.595990,10.755447,130.898638,8.086457,120.173187,5.577570,109.415073,3.144307,98.635813,1.237838,87.751166,0.013789,76.755810,-0.038357,65.728120,1.323848,54.780654,3.864480,44.062276,7.731738,33.721836,12.565127,23.814327,18.900690,14.738237,26.300994,6.586429,35.815682,1.052371,46.703202,0.085585,57.796395,1.390461,67.801396,6.387676,74.549882,14.794598,78.806667,24.922140,81.080528,35.680615,81.917784,46.669988,81.686313,57.678185,80.652114,68.667544,79.127960,79.637301,77.280683,90.572986,75.449888,101.514797,73.781159,112.490371,72.914772,123.506918,73.948853,134.499661,76.463550,145.460802,79.244352,156.454588,81.676081,167.428825,83.449032,178.414288,84.885026,189.433070,85.436128,200.484880,83.713454,211.329237,78.956133,221.076880,70.508782,228.236434,59.093600,230.693572
Type04,L,235,60.270866,235.253268,48.990317,234.950359,38.986823,229.875707,32.069089,221.186856,27.934123,210.813918,25.568860,199.813021,23.784419,188.686376,21.873902,177.580568,19.475335,166.542968,16.734732,155.570799,13.867684,144.639657,10.990842,133.721940,8.275813,122.777090,5.707680,111.802461,3.214665,100.806929,1.267056,89.701777,0.018770,78.483754,-0.026168,67.232660,1.377029,56.064749,3.971117,45.128562,7.906275,34.574929,12.810957,24.453725,19.218869,15.160909,26.718082,6.799289,36.410983,1.126476,47.509844,0.110296,58.807144,1.483881,68.905453,6.681052,75.676304,15.322861,79.921016,25.690979,82.225238,36.673128,83.115598,47.881970,82.914809,59.111117,81.859106,70.322639,80.309096,81.515438,78.451326,92.676085,76.625155,103.843883,74.976656,115.044874,74.141795,126.285044,75.219661,137.501016,77.771481,148.686414,80.564375,159.907295,82.971017,171.108672,84.706940,182.320015,86.126506,193.563140,86.674612,204.838354,84.958789,215.915157,80.184923,225.899694,71.619148,233.241036,60.211169,235.757400
Type04,L,240,61.120920,240.289607,49.625384,239.955924,39.483353,234.702157,32.491714,225.804241,28.364072,215.197782,25.997689,203.968367,24.172558,192.621257,22.221891,181.294953,19.791470,170.035257,17.029273,158.839316,14.144569,147.683324,11.226237,136.545243,8.465170,125.380994,5.837791,114.189850,3.285023,102.978045,1.296273,91.652389,0.023752,80.211697,-0.013978,68.737200,1.430211,57.348844,4.077754,46.194848,8.080812,35.428022,13.056787,25.093123,19.537048,15.583581,27.135170,7.012150,37.006284,1.200580,48.316486,0.135008,59.817892,1.577302,70.009510,6.974428,76.802727,15.851123,81.035365,26.459817,83.369948,37.665640,84.313413,49.093952,84.143305,60.544049,83.066098,71.977734,81.490233,83.393575,79.621968,94.779185,77.800422,106.172968,76.172152,117.599376,75.368818,129.063171,76.490469,140.502370,79.079412,151.912026,81.884398,163.360002,84.265952,174.788519,85.964848,186.225743,87.367986,197.693210,87.913097,209.191829,86.204124,220.501077,81.413713,230.722508,72.729513,238.245638,61.328738,240.821228
Type04,L,245,61.970974,245.325945,50.260452,244.961489,39.979883,239.528607,32.914340,230.421626,28.794020,219.581647,26.426518,208.123712,24.560697,196.556139,22.569881,185.009338,20.107605,173.527546,17.323815,162.107833,14.421454,150.726991,11.461632,139.368546,8.654526,127.984897,5.967901,116.577238,3.355382,105.149161,1.325491,93.603000,0.028733,81.939640,-0.001789,70.241740,1.483392,58.632939,4.184391,47.261135,8.255349,36.281114,13.302617,25.732522,19.855227,16.006253,27.552258,7.225010,37.601586,1.274684,49.123128,0.159719,60.828640,1.670722,71.113567,7.267804,77.929149,16.379386,82.149714,27.228655,84.514658,38.658153,85.511227,50.305934,85.371802,61.976981,84.273090,73.632829,82.671369,85.271712,80.792610,96.882284,78.975689,108.502054,77.367649,120.153879,76.595841,131.841297,77.761277,143.503725,80.387343,155.137638,83.204421,166.812709,85.560888,178.468367,87.222756,190.131470,88.609467,201.823281,89.151582,213.545303,87.449459,225.086997,82.642503,235.545322,73.839878,243.250239,62.446307,245.885056
Type04,L,250,62.821028,250.362283,50.895519,249.967054,40.476414,244.355057,33.336965,235.039011,29.223969,223.965511,26.855347,212.279058,24.948836,200.491020,22.917871,188.723724,20.423739,177.019835,17.618357,165.376350,14.698339,153.770658,11.697027,142.191849,8.843883,130.588800,6.098011,118.964626,3.425740,107.320277,1.354709,95.553611,0.033714,83.667584,0.010400,71.746280,1.536573,59.917034,4.291029,48.327421,8.429886,37.134207,13.548447,26.371920,20.173406,16.428925,27.969347,7.437871,38.196887,1.348789,49.929771,0.184431,61.839389,1.764142,72.217624,7.561180,79.055572,16.907648,83.264063,27.997494,85.659368,39.650666,86.709042,51.517916,86.600298,63.409913,85.480082,75.287924,83.852506,87.149849,81.963253,98.985384,80.150955,110.831139,78.563146,122.708382,77.822864,134.619423,79.032086,146.505080,81.695273,158.363250,84.524444,170.265416,86.855823,182.148214,88.480663,194.037197,89.850947,205.953351,90.390067,217.898777,88.694794,229.672917,83.871294,240.368136,74.950244,248.254841,63.563876,250.948884
Type04,L,255,63.671083,255.398621,51.530586,254.972619,40.972944,249.181507,33.759590,239.656395,29.653917,228.349376,27.284176,216.434404,25.336975,204.425901,23.265861,192.438109,20.739874,180.512123,17.912898,168.644867,14.975224,156.814325,11.932422,145.015152,9.033239,133.192704,6.228122,121.352014,3.496098,109.491392,1.383927,97.504222,0.038695,85.395527,0.022590,73.250820,1.589754,61.201130,4.397666,49.393707,8.604423,37.987299,13.794277,27.011318,20.491585,16.851597,28.386435,7.650731,38.792189,1.422893,50.736413,0.209143,62.850137,1.857562,73.321681,7.854555,80.181994,17.435911,84.378412,28.766332,86.804077,40.643178,87.906856,52.729898,87.828795,64.842845,86.687074,76.943019,85.033643,89.027986,83.133895,101.088483,81.326222,113.160225,79.758643,125.262885,79.049887,137.397550,80.302894,149.506434,83.003204,161.588862,85.844467,173.718123,88.150758,185.828061,89.738571,197.942925,91.092427,210.083421,91.628551,222.252252,89.940128,234.258837,85.100084,245.190950,76.060609,253.259443,64.681444,256.012712
Type04,L,260,64.521137,260.434959,52.165654,259.978184,41.469474,254.007958,34.182215,244.273780,30.083866,232.733240,27.713005,220.589749,25.725113,208.360783,23.613851,196.152494,21.056008,184.004412,18.207440,171.913384,15.252109,159.857992,12.167817,147.838454,9.222596,135.796607,6.358232,123.739403,3.566456,111.662508,1.413145,99.454833,0.043677,87.123470,0.034779,74.755360,1.642935,62.485225,4.504303,50.459994,8.778960,38.840392,14.040107,27.650717,20.809764,17.274269,28.803523,7.863591,39.387490,1.496997,51.543055,0.233854,63.860886,1.950983,74.425738,8.147931,81.308416,17.964174,85.492761,29.535171,87.948787,41.635691,89.104670,53.941880,89.057291,66.275777,87.894066,78.598114,86.214779,90.906123,84.304537,103.191583,82.501489,115.489310,80.954140,127.817388,80.276910,140.175676,81.573702,152.507789,84.311135,164.814474,87.164490,177.170830,89.445694,189.507908,90.996479,201.848652,92.333907,214.213491,92.867036,226.605726,91.185463,238.844757,86.328874,250.013764,77.170974,258.264045,65.799013,261.076540
Type04,L,265,65.371191,265.471297,52.800721,264.983749,41.966004,258.834408,34.604841,248.891165,30.513815,237.117104,28.141834,224.745095,26.113252,212.295664,23.961841,199.866880,21.372143,187.496701,18.501981,175.181900,15.528994,162.901659,12.403212,150.661757,9.411952,138.400511,6.488342,126.126791,3.636815,113.833624,1.442363,101.405444,0.048658,88.851414,0.046969,76.259900,1.696116,63.769320,4.610940,51.526280,8.953497,39.693484,14.285937,28.290115,21.127943,17.696941,29.220611,8.076452,39.982791,1.571102,52.349697,0.258566,64.871634,2.044403,75.529794,8.441307,82.434839,18.492436,86.607110,30.304009,89.093497,42.628203,90.302485,55.153862,90.285788,67.708709,89.101058,80.253209,87.395916,92.784260,85.475179,105.294682,83.676756,117.818396,82.149637,130.371890,81.503933,142.953802,82.844510,155.509143,85.619066,168.040087,88.484513,180.623537,90.740629,193.187755,92.254387,205.754380,93.575387,218.343562,94.105521,230.959201,92.430798,243.430677,87.557665,254.836578,78.281340,263.268646,66.916582,266.140368
Type04,L,270,66.221245,270.507635,53.435788,269.989314,42.462534,263.660858,35.027466,253.508550,30.943763,241.500969,28.570663,228.900440,26.501391,216.230545,24.309831,203.581265,21.688278,190.988990,18.796523,178.450417,15.805879,165.945326,12.638607,153.485060,9.601309,141.004414,6.618452,128.514179,3.707173,116.004740,1.471580,103.356055,0.053639,90.579357,0.059158,77.764440,1.749297,65.053415,4.717578,52.592566,9.128034,40.546577,14.531767,28.929514,21.446122,18.119613,29.637700,8.289312,40.578093,1.645206,53.156339,0.283278,65.882382,2.137823,76.633851,8.734683,83.561261,19.020699,87.721459,31.072847,90.238207,43.620716,91.500299,56.365844,91.514284,69.141641,90.308051,81.908304,88.577052,94.662397,86.645822,107.397782,84.852022,120.147481,83.345133,132.926393,82.730956,145.731929,84.115318,158.510498,86.926997,171.265699,89.804536,184.076244,92.035565,196.867602,93.512294,209.660107,94.816867,222.473632,95.344005,235.312675,93.676133,248.016597,88.786455,259.659392,79.391705,268.273248,68.034151,271.204196
Type04,L,275,67.071299,275.543974,54.070856,274.994879,42.959065,268.487308,35.450091,258.125935,31.373712,245.884833,28.999492,233.055786,26.889530,220.165427,24.657820,207.295650,22.004412,194.481278,19.091065,181.718934,16.082764,168.988993,12.874002,156.308363,9.790665,143.608318,6.748563,130.901568,3.777531,118.175856,1.500798,105.306666,0.058621,92.307300,0.071347,79.268980,1.802478,66.337510,4.824215,53.658853,9.302571,41.399669,14.777597,29.568912,21.764301,18.542285,30.054788,8.502172,41.173394,1.719310,53.962981,0.307989,66.893131,2.231244,77.737908,9.028059,84.687684,19.548961,88.835808,31.841686,91.382916,44.613228,92.698113,57.577826,92.742780,70.574573,91.515043,83.563399,89.758189,96.540534,87.816464,109.500882,86.027289,122.476567,84.540630,135.480896,83.957980,148.510055,85.386126,161.511853,88.234927,174.491311,91.124559,187.528951,93.330500,200.547449,94.770202,213.565834,96.058347,226.603702,96.582490,239.666150,94.921468,252.602517,90.015245,264.482206,80.502070,273.277850,69.151720,276.268024
Type04,L,280,67.921353,280.580312,54.705923,280.000444,43.455595,273.313758,35.872716,262.743319,31.803661,250.268698,29.428321,237.211132,27.277669,224.100308,25.005810,211.010035,22.320547,197.973567,19.385606,184.987451,16.359649,172.032660,13.109397,159.131665,9.980022,146.212221,6.878673,133.288956,3.847889,120.346972,1.530016,107.257277,0.063602,94.035244,0.083537,80.773521,1.855659,67.621605,4.930852,54.725139,9.477108,42.252762,15.023427,30.208310,22.082480,18.964957,30.471876,8.715033,41.768696,1.793414,54.769623,0.332701,67.903879,2.324664,78.841965,9.321435,85.814106,20.077224,89.950157,32.610524,92.527626,45.605741,93.895928,58.789808,93.971277,72.007505,92.722035,85.218493,90.939325,98.418671,88.987106,111.603981,87.202556,124.805652,85.736127,138.035399,85.185003,151.288182,86.656934,164.513207,89.542858,177.716923,92.444582,190.981658,94.625436,204.227296,96.028110,217.471562,97.299827,230.733773,97.820975,244.019624,96.166802,257.188437,91.244035,269.305020,81.612436,278.282451,70.269288,281.331852
Type05,L,230,56.556423,240.850409,45.395241,239.148997,36.451667,232.190121,30.404509,222.788395,26.323698,212.259930,23.522416,201.307281,21.815018,190.132383,20.882582,178.843322,19.964000,167.557558,18.502061,156.344784,16.304997,145.247857,13.032058,134.425563,8.980144,123.830715,5.049785,113.198775,2.100109,102.311758,0.664317,91.109542,0.442269,79.849237,1.846347,68.651083,4.372713,57.627522,7.703633,46.812256,11.775518,36.253107,16.409723,25.930512,22.064114,16.126003,30.076087,8.167440,39.946593,2.806851,50.973024,0.343728,61.774541,2.861210,68.744557,11.119623,72.985823,21.681428,76.624683,32.394655,80.440175,43.094097,83.108466,54.135237,83.773198,65.378921,82.615940,76.578184,79.987556,87.549794,76.639379,98.392029,73.472296,109.320322,71.445229,120.429988,71.464090,131.742546,72.491258,143.010438,74.218907,154.187653,76.613109,165.243135,79.190592,176.233765,81.398045,187.277818,82.986481,198.393908,83.125195,209.648644,81.082224,220.678253,76.264610,230.868995,67.971410,238.579676,56.966636,240.885227
Type05,L,235,57.449400,245.860763,46.068636,244.132448,36.990424,236.981013,30.920660,227.335518,26.822484,216.573141,24.004106,205.397688,22.254502,194.005334,21.290547,182.497569,20.342056,170.993242,18.847002,159.562293,16.600860,148.250627,13.274693,137.214443,9.161479,126.407732,5.172513,115.563286,2.177907,104.460353,0.697480,93.042308,0.453016,81.561891,1.863923,70.144441,4.424800,58.902732,7.790943,47.869650,11.898573,37.090834,16.577990,26.546529,22.267566,16.511349,30.371263,8.343941,40.409743,2.834406,51.655444,0.349293,62.660135,2.945243,69.695414,11.456644,73.948049,22.276421,77.660308,33.205125,81.556344,44.111484,84.291164,55.367444,85.003305,66.829266,83.825184,78.245724,81.123887,89.430480,77.711342,100.486710,74.520593,111.633276,72.528516,122.963305,72.606339,134.493686,73.644540,145.981958,75.344740,157.382758,77.735746,168.658748,80.329995,179.868534,82.611980,191.129242,84.273553,202.466399,84.411078,213.943331,82.333407,225.194766,77.494010,235.613501,69.122257,243.552253,57.897825,245.878707
Type05,L,240,58.342376,250.871118,46.742031,249.115899,37.529180,241.771906,31.436811,231.882642,27.321270,220.886352,24.485796,209.488095,22.693986,197.878284,21.698513,186.151816,20.720113,174.428925,19.191942,162.779802,16.896722,151.253397,13.517329,140.003323,9.342813,128.984748,5.295241,117.927798,2.255705,106.608947,0.730642,94.975074,0.463764,83.274545,1.881498,71.637798,4.476888,60.177942,7.878253,48.927045,12.021628,37.928560,16.746256,27.162546,22.471018,16.896696,30.666439,8.520443,40.872893,2.861962,52.337864,0.354858,63.545728,3.029275,70.646272,11.793664,74.910276,22.871414,78.695934,34.015595,82.672513,45.128872,85.473862,56.599652,86.233412,68.279612,85.034429,79.913264,82.260219,91.311167,78.783306,102.581392,75.568890,113.946231,73.611804,125.496621,73.748588,137.244825,74.797821,148.953478,76.470573,160.577863,78.858383,172.074361,81.469398,183.503303,83.825916,194.980667,85.560625,206.538889,85.696961,218.238018,83.584590,229.711280,78.723409,240.358007,70.273104,248.524830,58.829014,250.872187
Type05,L,245,59.235353,255.881472,47.415426,254.099350,38.067936,246.562798,31.952962,236.429766,27.820056,225.199562,24.967486,213.578502,23.133471,201.751235,22.106478,189.806064,21.098170,177.864608,19.536883,165.997311,17.192585,154.256167,13.759964,142.792203,9.524147,131.561765,5.417968,120.292310,2.333503,108.757542,0.763804,96.907840,0.474511,84.987199,1.899074,73.131155,4.528975,61.453152,7.965563,49.984440,12.144683,38.766287,16.914522,27.778563,22.674470,17.282042,30.961615,8.696944,41.336043,2.889517,53.020284,0.360422,64.431322,3.113308,71.597129,12.130685,75.872503,23.466407,79.731559,34.826065,83.788682,46.146260,86.656560,57.831860,87.463518,69.729957,86.243673,81.580804,83.396551,93.191853,79.855269,104.676073,76.617187,116.259186,74.695092,128.029938,74.890837,139.995964,75.951102,151.924999,77.596407,163.772968,79.981020,175.489974,82.608801,187.138072,85.039851,198.832091,86.847697,210.611379,86.982844,222.532705,84.835772,234.227793,79.952808,245.102513,71.423952,253.497408,59.760203,255.865667
Type05,L,250,60.128330,260.891827,48.088821,259.082801,38.606693,251.353690,32.469113,240.976890,28.318842,229.512773,25.449176,217.668910,23.572955,205.624186,22.514443,193.460311,21.476226,181.300291,19.881823,169.214821,17.488448,157.258937,14.002599,145.581083,9.705482,134.138782,5.540696,122.656822,2.411301,110.906137,0.796967,98.840606,0.485259,86.699853,1.916649,74.624512,4.581062,62.728362,8.052873,51.041834,12.267738,39.604013,17.082789,28.394580,22.877922,17.667388,31.256791,8.873446,41.799193,2.917072,53.702705,0.365987,65.316916,3.197340,72.547986,12.467706,76.834729,24.061400,80.767184,35.636535,84.904851,47.163648,87.839258,59.064067,88.693625,71.180302,87.452918,83.248344,84.532882,95.072540,80.927233,106.770754,77.665484,118.572141,75.778379,130.563254,76.033085,142.747104,77.104384,154.896519,78.722240,166.968072,81.103658,178.905587,83.748203,190.772841,86.253787,202.683516,88.134769,214.683870,88.268727,226.827392,86.086955,238.744307,81.182207,249.847020,72.574799,258.469985,60.691391,260.859147
Type05,L,255,61.021307,265.902181,48.762216,264.066251,39.145449,256.144583,32.985264,245.524013,28.817627,233.825984,25.930866,221.759317,24.012439,209.497136,22.922408,197.114559,21.854283,184.735974,20.226764,172.432330,17.784311,160.261706,14.245235,148.369963,9.886816,136.715798,5.663423,125.021334,2.489098,113.054731,0.830129,100.773372,0.496006,88.412507,1.934225,76.117870,4.633149,64.003572,8.140183,52.099229,12.390793,40.441740,17.251055,29.010596,23.081374,18.052735,31.551967,9.049947,42.262343,2.944627,54.385125,0.371552,66.202510,3.281373,73.498844,12.804726,77.796956,24.656394,81.802810,36.447005,86.021021,48.181036,89.021957,60.296275,89.923732,72.630647,88.662162,84.915884,85.669214,96.953226,81.999196,108.865435,78.713781,120.885096,76.861667,133.096571,77.175334,145.498243,78.257665,157.868039,79.848073,170.163177,82.226295,182.321200,84.887606,194.407610,87.467722,206.534940,89.421840,218.756360,89.554610,231.122079,87.338138,243.260821,82.411606,254.591526,73.725646,263.442562,61.622580,265.852627
Type05,L,260,61.914283,270.912536,49.435611,269.049702,39.684205,260.935475,33.501415,250.071137,29.316413,238.139194,26.412556,225.849724,24.451923,213.370087,23.330374,200.768806,22.232340,188.171657,20.571705,175.649839,18.080174,163.264476,14.487870,151.158842,10.068150,139.292815,5.786151,127.385846,2.566896,115.203326,0.863291,102.706138,0.506754,90.125161,1.951800,77.611227,4.685236,65.278782,8.227493,53.156624,12.513847,41.279466,17.419322,29.626613,23.284826,18.438081,31.847144,9.226449,42.725493,2.972183,55.067545,0.377116,67.088103,3.365405,74.449701,13.141747,78.759183,25.251387,82.838435,37.257475,87.137190,49.198424,90.204655,61.528483,91.153838,74.080992,89.871407,86.583424,86.805546,98.833912,83.071160,110.960117,79.762077,123.198051,77.944955,135.629888,78.317583,148.249383,79.410946,160.839559,80.973907,173.358282,83.348932,185.736814,86.027009,198.042380,88.681658,210.386365,90.708912,222.828851,90.840493,235.416766,88.589320,247.777334,83.641005,259.336032,74.876493,268.415139,62.553769,270.846107
Type05,L,265,62.807260,275.922890,50.109006,274.033153,40.222962,265.726368,34.017565,254.618261,29.815199,242.452405,26.894246,229.940131,24.891407,217.243037,23.738339,204.423053,22.610396,191.607340,20.916645,178.867349,18.376036,166.267246,14.730505,153.947722,10.249485,141.869831,5.908879,129.750358,2.644694,117.351921,0.896454,104.638904,0.517501,91.837816,1.969376,79.104584,4.737323,66.553992,8.314803,54.214019,12.636902,42.117192,17.587588,30.242630,23.488278,18.823428,32.142320,9.402950,43.188643,2.999738,55.749965,0.382681,67.973697,3.449438,75.400559,13.478768,79.721409,25.846380,83.874060,38.067945,88.253359,50.215812,91.387353,62.760690,92.383945,75.531337,91.080651,88.250964,87.941877,100.714599,84.143123,113.054798,80.810374,125.511006,79.028243,138.163204,79.459832,151.000522,80.564228,163.811080,82.099740,176.553386,84.471570,189.152427,87.166412,201.677149,89.895593,214.237789,91.995984,226.901341,92.126376,239.711453,89.840503,252.293848,84.870404,264.080539,76.027340,273.387716,63.484958,275.839587
Type05,L,270,63.700237,280.933245,50.782402,279.016604,40.761718,270.517260,34.533716,259.165385,30.313985,246.765615,27.375936,234.030539,25.330892,221.115988,24.146304,208.077301,22.988453,195.043023,21.261586,182.084858,18.671899,169.270016,14.973141,156.736602,10.430819,144.446848,6.031606,132.114869,2.722492,119.500515,0.929616,106.571670,0.528249,93.550470,1.986951,80.597941,4.789410,67.829202,8.402113,55.271413,12.759957,42.954919,17.755854,30.858647,23.691729,19.208774,32.437496,9.579452,43.651793,3.027293,56.432385,0.388246,68.859291,3.533471,76.351416,13.815788,80.683636,26.441373,84.909685,38.878415,89.369528,51.233200,92.570051,63.992898,93.614052,76.981682,92.289896,89.918503,89.078209,102.595285,85.215087,115.149479,81.858671,127.823960,80.111530,140.696521,80.602081,153.751661,81.717509,166.782600,83.225573,179.748491,85.594207,192.568040,88.305815,205.311918,91.109528,218.089214,93.283056,230.973832,93.412259,244.006140,91.091686,256.810361,86.099803,268.825045,77.178188,278.360293,64.416147,280.833066
Type05,L,275,64.593214,285.943599,51.455797,284.000055,41.300475,275.308152,35.049867,263.712508,30.812771,251.078826,27.857626,238.120946,25.770376,224.988939,24.554269,211.731548,23.366510,198.478707,21.606526,185.302367,18.967762,172.272786,15.215776,159.525482,10.612153,147.023864,6.154334,134.479381,2.800289,121.649110,0.962778,108.504436,0.538996,95.263124,2.004527,82.091299,4.841497,69.104412,8.489423,56.328808,12.883012,43.792645,17.924121,31.474664,23.895181,19.594120,32.732672,9.755954,44.114944,3.054848,57.114806,0.393811,69.744884,3.617503,77.302273,14.152809,81.645863,27.036366,85.945311,39.688885,90.485697,52.250588,93.752749,65.225106,94.844158,78.432027,93.499141,91.586043,90.214540,104.475971,86.287050,117.244160,82.906968,130.136915,81.194818,143.229837,81.744329,156.502801,82.870790,169.754120,84.351407,182.943596,86.716844,195.983653,89.445218,208.946687,92.323464,221.940638,94.570128,235.046322,94.698142,248.300827,92.342868,261.326875,87.329202,273.569551,78.329035,283.332871,65.347336,285.826546
Type05,L,280,65.486190,290.953954,52.129192,288.983506,41.839231,280.099045,35.566018,268.259632,31.311557,255.392037,28.339316,242.211353,26.209860,228.861889,24.962234,215.385795,23.744567,201.914390,21.951467,188.519876,19.263625,175.275555,15.458412,162.314362,10.793488,149.600881,6.277062,136.843893,2.878087,123.797705,0.995941,110.437202,0.549744,96.975778,2.022102,83.584656,4.893584,70.379622,8.576733,57.386203,13.006067,44.630372,18.092387,32.090681,24.098633,19.979467,33.027848,9.932455,44.578094,3.082404,57.797226,0.399375,70.630478,3.701536,78.253131,14.489830,82.608089,27.631360,86.980936,40.499354,91.601866,53.267976,94.935447,66.457313,96.074265,79.882373,94.708385,93.253583,91.350872,106.356658,87.359014,119.338842,83.955265,132.449870,82.278106,145.763154,82.886578,159.253940,84.024072,172.725640,85.477240,186.138701,87.839482,199.399266,90.584621,212.581456,93.537399,225.792063,95.857199,239.118813,95.984026,252.595514,93.594051,265.843388,88.558601,278.314058,79.479882,288.305448,66.278524,290.820026
Type06,L,230,56.138716,230.015772,45.348145,228.380178,36.545460,222.032687,30.383828,213.140555,26.104163,203.092533,23.656470,192.479237,22.281044,181.656419,20.917836,170.828745,18.714772,160.125181,16.000032,149.511061,12.914476,138.998884,9.933571,128.474129,7.148402,117.910805,4.666324,107.283840,2.594670,96.565623,0.930221,85.774935,0.012754,74.897596,0.135170,63.998407,1.450380,53.178048,3.783075,42.538872,7.228570,32.196358,11.794708,22.312218,17.790435,13.200522,25.313266,5.342842,34.871915,0.254881,45.718108,-0.021745,56.088407,3.069373,64.655112,9.764907,70.153279,19.014042,73.948915,29.245787,76.829901,39.764231,78.817607,50.483998,79.829033,61.345169,79.878162,72.253415,78.899233,83.131608,77.116514,93.938727,74.800289,104.698811,72.650663,115.496309,71.320151,126.367853,71.404485,137.260413,73.073910,148.159936,75.787560,159.004593,78.586635,169.792749,80.711266,180.616519,82.417950,191.477978,82.995365,202.407449,81.123516,212.992958,75.563405,222.152626,66.847733,228.604970,55.320270,229.905364
Type06,L,235,56.900734,235.034614,45.904187,233.320877,37.011322,226.733274,30.815360,217.608637,26.560323,207.320592,24.120270,196.478527,22.702801,185.436756,21.287488,174.391331,19.033339,163.469654,16.282006,152.635509,13.165572,141.902543,10.139161,131.159308,7.306565,120.377916,4.768083,109.534749,2.645476,98.599304,0.950652,87.587758,0.015717,76.487993,0.145945,65.366688,1.510873,54.328268,3.915250,43.476688,7.453379,32.929372,12.105799,22.838687,18.188782,13.519326,25.818631,5.461348,35.575768,0.275331,46.635996,0.009491,57.199071,3.189029,65.828134,10.111084,71.296509,19.622438,75.043269,30.107964,77.952285,40.850054,80.011247,51.785826,81.058155,62.865725,81.071661,73.994640,80.056061,85.094242,78.262864,96.125735,75.958123,107.111735,73.844383,118.134873,72.561099,129.229616,72.700543,140.343864,74.420506,151.466611,77.155602,162.537635,79.928917,173.551882,82.005376,184.600954,83.682198,195.686270,84.236100,206.837673,82.345188,217.650748,76.760586,227.037373,67.876979,233.609641,56.421023,234.941255
Type06,L,240,57.662753,240.053456,46.460229,238.261577,37.477184,231.433861,31.246892,222.076719,27.016483,211.548652,24.584070,200.477816,23.124559,189.217093,21.657139,177.953917,19.351906,166.814127,16.563981,155.759957,13.416668,144.806203,10.344752,133.844487,7.464727,122.845028,4.869841,111.785659,2.696283,100.632985,0.971083,89.400582,0.018679,78.078391,0.156720,66.734970,1.571367,55.478489,4.047425,44.414504,7.678187,33.662386,12.416889,23.365156,18.587128,13.838130,26.323997,5.579855,36.279621,0.295781,47.553885,0.040727,58.309735,3.308685,67.001157,10.457261,72.439738,20.230833,76.137623,30.970141,79.074669,41.935877,81.204887,53.087654,82.287276,64.386281,82.265159,75.735866,81.212890,87.056877,79.409214,98.312744,77.115958,109.524660,75.038103,120.773437,73.802046,132.091379,73.996602,143.427316,75.767102,154.773287,78.523644,166.070678,81.271199,177.311015,83.299486,188.585388,84.946445,199.894561,85.476836,211.267898,83.566859,222.308538,77.957767,231.922120,68.906226,238.614312,57.521775,239.977145
Type06,L,245,58.424772,245.072298,47.016270,243.202276,37.943046,236.134449,31.678424,226.544801,27.472643,215.776711,25.047870,204.477105,23.546317,192.997430,22.026791,181.516503,19.670472,170.158600,16.845956,158.884404,13.667764,147.709863,10.550343,136.529667,7.622890,125.312139,4.971599,114.036568,2.747089,102.666666,0.991514,91.213406,0.021641,79.668788,0.167496,68.103251,1.631861,56.628709,4.179600,45.352320,7.902996,34.395399,12.727979,23.891625,18.985474,14.156935,26.829362,5.698361,36.983474,0.316232,48.471773,0.071963,59.420398,3.428341,68.174180,10.803437,73.582968,20.839229,77.231978,31.832317,80.197052,43.021700,82.398527,54.389483,83.516398,65.906837,83.458657,77.477092,82.369718,89.019511,80.555564,100.499752,78.273793,111.937584,76.231823,123.412001,75.042994,134.953142,75.292660,146.510767,77.113698,158.079963,79.891686,169.603720,82.613481,181.070147,84.593596,192.569823,86.210693,204.102852,86.717571,215.698122,84.788530,226.966329,79.154948,236.806866,69.935472,243.618984,58.622528,245.013035
Type06,L,250,59.186790,250.091140,47.572312,248.142976,38.408908,240.835036,32.109956,231.012882,27.928804,220.004771,25.511670,208.476394,23.968074,196.777767,22.396443,185.079089,19.989039,173.503073,17.127930,162.008852,13.918860,150.613523,10.755933,139.214846,7.781052,127.779251,5.073358,116.287477,2.797896,104.700347,1.011945,93.026230,0.024604,81.259186,0.178271,69.471533,1.692354,57.778930,4.311776,46.290136,8.127805,35.128413,13.039070,24.418094,19.383821,14.475739,27.334728,5.816867,37.687327,0.336682,49.389662,0.103199,60.531062,3.547997,69.347203,11.149614,74.726198,21.447625,78.326332,32.694494,81.319436,44.107522,83.592167,55.691311,84.745519,67.427393,84.652156,79.218318,83.526547,90.982145,81.701914,102.686761,79.431628,114.350508,77.425543,126.050565,76.283942,137.814905,76.588719,149.594218,78.460295,161.386639,81.259729,173.136762,83.955763,184.829280,85.887707,196.554257,87.474940,208.311144,87.958307,220.128346,86.010201,231.624119,80.352129,241.691613,70.964719,248.623655,59.723280,250.048925
Type06,L,255,59.948809,255.109982,48.128353,253.083675,38.874770,245.535623,32.541488,235.480964,28.384964,224.232830,25.975470,212.475684,24.389832,200.558104,22.766095,188.641675,20.307606,176.847547,17.409905,165.133300,14.169956,153.517182,10.961524,141.900025,7.939215,130.246362,5.175116,118.538387,2.848702,106.734028,1.032376,94.839054,0.027566,82.849583,0.189046,70.839814,1.752848,58.929150,4.443951,47.227952,8.352613,35.861426,13.350160,24.944563,19.782167,14.794543,27.840093,5.935374,38.391180,0.357132,50.307550,0.134435,61.641726,3.667652,70.520226,11.495790,75.869428,22.056020,79.420686,33.556670,82.441820,45.193345,84.785807,56.993139,85.974641,68.947949,85.845654,80.959543,84.683375,92.944780,82.848264,104.873769,80.589462,116.763432,78.619263,128.689129,77.524890,140.676668,77.884777,152.677670,79.806891,164.693315,82.627771,176.669804,85.298045,188.588412,87.181817,200.538692,88.739188,212.519435,89.199042,224.558571,87.231873,236.281910,81.549309,246.576360,71.993966,253.628326,60.824033,255.084816
Type06,L,260,60.710828,260.128824,48.684395,258.024374,39.340631,250.236210,32.973020,239.949046,28.841124,228.460890,26.439270,216.474973,24.811590,204.338441,23.135746,192.204261,20.626173,180.192020,17.691880,168.257748,14.421051,156.420842,11.167115,144.585205,8.097377,132.713474,5.276874,120.789296,2.899509,108.767709,1.052807,96.651877,0.030529,84.439980,0.199822,72.208095,1.813341,60.079371,4.576126,48.165768,8.577422,36.594440,13.661250,25.471032,20.180514,15.113348,28.345459,6.053880,39.095032,0.377582,51.225439,0.165671,62.752390,3.787308,71.693248,11.841967,77.012657,22.664416,80.515041,34.418847,83.564204,46.279168,85.979447,58.294967,87.203762,70.468504,87.039152,82.700769,85.840204,94.907414,83.994614,107.060778,81.747297,119.176356,79.812983,131.327693,78.765838,143.538431,79.180836,155.761121,81.153487,167.999991,83.995813,180.202846,86.640327,192.347545,88.475927,204.523126,90.003436,216.727726,90.439778,228.988795,88.453544,240.939700,82.746490,251.461106,73.023212,258.632998,61.924785,260.120706
Type06,L,265,61.472846,265.147666,49.240437,262.965074,39.806493,254.936798,33.404552,244.417128,29.297284,232.688949,26.903070,220.474262,25.233348,208.118778,23.505398,195.766847,20.944740,183.536493,17.973855,171.382196,14.672147,159.324502,11.372705,147.270384,8.255539,135.180585,5.378633,123.040205,2.950315,110.801390,1.073238,98.464701,0.033491,86.030378,0.210597,73.576377,1.873835,61.229591,4.708301,49.103584,8.802230,37.327453,13.972341,25.997501,20.578860,15.432152,28.850824,6.172386,39.798885,0.398032,52.143327,0.196907,63.863054,3.906964,72.866271,12.188144,78.155887,23.272812,81.609395,35.281023,84.686588,47.364991,87.173087,59.596795,88.432884,71.989060,88.232651,84.441995,86.997032,96.870049,85.140964,109.247786,82.905132,121.589280,81.006703,133.966257,80.006786,146.400194,80.476895,158.844572,82.500083,171.306667,85.363855,183.735889,87.982609,196.106677,89.770037,208.507560,91.267683,220.936018,91.680513,233.419020,89.675215,245.597491,83.943671,256.345853,74.052459,263.637669,63.025538,265.156596
Type06,L,270,62.234865,270.166508,49.796478,267.905773,40.272355,259.637385,33.836084,248.885210,29.753444,236.917009,27.366870,224.473551,25.655105,211.899115,23.875050,199.329432,21.263307,186.880966,18.255829,174.506644,14.923243,162.228162,11.578296,149.955563,8.413702,137.647697,5.480391,125.291115,3.001122,112.835071,1.093669,100.277525,0.036453,87.620775,0.221372,74.944658,1.934329,62.379812,4.840476,50.041400,9.027039,38.060467,14.283431,26.523970,20.977206,15.750956,29.356190,6.290893,40.502738,0.418482,53.061216,0.228143,64.973718,4.026620,74.039294,12.534320,79.299117,23.881208,82.703749,36.143200,85.808972,48.450814,88.366727,60.898624,89.662005,73.509616,89.426149,86.183221,88.153861,98.832683,86.287314,111.434795,84.062966,124.002204,82.200423,136.604821,81.247734,149.261957,81.772953,161.928024,83.846679,174.613343,86.731897,187.268931,89.324891,199.865810,91.064147,212.491995,92.531931,225.144309,92.921249,237.849244,90.896886,250.255281,85.140852,261.230600,75.081705,268.642340,64.126290,270.192486
Type06,L,275,62.996883,275.185350,50.352520,272.846473,40.738217,264.337972,34.267616,253.353292,30.209605,241.145069,27.830670,228.472841,26.076863,215.679452,24.244702,202.892018,21.581873,190.225439,18.537804,177.631091,15.174339,165.131821,11.783887,152.640742,8.571864,140.114808,5.582149,127.542024,3.051928,114.868752,1.114100,102.090349,0.039416,89.211173,0.232148,76.312940,1.994822,63.530032,4.972651,50.979216,9.251847,38.793480,14.594521,27.050439,21.375553,16.069761,29.861555,6.409399,41.206591,0.438932,53.979104,0.259379,66.084381,4.146276,75.212317,12.880497,80.442346,24.489603,83.798104,37.005376,86.931356,49.536636,89.560368,62.200452,90.891127,75.030172,90.619647,87.924446,89.310689,100.795318,87.433664,113.621804,85.220801,126.415128,83.394143,139.243385,82.488681,152.123720,83.069012,165.011475,85.193275,177.920019,88.099939,190.801973,90.667173,203.624943,92.358257,216.476429,93.796179,229.352600,94.161984,242.279469,92.118558,254.913071,86.338033,266.115347,76.110952,273.647012,65.227043,275.228377
Type06,L,280,63.758902,280.204192,50.908562,277.787172,41.204079,269.038559,34.699148,257.821374,30.665765,245.373128,28.294470,232.472130,26.498621,219.459789,24.614353,206.454604,21.900440,193.569912,18.819779,180.755539,15.425435,168.035481,11.989477,155.325922,8.730027,142.581920,5.683908,129.792933,3.102735,116.902433,1.134531,103.903172,0.042378,90.801570,0.242923,77.681221,2.055316,64.680253,5.104826,51.917032,9.476656,39.526494,14.905612,27.576908,21.773899,16.388565,30.366921,6.527905,41.910444,0.459382,54.896993,0.290615,67.195045,4.265931,76.385340,13.226674,81.585576,25.097999,84.892458,37.867553,88.053740,50.622459,90.754008,63.502280,92.120248,76.550728,91.813145,89.665672,90.467517,102.757952,88.580014,115.808812,86.378636,128.828053,84.587863,141.881949,83.729629,154.985483,84.365070,168.094926,86.539872,181.226695,89.467982,194.335015,92.009455,207.384075,93.652367,220.460864,95.060426,233.560892,95.402720,246.709693,93.340229,259.570862,87.535214,271.000093,77.140198,278.651683,66.327795,280.264267
Type07,L,230,60.764201,250.871914,49.165442,249.230269,39.221615,243.034719,32.213056,233.826035,27.643103,223.075753,24.490476,211.772234,22.261849,200.263367,20.661950,188.639097,19.133941,177.002244,17.289734,165.416805,14.902516,153.931679,11.985112,142.562377,8.752208,131.271805,5.677000,119.943659,3.143805,108.488150,1.108315,96.936763,0.125793,85.277664,0.615879,73.588978,2.680804,62.054728,5.841480,50.764910,9.947304,39.779941,14.823196,29.112191,20.448902,18.824577,27.757571,9.752077,37.455810,3.132887,48.861287,0.133438,60.441973,1.817611,69.456255,9.268836,75.874457,19.025269,79.845798,29.989293,82.632368,41.378256,84.544585,52.941931,86.204370,64.633365,87.201009,76.386389,86.669890,88.088970,85.046647,99.714870,83.547978,111.356508,83.182383,123.065649,83.456510,134.808855,83.425382,146.560114,83.290807,158.319760,83.513674,170.053749,83.914057,181.775916,84.547714,193.475650,85.304528,205.142151,85.852268,216.838526,84.699394,228.416633,80.135194,239.201733,72.816938,248.552230,61.350538,250.712256
Type07,L,235,61.657178,255.882268,49.838837,254.213720,39.760371,247.825612,32.729207,238.373158,28.141889,227.388963,24.972166,215.862641,22.701333,204.136318,21.069915,192.293344,19.511998,180.437928,17.634675,168.634314,15.198378,156.934448,12.227747,145.351257,8.933542,133.848821,5.799728,122.308171,3.221603,110.636744,1.141478,98.869529,0.136541,86.990318,0.633455,75.082335,2.732891,63.329938,5.928790,51.822305,10.070359,40.617667,14.991462,29.728208,20.652354,19.209923,28.052747,9.928579,37.918960,3.160442,49.543707,0.139003,61.327567,1.901644,70.407112,9.605857,76.836684,19.620263,80.881423,30.799763,83.748537,42.395644,85.727283,54.174138,87.434476,66.083710,88.410254,78.053929,87.806222,89.969656,86.118611,101.809551,84.596275,113.669463,84.265671,125.598966,84.598759,137.559994,84.578663,149.531634,84.416640,161.514864,84.636312,173.469362,85.053460,185.410685,85.761649,197.327075,86.591600,209.214642,87.138151,221.133213,85.950577,232.933147,81.364593,243.946240,73.967785,253.524807,62.281727,255.705736
Type07,L,240,62.550154,260.892623,50.512232,259.197171,40.299127,252.616504,33.245358,242.920282,28.640675,231.702174,25.453856,219.953048,23.140817,208.009269,21.477880,195.947591,19.890054,183.873611,17.979615,171.851823,15.494241,159.937218,12.470383,148.140136,9.114877,136.425838,5.922455,124.672682,3.299401,112.785339,1.174640,100.802295,0.147288,88.702973,0.651030,76.575692,2.784978,64.605148,6.016100,52.879699,10.193414,41.455394,15.159729,30.344225,20.855806,19.595270,28.347924,10.105080,38.382110,3.187997,50.226127,0.144568,62.213160,1.985676,71.357969,9.942878,77.798911,20.215256,81.917049,31.610233,84.864706,43.413032,86.909981,55.406346,88.664583,67.534055,89.619498,79.721468,88.942554,91.850342,87.190574,103.904232,85.644571,115.982418,85.348958,128.132282,85.741007,140.311134,85.731945,152.503155,85.542474,164.709969,85.758949,176.884976,86.192863,189.045454,86.975584,201.178499,87.878672,213.287132,88.424034,225.427900,87.201759,237.449660,82.593992,248.690746,75.118633,258.497384,63.212916,260.699216
Type07,L,245,63.443131,265.902977,51.185627,264.180622,40.837884,257.407397,33.761509,247.467406,29.139461,236.015385,25.935546,224.043455,23.580302,211.882219,21.885845,199.601839,20.268111,187.309294,18.324556,175.069333,15.790104,162.939988,12.713018,150.929016,9.296211,139.002855,6.045183,127.037194,3.377199,114.933934,1.207802,102.735061,0.158036,90.415627,0.668606,78.069049,2.837065,65.880358,6.103410,53.937094,10.316468,42.293120,15.327995,30.960242,21.059258,19.980616,28.643100,10.281582,38.845260,3.215553,50.908547,0.150132,63.098754,2.069709,72.308827,10.279898,78.761137,20.810249,82.952674,32.420703,85.980875,44.430420,88.092679,56.638554,89.894690,68.984400,90.828743,81.389008,90.078885,93.731029,88.262538,105.998913,86.692868,118.295373,86.432246,130.665599,86.883256,143.062273,86.885226,155.474675,86.668307,167.905074,86.881586,180.300589,87.332266,192.680223,88.189520,205.029924,89.165744,217.359623,89.709917,229.722587,88.452942,241.966174,83.823391,253.435252,76.269480,263.469962,64.144105,265.692696
Type07,L,250,64.336108,270.913332,51.859022,269.164073,41.376640,262.198289,34.277660,252.014530,29.638247,240.328595,26.417236,228.133863,24.019786,215.755170,22.293811,203.256086,20.646168,190.744977,18.669497,178.286842,16.085967,165.942758,12.955653,153.717896,9.477545,141.579871,6.167911,129.401706,3.454997,117.082528,1.240965,104.667827,0.168783,92.128281,0.686181,79.562407,2.889152,67.155568,6.190720,54.994489,10.439523,43.130847,15.496261,31.576259,21.262710,20.365962,28.938276,10.458084,39.308410,3.243108,51.590968,0.155697,63.984348,2.153742,73.259684,10.616919,79.723364,21.405242,83.988299,33.231173,87.097045,45.447808,89.275377,57.870761,91.124796,70.434746,92.037988,83.056548,91.215217,95.611715,89.334501,108.093595,87.741165,120.608327,87.515534,133.198915,88.025505,145.813413,88.038507,158.446195,87.794140,171.100179,88.004224,183.716202,88.471669,196.314992,89.403455,208.881348,90.452815,221.432113,90.995800,234.017274,89.704124,246.482687,85.052790,258.179759,77.420327,268.442539,65.075293,270.686176
Type07,L,255,65.229085,275.923686,52.532417,274.147524,41.915396,266.989181,34.793811,256.561653,30.137032,244.641806,26.898926,232.224270,24.459270,219.628120,22.701776,206.910333,21.024224,194.180660,19.014437,181.504351,16.381829,168.945528,13.198289,156.506776,9.658880,144.156888,6.290638,131.766218,3.532794,119.231123,1.274127,106.600593,0.179531,93.840935,0.703757,81.055764,2.941239,68.430778,6.278030,56.051884,10.562578,43.968573,15.664528,32.192276,21.466161,20.751309,29.233452,10.634585,39.771560,3.270663,52.273388,0.161262,64.869941,2.237774,74.210541,10.953940,80.685591,22.000235,85.023924,34.041643,88.213214,46.465195,90.458075,59.102969,92.354903,71.885091,93.247232,84.724088,92.351549,97.492401,90.406465,110.188276,88.789462,122.921282,88.598821,135.732232,89.167754,148.564552,89.191789,161.417715,88.919974,174.295283,89.126861,187.131815,89.611072,199.949761,90.617391,212.732773,91.739887,225.504604,92.281683,238.311961,90.955307,250.999201,86.282189,262.924265,78.571174,273.415116,66.006482,275.679656
Type07,L,260,66.122061,280.934041,53.205812,279.130975,42.454153,271.780074,35.309962,261.108777,30.635818,248.955016,27.380616,236.314677,24.898754,223.501071,23.109741,210.564581,21.402281,197.616343,19.359378,184.721861,16.677692,171.948297,13.440924,159.295656,9.840214,146.733904,6.413366,134.130730,3.610592,121.379718,1.307289,108.533359,0.190278,95.553589,0.721332,82.549121,2.993326,69.705988,6.365340,57.109278,10.685633,44.806300,15.832794,32.808293,21.669613,21.136655,29.528628,10.811087,40.234710,3.298218,52.955808,0.166827,65.755535,2.321807,75.161399,11.290960,81.647817,22.595229,86.059550,34.852113,89.329383,47.482583,91.640773,60.335177,93.585010,73.335436,94.456477,86.391628,93.487880,99.373088,91.478428,112.282957,89.837759,125.234237,89.682109,138.265548,90.310003,151.315692,90.345070,164.389236,90.045807,177.490388,90.249498,190.547428,90.750475,203.584530,91.831326,216.584197,93.026959,229.577094,93.567566,242.606648,92.206490,255.515715,87.511588,267.668771,79.722021,278.387693,66.937671,280.673136
Type07,L,265,67.015038,285.944395,53.879208,284.114426,42.992909,276.570966,35.826113,265.655901,31.134604,253.268227,27.862307,240.405084,25.338238,227.374022,23.517706,214.218828,21.780338,201.052026,19.704318,187.939370,16.973555,174.951067,13.683559,162.084535,10.021548,149.310921,6.536094,136.495242,3.688390,123.528312,1.340452,110.466125,0.201026,97.266243,0.738908,84.042478,3.045413,70.981198,6.452650,58.166673,10.808688,45.644026,16.001060,33.424309,21.873065,21.522002,29.823804,10.987588,40.697860,3.325774,53.638228,0.172391,66.641129,2.405839,76.112256,11.627981,82.610044,23.190222,87.095175,35.662583,90.445552,48.499971,92.823471,61.567384,94.815116,74.785781,95.665721,88.059168,94.624212,101.253774,92.550392,114.377638,90.886056,127.547192,90.765397,140.798865,91.452251,154.066831,91.498351,167.360756,91.171640,180.685493,91.372136,193.963041,91.889878,207.219299,93.045262,220.435621,94.314031,233.649584,94.853449,246.901335,93.457672,260.032228,88.740987,272.413278,80.872869,283.360270,67.868860,285.666616
Type07,L,270,67.908015,290.954750,54.552603,289.097877,43.531666,281.361859,36.342263,270.203025,31.633390,257.581438,28.343997,244.495492,25.777722,231.246972,23.925671,217.873075,22.158394,204.487709,20.049259,191.156879,17.269418,177.953837,13.926195,164.873415,10.202883,151.887937,6.658821,138.859754,3.766188,125.676907,1.373614,112.398891,0.211773,98.978897,0.756483,85.535836,3.097501,72.256408,6.539960,59.224068,10.931743,46.481752,16.169327,34.040326,22.076517,21.907348,30.118981,11.164090,41.161010,3.353329,54.320648,0.177956,67.526722,2.489872,77.063113,11.965002,83.572271,23.785215,88.130800,36.473053,91.561721,49.517359,94.006169,62.799592,96.045223,76.236126,96.874966,89.726708,95.760544,103.134461,93.622355,116.472320,91.934353,129.860147,91.848685,143.332181,92.594500,156.817970,92.651633,170.332276,92.297474,183.880598,92.494773,197.378654,93.029281,210.854068,94.259197,224.287046,95.601103,237.722075,96.139332,251.196022,94.708855,264.548742,89.970387,277.157784,82.023716,288.332847,68.800049,290.660095
Type07,L,275,68.800992,295.965104,55.225998,294.081328,44.070422,286.152751,36.858414,274.750148,32.132176,261.894648,28.825687,248.585899,26.217207,235.119923,24.333637,221.527323,22.536451,207.923392,20.394199,194.374388,17.565280,180.956607,14.168830,167.662295,10.384217,154.464954,6.781549,141.224265,3.843985,127.825502,1.406776,114.331657,0.222521,100.691552,0.774059,87.029193,3.149588,73.531618,6.627270,60.281462,11.054798,47.319479,16.337593,34.656343,22.279969,22.292694,30.414157,11.340591,41.624160,3.380884,55.003069,0.183521,68.412316,2.573905,78.013971,12.302022,84.534497,24.380208,89.166425,37.283523,92.677890,50.534747,95.188867,64.031800,97.275330,77.686471,98.084210,91.394247,96.896875,105.015147,94.694319,118.567001,92.982650,132.173102,92.931972,145.865498,93.736749,159.569110,93.804914,173.303796,93.423307,187.075702,93.617410,200.794268,94.168684,214.488837,95.473132,228.138470,96.888174,241.794565,97.425215,255.490709,95.960038,269.065255,91.199786,281.902290,83.174563,293.305425,69.731238,295.653575
Type07,L,280,69.693968,300.975459,55.899393,299.064779,44.609178,290.943643,37.374565,279.297272,32.630962,266.207859,29.307377,252.676306,26.656691,238.992873,24.741602,225.181570,22.914508,211.359076,20.739140,197.591898,17.861143,183.959377,14.411466,170.451175,10.565551,157.041971,6.904276,143.588777,3.921783,129.974096,1.439939,116.264423,0.233268,102.404206,0.791634,88.522550,3.201675,74.806828,6.714580,61.338857,11.177853,48.157205,16.505859,35.272360,22.483421,22.678041,30.709333,11.517093,42.087310,3.408439,55.685489,0.189086,69.297910,2.657937,78.964828,12.639043,85.496724,24.975201,90.202051,38.093993,93.794060,51.552135,96.371566,65.264007,98.505436,79.136816,99.293455,93.061787,98.033207,106.895833,95.766282,120.661682,94.030947,134.486056,94.015260,148.398815,94.878998,162.320249,94.958195,176.275317,94.549140,190.270807,94.740048,204.209881,95.308087,218.123606,96.687068,231.989895,98.175246,245.867056,98.711098,259.785396,97.211220,273.581769,92.429185,286.646797,84.325410,298.278002,70.662426,300.647055
