type, side, size, x1, y1, x2, y2, x3, y3, x4, y4, x5, y5, x6, y6, x7, y7, x8, y8, x9, y9, x10, y10, x11, y11, x12, y12, x13, y13, x14, y14, x15, y15, x16, y16, x17, y17, x18, y18, x19, y19, x20, y20, x21, y21, x22, y22, x23, y23, x24, y24, x25, y25, x26, y26, x27, y27, x28, y28, x29, y29, x30, y30, x31, y31, x32, y32, x33, y33
Type00, L, 240, 59.274717, 240.980748, 53.827730, 241.291538, 40.949049, 238.145669, 27.276678, 222.519665, 24.699210, 203.848155, 23.234197, 186.092762, 20.579220, 168.323831, 16.552033, 150.604864, 12.233447, 133.240647, 7.231010, 114.685433, 3.129276, 97.841802, 0.000000, 79.855429, 2.767149, 60.757162, 8.533042, 43.653319, 14.962144, 26.092731, 25.735879, 9.061502, 43.351026, 0.000000, 61.167546, 1.138853, 76.636663, 15.268045, 81.274937, 34.035949, 85.283599, 51.408069, 86.175314, 70.839625, 83.732484, 87.405432, 83.012159, 105.042580, 82.832326, 123.801924, 84.112948, 142.092475, 85.380766, 160.733514, 86.431218, 178.456749, 83.847871, 195.922308, 82.828472, 214.897751, 78.267816, 232.899132, 64.801355, 241.135993, 59.923596, 240.368692
Type00, L, 245, 59.934356, 246.419573, 53.481862, 246.886815, 40.443287, 241.897104, 30.487403, 224.143061, 24.527207, 206.619359, 20.945696, 187.253713, 17.616475, 170.230691, 13.629928, 151.725964, 9.487068, 133.856587, 5.707747, 116.312812, 1.362136, 97.159189, 0.000000, 79.138121, 2.520793, 60.676594, 7.849770, 42.543358, 14.964241, 24.602808, 27.261691, 7.756266, 44.749243, 0.000000, 64.721820, 2.452765, 77.837231, 18.757491, 81.612269, 36.745672, 86.172801, 54.942310, 86.493981, 73.327374, 85.330023, 91.332713, 83.217159, 110.279099, 82.319687, 129.097573, 85.138540, 146.912755, 86.808176, 165.329765, 85.433071, 183.752201, 85.274161, 202.202097, 85.013220, 221.011603, 79.332005, 239.760820, 65.891307, 246.974811, 60.048503, 245.835555
Type00, L, 255, 62.492238, 256.910343, 56.651264, 257.190783, 43.306073, 253.502027, 29.472097, 236.967277, 26.977676, 216.763249, 24.448864, 197.745938, 21.436159, 178.733243, 18.038724, 159.162231, 14.094032, 139.939482, 7.832222, 120.807610, 2.534560, 102.254776, 0.000000, 82.710574, 3.136237, 64.531365, 7.433001, 45.279827, 14.306343, 27.472247, 25.802747, 9.237175, 44.626900, 0.000000, 64.393487, 3.977612, 78.990849, 20.079366, 84.365568, 38.857869, 88.283840, 58.353835, 88.184749, 77.547136, 84.935155, 97.176003, 82.518700, 115.220883, 81.062703, 134.385269, 82.633089, 153.564214, 85.111671, 172.187728, 86.240419, 190.796299, 86.678519, 210.331225, 89.693319, 229.494337, 81.835785, 249.057625, 68.477631, 256.331911, 62.744615, 256.605033
Type00, L, 265, 68.831876, 265.358617, 62.683361, 266.290186, 47.920307, 265.285625, 32.424738, 249.015806, 27.587170, 228.561087, 23.625568, 208.453304, 20.350759, 188.768272, 16.832559, 168.887293, 12.210270, 149.076372, 6.775405, 129.011685, 2.483781, 109.338169, 0.000000, 89.351349, 1.476069, 69.461004, 6.293432, 49.908712, 14.341820, 31.424714, 24.100103, 12.307183, 41.847253, 0.000000, 63.503252, 0.263987, 79.718025, 15.958382, 86.557735, 35.841201, 90.682077, 55.306077, 93.554259, 75.678515, 90.331612, 95.116905, 86.401326, 115.388701, 86.496425, 135.674492, 88.464850, 155.305385, 89.811661, 175.132928, 90.765018, 194.866485, 92.730621, 214.083832, 92.405018, 235.079028, 87.998620, 254.442801, 75.745525, 264.895753, 68.716017, 264.859227
Type00, L, 270, 64.777246, 271.784641, 71.690398, 271.506323, 85.569224, 263.168372, 91.615442, 241.931168, 91.011590, 222.424258, 89.269128, 201.513206, 88.757968, 181.786940, 87.844546, 162.338881, 86.547900, 141.166837, 85.348481, 122.117285, 86.328514, 101.352708, 90.634068, 82.331395, 92.022501, 61.763314, 86.523440, 41.742714, 80.678613, 21.619664, 66.611823, 3.279395, 45.536044, 0.000000, 25.640879, 11.054151, 14.468928, 30.230226, 7.099341, 50.135213, 1.603429, 68.684402, 0.000000, 87.906285, 1.959985, 107.998219, 6.623253, 127.516115, 12.388309, 147.497513, 18.113255, 167.473146, 22.959129, 188.376792, 26.523539, 207.088536, 29.297049, 228.040277, 32.947353, 247.989595, 43.898306, 268.047169, 59.272368, 272.418894, 64.707671, 271.552658
Type00, L, 275, 62.742664, 277.015900, 56.475178, 277.121192, 41.598087, 271.267943, 30.334366, 251.510288, 26.988201, 232.024976, 24.335863, 210.771214, 21.247823, 191.233407, 16.505073, 170.568315, 11.891267, 150.408963, 7.054393, 130.193191, 2.888546, 109.922244, 0.000000, 89.226732, 2.173673, 68.504655, 9.098436, 48.500901, 16.568502, 28.350383, 28.875566, 9.171866, 49.350805, 0.000000, 71.278557, 4.691778, 84.856774, 24.136595, 89.936964, 43.705532, 93.987272, 64.240579, 95.049317, 84.848811, 92.556025, 105.721776, 89.612512, 126.112567, 91.271828, 146.411226, 94.292083, 167.493919, 94.577743, 188.157662, 94.145874, 208.471527, 94.921369, 228.959134, 93.326547, 249.817189, 84.420511, 271.006301, 69.643877, 277.427848, 63.289090, 276.527322
Type01, L, 230, 45.714036, 231.937427, 40.761744, 231.717043, 27.624690, 228.628492, 17.317700, 212.004206, 15.115491, 194.703287, 12.648612, 177.190924, 11.095931, 160.263181, 8.748203, 142.680247, 5.916231, 125.678347, 2.799504, 108.592100, 0.016270, 90.837345, 0.000000, 72.220498, 1.963053, 55.717914, 6.666863, 38.925990, 12.498726, 22.353832, 24.259405, 6.805299, 41.678424, 0.000000, 59.416325, 5.519654, 70.913341, 21.951108, 76.223639, 38.179250, 78.211772, 55.392156, 78.304751, 74.059476, 78.089107, 91.509779, 77.892320, 108.199942, 78.282062, 124.843675, 78.255039, 142.096384, 76.205718, 159.521204, 75.322998, 176.376690, 74.915967, 193.545325, 73.619055, 211.177234, 64.535747, 227.964439, 51.142470, 231.520638, 45.895086, 231.808752
Type01, L, 240, 53.614949, 241.676929, 48.311247, 241.609696, 34.937610, 239.752285, 21.931094, 224.330874, 19.054471, 205.573025, 17.295879, 187.776002, 15.343136, 169.726253, 11.644301, 151.363812, 8.049307, 133.793050, 4.389949, 115.622612, 1.636087, 97.850868, 0.000000, 78.737695, 0.924188, 60.634648, 4.336879, 42.810268, 10.979377, 25.675744, 21.590598, 8.723840, 39.295210, 0.000000, 57.253596, 3.245671, 72.519212, 17.542245, 78.677023, 35.387835, 81.075324, 53.926340, 80.413192, 70.627298, 80.089984, 89.883198, 80.178387, 108.091910, 80.265527, 126.869233, 80.690321, 145.035903, 80.655059, 162.769821, 80.633496, 181.293335, 79.953901, 198.933682, 78.931487, 217.713059, 71.883366, 235.095859, 59.539513, 241.877379, 53.442377, 241.083151
Type01, L, 250, 51.607651, 251.935349, 45.775107, 252.387746, 31.950170, 248.597276, 21.533297, 229.942820, 17.039451, 211.871321, 15.405100, 193.071997, 13.511303, 173.189176, 10.368072, 155.554310, 6.448978, 135.998760, 3.052324, 117.792674, 0.553556, 98.832106, 0.000000, 80.024531, 1.435258, 61.572853, 5.553033, 43.212027, 11.834598, 24.798479, 24.814316, 7.752046, 43.822710, 0.000000, 63.195076, 5.104967, 76.657745, 21.690262, 80.743263, 40.024867, 82.938318, 59.033294, 82.861638, 78.102935, 82.165470, 96.802855, 82.070888, 113.563960, 82.149919, 133.771901, 82.407589, 152.045349, 82.789743, 172.204598, 82.899253, 190.289345, 82.679616, 210.906755, 81.713176, 229.011045, 72.334761, 248.252185, 57.165246, 251.408260, 52.348428, 252.010917
Type01, L, 260, 59.980783, 261.443027, 53.236118, 261.684175, 39.427375, 258.315297, 27.034138, 240.207828, 23.153082, 220.455121, 19.903935, 201.049973, 16.480280, 182.117613, 12.645815, 163.052703, 8.416216, 143.126024, 4.675157, 124.343710, 1.693749, 105.477053, 0.000000, 85.916931, 1.931456, 66.812701, 8.575129, 47.377338, 15.551399, 29.318194, 26.446602, 10.506891, 44.917073, 0.000000, 65.059949, 1.899533, 78.932828, 19.040646, 84.756990, 38.421689, 88.242009, 57.966726, 87.941155, 77.241803, 86.285846, 96.244586, 83.968797, 115.755667, 84.948202, 136.102632, 87.193606, 154.600774, 87.815290, 174.425426, 88.049887, 194.844686, 87.580148, 214.879858, 87.473319, 234.650393, 80.692818, 254.179039, 65.825648, 261.318558, 60.244797, 260.856075
Type01, L, 280, 58.868328, 282.563166, 52.389583, 282.800024, 36.294812, 279.018664, 25.200320, 258.118224, 22.257583, 237.638653, 18.857549, 215.781692, 15.955373, 195.800112, 12.016557, 174.025249, 8.085940, 153.771236, 3.783199, 132.907192, 0.652685, 112.241700, 0.000000, 90.718083, 2.595974, 70.513024, 7.919989, 50.686008, 15.922814, 30.943702, 28.451312, 11.513310, 48.951608, 0.000000, 71.358689, 5.580178, 84.362609, 25.391625, 87.654505, 45.830123, 91.062927, 66.409345, 90.254143, 87.374424, 87.849570, 108.148444, 86.815170, 129.113298, 86.883003, 150.455779, 89.465612, 171.301046, 91.186558, 191.625647, 89.172358, 212.366995, 89.496175, 234.775100, 88.825075, 254.243515, 81.279704, 275.424131, 65.649996, 282.846258, 59.528753, 281.648944
Type01, L, 290, 60.186239, 292.596045, 53.477171, 293.027992, 37.397127, 288.530340, 25.596809, 266.898479, 23.943692, 246.021556, 19.376855, 223.948140, 16.944058, 203.109946, 14.146079, 180.868466, 10.145502, 160.418909, 5.120135, 137.875383, 1.267625, 116.463019, 0.000000, 94.327435, 2.263805, 72.473138, 8.079486, 51.132632, 17.013585, 30.527196, 30.173439, 11.194072, 51.139798, 0.000000, 73.743429, 5.809282, 86.949960, 26.410464, 90.318031, 47.981226, 95.110459, 68.597923, 93.512328, 92.171693, 91.723267, 112.000412, 91.753031, 133.926684, 92.439263, 156.666926, 93.548575, 177.682910, 94.213686, 199.179968, 94.399765, 221.437174, 93.039413, 241.713590, 90.732321, 263.853322, 83.719793, 285.364581, 66.892356, 292.935239, 60.883889, 291.867194
Type02, L, 230, 63.080827, 230.606588, 57.886271, 230.509403, 44.518430, 227.187444, 34.482741, 210.593933, 30.639992, 193.528552, 26.854349, 175.940235, 23.158572, 159.059029, 18.459266, 141.421362, 12.830995, 124.760252, 6.234497, 107.959363, 1.495556, 90.670569, 0.000000, 72.690654, 1.618183, 55.631617, 6.185841, 38.410237, 13.426854, 21.350895, 26.554698, 6.755327, 43.345109, 0.000000, 62.238570, 0.661811, 75.263857, 16.420578, 81.371930, 32.775506, 84.188579, 50.324450, 87.943875, 67.822739, 84.512892, 85.076752, 77.715794, 102.382507, 71.600841, 119.762302, 72.312914, 138.292512, 76.811275, 155.235594, 82.222827, 172.667263, 86.080735, 188.730102, 87.890096, 206.560421, 81.523988, 225.065397, 68.462474, 230.943858, 63.436871, 230.319794
Type02, L, 250, 65.324245, 251.620992, 71.382263, 252.053604, 85.450824, 244.805666, 89.173913, 225.315637, 86.976530, 206.675832, 81.097811, 188.926546, 75.139272, 170.195724, 71.622418, 152.182455, 70.228594, 132.630867, 76.662117, 114.371720, 85.636204, 95.722740, 89.378009, 77.197077, 86.465488, 58.253937, 82.953652, 39.734909, 79.132851, 21.031036, 66.177011, 3.351862, 45.355841, 0.000000, 27.305818, 9.546722, 13.949512, 26.051402, 6.495535, 44.510521, 0.741605, 62.740080, 0.000000, 81.686652, 3.427116, 99.378316, 8.299668, 117.427626, 13.788579, 135.822839, 19.631180, 155.178040, 24.857602, 173.178786, 28.906213, 192.095039, 32.164827, 211.711097, 35.611555, 228.966013, 44.718326, 248.437194, 59.520984, 252.549541, 64.865243, 251.337028
Type02, L, 260, 66.379869, 262.060175, 60.582527, 262.593691, 46.677367, 256.549833, 35.877545, 237.712150, 31.861627, 218.599936, 29.082548, 198.199794, 25.120379, 180.297253, 19.870786, 160.465884, 13.195425, 141.237479, 6.709302, 121.599797, 1.508388, 102.549163, 0.000000, 82.434301, 1.768675, 63.511645, 6.727584, 44.350904, 14.992695, 25.473616, 29.311299, 9.283336, 48.357966, 0.000000, 68.827055, 4.718956, 82.418552, 21.967728, 86.337664, 41.643463, 90.664898, 60.538919, 93.784005, 80.428030, 89.751491, 99.436884, 80.445336, 117.884809, 76.021291, 137.148670, 76.363412, 157.476434, 79.871269, 176.518593, 84.811173, 195.731228, 90.796167, 215.214770, 94.163947, 234.980695, 86.682507, 255.193259, 72.827212, 262.201729, 66.360809, 261.646558
Type02, L, 270, 69.094306, 272.126565, 62.345761, 272.491471, 47.394434, 267.166200, 36.453993, 247.462688, 33.350633, 227.382645, 28.991496, 206.659957, 23.761444, 186.863280, 18.706834, 166.668127, 13.608341, 147.232774, 7.239151, 127.527288, 2.392762, 108.191698, 0.000000, 87.299542, 2.081107, 67.027770, 7.850433, 46.876466, 17.427409, 27.721672, 31.766458, 9.844207, 51.301969, 0.000000, 73.551297, 4.700825, 86.152283, 23.931954, 90.765043, 43.987912, 93.807561, 63.564164, 97.679401, 84.777074, 92.353655, 105.091688, 81.802960, 124.292808, 77.880115, 144.722077, 79.755444, 164.967871, 83.547522, 185.578414, 89.372675, 204.520260, 94.866029, 224.309657, 97.594727, 244.811150, 90.708998, 265.968109, 74.534189, 272.334597, 69.805700, 271.595281
Type03, L, 230, 50.547666, 231.760389, 45.609545, 231.526925, 32.509927, 227.969515, 23.173330, 211.062312, 19.301473, 193.850298, 17.115530, 176.933196, 14.304900, 158.506216, 10.649057, 141.453694, 6.935084, 124.658376, 3.398824, 107.575294, 0.951328, 91.072945, 0.000000, 73.744110, 1.257899, 57.056369, 5.472025, 39.718683, 12.703209, 23.432335, 24.322541, 7.778247, 41.113200, 0.000000, 58.773206, 3.566881, 71.292195, 18.792682, 76.129977, 35.966605, 78.453256, 54.434418, 78.894899, 70.996296, 77.870359, 88.923118, 74.653792, 105.979052, 71.807917, 123.184684, 71.972341, 141.095228, 75.095603, 157.854840, 77.162010, 175.037092, 78.501415, 193.290517, 79.471011, 211.059873, 68.367609, 227.228188, 56.256124, 231.703024, 50.908620, 231.469068
Type03, L, 235, 53.513645, 236.828054, 48.022951, 236.925535, 35.197536, 234.665205, 23.569274, 218.620370, 19.564378, 201.335957, 17.211144, 183.620822, 15.227178, 165.704587, 12.011423, 148.426389, 7.777957, 130.565720, 4.083104, 113.715587, 0.974938, 95.384035, 0.000000, 78.103073, 1.259853, 59.757723, 4.597536, 42.339749, 11.549454, 25.363039, 22.604521, 9.885942, 38.971412, 0.000000, 57.809482, 3.749495, 70.789579, 18.660216, 76.823539, 35.897908, 79.208213, 53.392634, 80.114201, 71.269857, 79.377105, 89.279846, 77.301767, 106.890362, 75.473647, 124.933312, 75.138175, 143.172091, 76.049496, 161.738908, 77.707207, 179.232414, 79.645645, 196.114238, 80.327794, 213.873748, 71.903078, 230.784006, 59.609244, 237.259853, 53.491195, 236.265186
Type03, L, 245, 53.838189, 247.184143, 47.858162, 247.314797, 34.238697, 243.221059, 24.054835, 226.322523, 19.824217, 207.528765, 17.699473, 188.431241, 14.780195, 170.389573, 10.988339, 151.955059, 7.005048, 132.996512, 3.325958, 114.183301, 0.867341, 95.796891, 0.000000, 77.185566, 1.683233, 58.336594, 6.756901, 40.531608, 14.071158, 23.339988, 25.663654, 6.767486, 44.648962, 0.000000, 63.243237, 6.705097, 75.395078, 23.539805, 79.540335, 41.873916, 81.870042, 60.504668, 83.491854, 78.192463, 82.460024, 97.242268, 78.669739, 114.744714, 76.333584, 133.079093, 77.032155, 151.970048, 79.221720, 169.976899, 81.717431, 187.570009, 83.341223, 206.662785, 82.954458, 224.454681, 73.659506, 243.164536, 59.773817, 247.275435, 54.201961, 246.830135
Type03, L, 250, 52.558951, 252.172780, 46.896294, 252.048245, 32.575767, 248.153540, 22.343817, 229.877977, 19.587726, 211.904026, 16.496515, 192.516541, 13.855161, 173.552024, 10.535828, 154.202971, 7.100211, 135.130176, 4.265028, 117.068882, 1.417943, 97.322286, 0.000000, 78.705776, 0.820815, 60.504463, 5.553849, 41.068964, 13.339335, 23.530907, 27.154042, 6.405163, 45.141881, 0.000000, 64.555273, 7.269687, 76.231941, 25.290183, 80.296486, 43.407982, 83.723956, 63.007169, 83.673092, 81.174984, 82.628561, 99.066775, 79.786662, 118.531551, 79.112917, 136.565172, 79.793241, 154.873786, 80.155775, 173.252969, 80.711856, 191.986006, 82.112073, 211.213080, 82.168269, 228.746922, 73.022890, 248.120802, 58.232118, 252.057517, 53.668658, 252.013548
Type03, L, 255, 56.245502, 256.776970, 50.360557, 256.698650, 36.231613, 254.584387, 22.790240, 237.532240, 19.871926, 218.125024, 16.371685, 198.563386, 14.163818, 180.202429, 10.971641, 160.654074, 8.401697, 142.202233, 4.977182, 122.664964, 2.081272, 104.599927, 0.000000, 83.857735, 0.944341, 65.994633, 4.761464, 46.072573, 12.198319, 28.375152, 22.488804, 10.055036, 40.935880, 0.000000, 61.086556, 2.986600, 75.533742, 18.911832, 80.508109, 38.259569, 84.062993, 57.773105, 84.229827, 77.629408, 83.318643, 96.733676, 81.133773, 116.379321, 79.805171, 136.217774, 79.462912, 154.891701, 80.725594, 174.768855, 82.240999, 194.245050, 84.252748, 212.315932, 84.194560, 231.855812, 76.188287, 251.209948, 62.108107, 256.469854, 56.090629, 256.620812
Type03, L, 260, 54.286792, 262.342790, 47.806445, 261.968515, 34.193747, 257.605177, 22.315782, 238.962272, 21.195063, 219.208237, 19.327895, 200.125870, 16.366041, 180.584347, 12.698305, 160.599995, 9.030626, 140.578692, 5.046132, 120.374068, 1.342730, 100.205901, 0.000000, 80.417055, 2.020586, 61.215683, 7.928873, 42.567812, 15.772778, 24.278123, 28.665767, 6.955062, 48.377040, 0.000000, 68.350743, 6.442969, 79.330833, 25.780463, 83.858501, 44.457065, 85.803417, 64.357189, 85.269025, 83.571516, 84.063583, 102.585243, 82.591839, 121.672541, 81.539403, 141.613279, 81.716023, 161.029069, 82.551981, 180.114050, 84.108844, 199.550374, 85.109647, 218.482309, 86.331587, 238.527773, 74.865120, 256.578494, 60.878127, 262.169262, 54.405922, 261.999429
Type03, L, 265, 52.033993, 266.997558, 46.062348, 266.911139, 31.257196, 262.310744, 20.202151, 244.403065, 18.451665, 223.460334, 16.339550, 204.428738, 14.179226, 183.393524, 11.171796, 164.739498, 7.822051, 144.005584, 4.557616, 124.393606, 1.612108, 104.515413, 0.000000, 85.217531, 1.440268, 65.088302, 6.625101, 45.355044, 14.517593, 27.805429, 25.308053, 7.815978, 45.039132, 0.000000, 66.935776, 4.482048, 78.442933, 23.337798, 82.574158, 42.723866, 86.745860, 63.178599, 87.382427, 84.110691, 87.165883, 103.556081, 85.262008, 123.911986, 83.052447, 143.987471, 82.170873, 164.013223, 82.702341, 183.365688, 83.996985, 204.150119, 84.098827, 223.366648, 84.365715, 243.592784, 73.724865, 261.761938, 58.299037, 267.046922, 52.604080, 266.444012
Type03, L, 270, 58.906612, 272.310293, 52.648228, 272.747628, 36.734222, 268.215198, 26.704443, 248.310902, 22.847657, 227.644060, 19.684023, 207.506736, 16.937524, 186.861798, 12.441086, 166.336130, 8.689882, 146.204728, 4.354023, 126.873889, 1.356773, 107.063450, 0.000000, 86.478445, 0.284602, 67.225106, 5.903708, 46.017545, 14.291120, 27.503854, 27.096047, 7.920991, 46.784156, 0.000000, 68.632520, 6.287441, 78.687513, 26.721877, 84.342446, 46.145192, 87.683397, 66.754215, 88.063426, 85.880501, 87.070839, 105.561520, 85.594588, 126.342859, 84.808703, 147.680255, 84.625236, 165.084829, 85.479453, 185.608659, 87.273213, 206.463448, 87.782296, 226.874111, 88.303494, 245.403393, 81.877678, 267.630225, 65.127267, 271.845411, 60.068608, 272.549001
Type03, L, 275, 58.354914, 277.762515, 51.891648, 278.195908, 35.950466, 272.688012, 26.544753, 253.494620, 22.234157, 231.476221, 19.415683, 210.962290, 16.805303, 190.474243, 12.428472, 169.246071, 8.109821, 148.529366, 4.135381, 129.473370, 1.104361, 108.976546, 0.000000, 89.012989, 1.117147, 67.843965, 5.914515, 48.108646, 12.690429, 28.556751, 24.838589, 8.990282, 44.998612, 0.000000, 66.374122, 7.406106, 78.482562, 26.395866, 83.705406, 47.526243, 87.896004, 66.767713, 89.511263, 86.610051, 89.237860, 108.644293, 86.672266, 127.761338, 83.773018, 149.370302, 83.885415, 169.491745, 86.510769, 190.769184, 87.453123, 211.392420, 89.172399, 232.413296, 89.804207, 252.527282, 80.392015, 272.541316, 64.452178, 278.064172, 59.166322, 277.436693
Type03, L, 280, 65.942941, 280.314916, 73.009705, 279.930553, 86.509129, 269.597273, 91.269129, 248.447586, 89.553098, 227.803558, 89.191619, 206.751923, 87.580038, 185.714718, 86.037039, 164.383586, 85.695477, 143.113820, 88.750680, 121.973104, 90.806493, 101.655230, 90.048870, 80.379421, 87.610003, 58.701441, 83.515072, 38.071385, 78.470955, 16.641375, 60.252984, 0.500969, 38.474668, 0.000000, 19.645317, 14.592117, 10.103626, 34.851415, 3.401965, 55.549382, 0.314032, 75.452224, 0.000000, 96.426295, 2.040410, 117.186443, 6.209739, 140.597350, 10.683043, 159.481474, 15.187381, 180.779652, 18.979469, 199.442059, 21.328467, 222.693139, 23.385221, 241.413720, 28.468153, 262.906275, 44.172830, 281.100782, 59.711203, 281.189578, 65.462349, 280.967045
Type04, L, 230, 55.083133, 231.518630, 50.096212, 231.631204, 36.358413, 230.093236, 24.397641, 213.896775, 22.309888, 195.806052, 19.353755, 178.654293, 16.360818, 160.878241, 12.701582, 143.597006, 8.972950, 126.222183, 5.215910, 109.298145, 1.498587, 91.729682, 0.000000, 74.213572, 1.895344, 56.494953, 6.975748, 39.031602, 14.336154, 22.436936, 26.511242, 6.707569, 43.971775, 0.000000, 61.816929, 3.077818, 76.821878, 16.354605, 81.543476, 34.425136, 82.812044, 51.747100, 80.975726, 69.871806, 78.942568, 87.217148, 77.890613, 104.394058, 76.535316, 121.950630, 77.989135, 139.492948, 80.287658, 156.681907, 81.516990, 173.972058, 82.393258, 191.831473, 82.168893, 208.693034, 74.245237, 227.114779, 60.558432, 230.625250, 55.842251, 231.505047
Type04, L, 235, 56.073929, 236.526888, 50.570552, 236.788805, 37.260661, 234.537384, 25.796293, 217.664751, 21.321402, 201.522207, 18.916584, 183.200833, 16.462377, 166.205009, 12.673426, 148.240462, 8.836550, 130.477557, 5.056794, 112.975549, 1.698320, 95.094178, 0.000000, 77.259659, 1.108613, 59.675517, 5.385021, 42.185716, 12.279790, 25.075927, 23.745769, 8.783161, 41.018101, 0.000000, 59.801080, 2.651180, 74.195732, 16.935071, 80.087640, 34.198381, 82.678669, 51.359629, 82.913674, 69.585242, 81.119300, 87.413316, 78.832161, 105.600502, 77.179436, 123.957459, 77.804431, 142.095408, 79.472470, 159.849354, 81.721694, 177.379780, 83.044601, 196.165005, 82.214811, 213.659401, 74.592217, 231.964145, 60.957174, 236.408863, 56.678594, 236.310134
Type04, L, 240, 58.696791, 241.274921, 52.875274, 240.714058, 39.425239, 237.358271, 27.418155, 221.376138, 23.317074, 202.337622, 20.527831, 184.283887, 17.350386, 166.251807, 13.803573, 148.906068, 10.154286, 130.765112, 6.429146, 112.654481, 3.020852, 94.822928, 0.000000, 76.839883, 0.611222, 59.038037, 6.549672, 41.192177, 13.419662, 23.731954, 25.010675, 7.322053, 43.525783, 0.000000, 61.832449, 1.981727, 76.251128, 18.255838, 81.895336, 35.582748, 84.405460, 54.571663, 84.526159, 71.906101, 83.059857, 90.236640, 80.336363, 108.253050, 78.788258, 126.589805, 79.471039, 144.118194, 81.778408, 162.848432, 83.012406, 179.666633, 83.548416, 198.688375, 85.435900, 215.702140, 76.165615, 233.406055, 65.609714, 241.225784, 58.436637, 240.781213
Type04, L, 245, 58.735078, 246.589987, 53.052467, 246.702013, 38.654853, 243.587940, 27.706598, 226.616557, 24.306064, 208.539986, 21.913669, 189.833389, 18.989742, 171.592506, 14.968412, 153.298650, 10.554914, 134.740010, 6.354956, 117.004344, 2.234322, 98.686739, 0.000000, 79.677587, 1.629032, 61.368540, 6.978258, 43.446213, 12.892557, 25.144571, 24.433659, 7.937974, 43.051051, 0.000000, 61.621906, 3.291132, 76.976652, 18.670539, 81.854367, 36.778844, 87.720330, 54.412729, 85.812867, 73.335985, 83.212019, 92.430730, 80.307173, 110.009639, 80.151749, 129.090666, 81.049642, 147.311436, 82.835174, 166.251254, 84.979940, 185.429990, 86.221219, 204.004576, 87.253727, 222.077231, 77.931792, 240.876427, 64.249406, 245.761407, 59.355755, 246.362316
Type04, L, 250, 62.032719, 251.615380, 56.171328, 251.863440, 42.355660, 247.896941, 29.352179, 230.423263, 25.533929, 211.491482, 23.673529, 191.002321, 19.964284, 172.341695, 15.420170, 153.649798, 10.540108, 135.588046, 5.812154, 116.883058, 1.978485, 98.415166, 0.000000, 78.502938, 2.254462, 59.696104, 8.472379, 41.235647, 15.147990, 22.658452, 29.049075, 6.279816, 47.570609, 0.000000, 67.013598, 4.177222, 81.013623, 20.397080, 87.900351, 39.002845, 90.655838, 57.570889, 90.035245, 76.791696, 87.585423, 95.147649, 84.862550, 113.916147, 83.438797, 133.460672, 84.144797, 151.997976, 87.288873, 172.500672, 88.267537, 189.384353, 90.332828, 208.651308, 90.491518, 227.501190, 82.322647, 246.346893, 67.373726, 251.591589, 62.500021, 251.224097
Type04, L, 260, 59.095816, 261.708536, 53.158436, 261.467647, 38.079307, 256.805763, 28.575589, 237.457673, 25.277232, 218.273211, 22.391926, 198.805712, 19.144910, 179.067019, 15.033596, 159.819748, 10.361205, 140.645758, 6.096480, 121.097662, 1.752613, 101.818192, 0.000000, 82.368306, 2.258305, 62.949010, 8.459437, 43.759283, 14.927832, 24.717379, 28.338909, 6.869074, 47.611755, 0.000000, 67.870913, 4.273833, 81.054914, 22.532000, 87.137639, 41.319707, 90.567326, 60.436954, 89.294468, 80.309985, 86.170818, 99.320397, 83.317929, 118.767727, 82.351282, 138.247487, 83.550479, 158.385378, 85.562040, 178.651393, 88.077989, 197.600731, 90.066013, 218.361144, 90.008923, 238.015796, 79.690566, 257.313773, 64.871674, 262.279841, 59.774034, 261.116112
Type04, L, 265, 60.077926, 266.892174, 54.412405, 267.069114, 38.935155, 263.708137, 28.207865, 244.489756, 24.479825, 224.292108, 21.955271, 204.351461, 19.176732, 183.736191, 15.068089, 164.286718, 10.780747, 144.223033, 6.397246, 125.028964, 2.495363, 104.940630, 0.000000, 85.545673, 1.894197, 65.168051, 7.658669, 45.989412, 14.134462, 26.611694, 26.310222, 7.680859, 46.352278, 0.000000, 67.292137, 4.447258, 81.632639, 22.561215, 86.464700, 42.516108, 91.024199, 61.523478, 90.455006, 81.524956, 87.775273, 101.019297, 85.640011, 120.655292, 84.412700, 141.064643, 84.917995, 160.526903, 86.997575, 180.408314, 89.399282, 200.328785, 90.965218, 220.719088, 90.005552, 240.973122, 82.082545, 261.887995, 66.449194, 267.002811, 60.781878, 266.488745
Type04, L, 270, 63.128461, 272.047478, 56.542675, 272.461572, 41.205400, 268.733986, 29.249619, 249.534648, 26.374782, 229.790142, 22.659775, 209.077586, 19.534224, 189.100439, 15.456867, 168.762990, 11.110864, 148.731040, 6.871820, 128.432132, 1.994922, 107.626474, 0.000000, 87.687810, 3.670435, 67.730550, 7.147959, 47.182434, 14.473992, 27.528659, 28.640682, 9.101130, 48.020935, 0.000000, 70.140522, 4.073635, 83.316815, 22.404282, 89.562446, 41.948482, 92.877275, 62.444686, 91.110334, 82.672868, 87.834035, 103.244723, 85.777675, 122.943095, 84.721650, 142.640920, 85.403322, 163.388912, 87.893165, 183.562104, 90.650959, 203.174821, 92.491742, 224.548727, 91.481492, 243.450113, 84.717498, 264.790250, 69.626615, 272.198039, 63.464019, 271.404429
Type04, L, 280, 64.406868, 281.781758, 57.662276, 281.899559, 41.457867, 278.666262, 29.670579, 258.477983, 25.293589, 237.544707, 22.185065, 216.069634, 19.234024, 195.332174, 14.695394, 174.085068, 10.395458, 154.012309, 6.168015, 133.502920, 2.367567, 113.171913, 0.000000, 91.058813, 1.442721, 70.026053, 7.783634, 49.296866, 14.516005, 29.157283, 27.339207, 9.077089, 48.050233, 0.000000, 70.430814, 3.390476, 85.145760, 22.884367, 91.997026, 43.219642, 94.736799, 63.239491, 93.944122, 85.214525, 91.688490, 105.207170, 89.204592, 126.594970, 87.461434, 147.381367, 87.675775, 168.150982, 89.913483, 189.927856, 92.287981, 210.360210, 94.559140, 231.418833, 94.140400, 253.559777, 87.476543, 273.981169, 71.376871, 281.790820, 65.005547, 281.136464
Type05, L, 240, 55.229877, 241.920262, 49.697671, 242.185236, 35.803235, 237.984361, 26.428050, 220.875778, 22.835720, 202.773143, 20.199629, 184.578381, 18.986635, 165.148821, 16.123314, 147.224891, 10.509483, 129.718953, 3.628535, 113.004959, 0.000000, 94.719876, 0.552115, 76.063768, 4.222557, 58.247734, 10.349277, 40.477796, 18.077402, 23.104220, 30.977550, 7.665407, 48.466968, 0.000000, 68.855319, 4.932131, 75.204648, 24.356985, 81.380115, 40.876470, 84.507847, 58.313248, 82.255718, 76.348220, 77.383677, 94.284831, 71.852008, 112.043728, 70.189262, 130.221835, 72.383736, 147.903660, 75.921056, 165.541348, 80.475013, 183.231179, 84.152486, 201.047188, 83.154528, 218.922968, 74.438528, 237.325186, 60.589299, 241.573623, 55.852838, 241.957176
Type05, L, 260, 58.254244, 262.117550, 52.665306, 262.329169, 38.284212, 256.112795, 30.579021, 236.462220, 26.352452, 218.307628, 23.823112, 197.264875, 22.231213, 178.688545, 18.878467, 158.833493, 12.670075, 139.380150, 6.352355, 121.100709, 0.996043, 101.726013, 0.000000, 81.560350, 2.799969, 63.393733, 8.907507, 43.896893, 16.335206, 25.342215, 28.222178, 6.929785, 47.569146, 0.000000, 67.736267, 6.048897, 77.991153, 25.596538, 82.898141, 44.470000, 87.707890, 63.915003, 87.310919, 84.573888, 83.540520, 103.273896, 78.530843, 122.695463, 74.966301, 140.851845, 75.770225, 160.995794, 79.489502, 180.748466, 83.798117, 199.295897, 87.530149, 218.572256, 87.719604, 237.132686, 79.479940, 257.182945, 64.751247, 262.329074, 58.505049, 261.883619
Type05, L, 280, 64.474106, 282.301537, 71.118564, 282.306668, 86.405845, 274.626644, 94.351258, 253.254514, 91.989497, 232.769452, 88.551260, 211.900061, 84.060560, 191.363190, 80.012689, 171.166842, 79.229343, 149.528585, 82.686625, 128.857728, 88.873596, 108.263824, 93.480618, 88.089214, 92.826976, 66.116954, 86.864994, 45.440743, 83.395840, 25.783593, 71.635427, 4.508542, 48.665047, 0.000000, 28.125780, 10.428478, 16.132159, 30.687258, 8.308660, 50.728241, 2.541620, 71.464531, 0.000000, 92.526357, 1.672625, 114.061421, 7.057508, 133.955238, 14.079861, 153.960381, 19.749899, 174.873829, 23.580562, 196.071381, 25.820193, 216.974711, 28.010803, 236.201525, 31.760721, 256.711569, 42.294071, 277.248518, 58.227946, 283.038611, 64.099008, 281.960749
Type05, L, 290, 68.150735, 292.262024, 62.002963, 293.133420, 45.554091, 287.908158, 34.189267, 266.693812, 29.455245, 245.716754, 25.796599, 224.012148, 23.692811, 202.177641, 20.489524, 180.290080, 14.588433, 159.370666, 7.116934, 137.592005, 1.427243, 116.195064, 0.000000, 95.262687, 2.663068, 72.336473, 8.762386, 51.960943, 16.269094, 30.742619, 29.150566, 10.487873, 50.366299, 0.000000, 72.908991, 5.253031, 87.076820, 25.964261, 91.414875, 46.560866, 96.743464, 68.431350, 98.530602, 89.909813, 93.880470, 111.228896, 87.206782, 132.478482, 82.848558, 153.143106, 83.320043, 177.831007, 87.721548, 198.567346, 92.630332, 220.002176, 97.189726, 241.388009, 98.486370, 263.684046, 91.792401, 284.828782, 74.425945, 292.511227, 68.607196, 291.680451
Type06, L, 230, 52.106350, 232.044705, 46.779205, 231.672120, 34.063548, 226.913420, 24.630341, 210.272568, 21.281582, 193.829346, 19.472218, 175.604568, 16.794231, 159.570670, 12.556027, 141.573969, 8.310315, 125.114265, 4.198449, 107.706359, 0.982615, 90.877569, 0.000000, 72.894933, 2.067350, 55.769937, 6.897016, 38.367532, 13.382553, 21.565394, 25.663001, 6.046729, 43.180105, 0.000000, 61.353495, 6.551439, 71.596872, 22.556831, 76.387291, 39.227386, 80.167186, 55.551892, 80.473313, 73.985271, 79.368481, 90.004659, 77.070880, 107.925794, 75.244180, 124.750470, 74.740227, 142.542537, 76.420862, 159.985025, 79.059638, 177.312766, 80.338405, 193.980450, 80.548852, 211.782365, 70.928905, 228.740007, 57.314124, 231.919079, 52.480480, 231.915153
Type06, L, 240, 54.189817, 241.456052, 48.385215, 241.261118, 34.927747, 236.550906, 26.037557, 219.457103, 21.988671, 201.517592, 18.926148, 184.298135, 16.176759, 166.198430, 12.514618, 148.075456, 8.676869, 131.914096, 3.792224, 113.987080, 0.389682, 95.855510, 0.000000, 78.207541, 1.682344, 61.601191, 6.182691, 43.667083, 12.299199, 26.567279, 22.728936, 9.336436, 39.839585, 0.000000, 59.266545, 2.655375, 72.042600, 19.156375, 78.003391, 36.348904, 81.316069, 53.797874, 81.845466, 72.504328, 80.734735, 90.013703, 78.291393, 108.947853, 76.155766, 126.972102, 75.949560, 145.496728, 77.588915, 163.707635, 79.775939, 181.799411, 82.109670, 200.725803, 81.330387, 218.049992, 72.690965, 236.671693, 59.519990, 241.336829, 54.688869, 241.237431
Type06, L, 250, 55.379309, 252.381118, 49.446401, 252.614529, 36.262731, 247.255643, 25.629165, 229.578860, 20.757304, 211.553653, 18.994615, 192.486523, 16.063679, 173.834872, 12.093148, 154.449114, 7.961338, 136.849466, 3.761896, 118.714888, 0.797359, 99.225848, 0.000000, 81.612434, 1.619713, 62.323791, 6.436246, 43.954007, 13.925931, 26.220484, 25.785059, 8.684341, 44.234140, 0.000000, 64.046693, 6.083250, 74.893018, 24.083873, 80.795469, 41.680427, 83.872961, 61.368777, 85.392361, 79.616476, 84.146178, 98.107202, 80.756368, 117.279428, 79.809494, 135.075311, 79.928185, 154.882147, 81.294301, 173.303607, 82.952764, 191.925015, 85.194721, 211.631649, 84.903763, 229.505918, 75.655054, 248.177782, 60.952170, 252.331883, 55.808779, 252.220638
Type06, L, 270, 61.218253, 272.238117, 55.321657, 272.584218, 39.616571, 268.775208, 28.278345, 249.382315, 24.787618, 230.590518, 21.492087, 209.847544, 18.945385, 190.172669, 15.701772, 169.914886, 10.529903, 149.780423, 5.205738, 130.107918, 0.796795, 110.069371, 0.000000, 88.953089, 2.168571, 69.079316, 7.282309, 49.167143, 13.881442, 29.763926, 25.511967, 10.420472, 45.672685, 0.000000, 66.703131, 4.826925, 79.819279, 24.191619, 86.231643, 43.178453, 89.553278, 64.035701, 89.935081, 85.485443, 88.043320, 105.391032, 85.490730, 125.242313, 83.135147, 144.975253, 82.773582, 164.948645, 84.769965, 185.655863, 87.293314, 205.615701, 89.686649, 225.025251, 89.981104, 244.726719, 82.208447, 265.137199, 67.387954, 272.223899, 61.704717, 271.665250
Type06, L, 280, 64.577032, 282.223509, 58.405393, 282.111824, 42.729696, 279.289791, 28.943589, 259.112121, 25.728015, 239.338587, 22.629993, 217.641669, 20.589315, 197.368979, 16.710113, 175.814262, 12.249851, 156.557203, 6.338524, 134.430578, 1.593707, 114.471459, 0.000000, 93.115338, 3.266960, 72.273567, 7.391603, 51.634285, 13.401115, 32.133111, 25.611507, 12.423301, 45.178426, 0.000000, 67.890758, 4.453362, 82.379298, 24.301326, 89.064062, 43.849673, 92.267550, 64.274323, 93.641771, 85.158081, 92.603801, 106.119993, 89.616941, 126.656950, 86.867277, 148.638244, 86.723218, 168.405126, 88.279132, 189.581779, 90.606624, 210.644478, 92.907673, 231.780003, 93.898292, 252.827751, 86.550457, 274.010416, 71.908103, 282.393702, 64.758736, 281.579983
Type07, L, 250, 59.760881, 251.397276, 54.006415, 251.343359, 39.591217, 248.346014, 27.829852, 231.074529, 24.380295, 212.283176, 20.544235, 193.963192, 18.482782, 174.780192, 15.046785, 155.884746, 10.376062, 138.298348, 5.404009, 120.011421, 1.637335, 102.227386, 0.000000, 82.605870, 2.327622, 64.303223, 7.808403, 45.719660, 15.916245, 28.026245, 27.095861, 10.269021, 44.926333, 0.000000, 64.481916, 1.971570, 79.094577, 18.010023, 84.015025, 37.156326, 85.487405, 54.554936, 86.850348, 74.041431, 85.740190, 93.361737, 82.704600, 110.850000, 83.265625, 130.522849, 83.431826, 151.586542, 83.531060, 168.842501, 84.406130, 187.100782, 86.342742, 206.597528, 87.004506, 225.626843, 79.622518, 244.570042, 66.037361, 251.804283, 60.412703, 250.660321
Type07, L, 270, 62.324331, 271.279051, 56.315037, 271.959885, 41.494012, 267.304882, 29.356415, 248.296262, 25.531194, 227.459256, 23.867560, 208.126792, 20.426126, 188.046443, 16.481475, 167.639543, 11.806645, 147.936506, 7.169570, 128.213144, 2.128322, 108.416808, 0.000000, 86.937732, 3.430813, 67.677167, 10.225581, 47.670856, 17.845367, 28.893714, 30.718897, 9.373228, 49.617501, 0.000000, 72.347397, 1.855874, 84.988271, 20.937004, 88.454108, 40.726891, 92.427283, 61.634902, 91.256648, 81.056278, 90.276607, 101.359114, 89.258204, 121.567938, 89.158208, 141.914043, 89.522275, 162.726995, 90.402993, 183.346826, 91.413986, 203.161162, 91.705128, 223.460149, 92.003593, 244.659492, 83.898783, 264.141738, 68.567212, 271.791054, 63.258879, 270.348028
Type07, L, 280, 63.193427, 281.627994, 57.465319, 281.519438, 40.991100, 277.663007, 29.366117, 257.625590, 26.136434, 237.282062, 23.987919, 215.374253, 20.681522, 194.966429, 16.663349, 173.936626, 12.022078, 153.137884, 7.338411, 132.615690, 2.143286, 112.144813, 0.000000, 91.046614, 3.619164, 69.978102, 10.529727, 49.794220, 17.185932, 29.196505, 30.902047, 9.532727, 50.435687, 0.000000, 73.088122, 2.857971, 86.227549, 23.135282, 91.513092, 43.411122, 94.336336, 64.756086, 93.568787, 85.297330, 91.858532, 106.118075, 89.516604, 126.857248, 88.763944, 147.953506, 87.857228, 168.919662, 88.904617, 191.237807, 91.953361, 211.863946, 93.849172, 233.634683, 94.229125, 253.731584, 86.085349, 276.079264, 70.370660, 281.938962, 63.492290, 281.153779
