type,side,size,x1,y1,x2,y2,x3,y3,x4,y4,x5,y5,x6,y6,x7,y7,x8,y8,x9,y9,x10,y10,x11,y11,x12,y12,x13,y13,x14,y14,x15,y15,x16,y16,x17,y17,x18,y18,x19,y19,x20,y20,x21,y21,x22,y22,x23,y23
Type00, L,230,57.090750,234.064368,49.788027,235.182858,28.919628,225.873164,23.565249,198.427432,22.162077,172.992004,16.264485,147.874710,9.961010,121.754620,2.712854,97.194528,0.000000,70.428012,8.629183,44.977830,17.850384,19.377770,40.837925,0.000000,69.439905,8.380653,79.245215,35.777352,83.580660,61.911443,80.726542,87.344783,79.570590,112.470863,80.530214,139.740154,83.815497,165.933245,80.599077,190.852328,80.110866,218.356769,67.451456,233.890321,56.581147,233.950779
Type00, L,235,58.331853,239.152724,50.870376,240.295529,29.548315,230.783450,24.077537,202.741072,22.643862,176.752699,16.618061,151.089377,10.177553,124.401459,2.771829,99.307452,0.000000,71.959056,8.816774,45.955609,18.238436,19.799026,41.725706,0.000000,70.949468,8.562841,80.967937,36.555120,85.397631,63.257344,82.481467,89.243582,81.300386,114.915881,82.280871,142.777984,85.637573,169.540490,82.351231,195.001291,81.852406,223.103656,68.917792,238.974893,57.811172,239.036665
Type00, L,240,59.572956,244.241080,51.952724,245.408200,30.177003,235.693736,24.589825,207.054712,23.125646,180.513395,16.971637,154.304045,10.394097,127.048299,2.830804,101.420377,0.000000,73.490100,9.004365,46.933388,18.626488,20.220282,42.613487,0.000000,72.459031,8.745029,82.690659,37.332889,87.214602,64.603245,84.236392,91.142382,83.030181,117.360900,84.031528,145.815813,87.459649,173.147734,84.103385,199.150255,83.593947,227.850542,70.384128,244.059465,59.041197,244.122552
Type00, L,245,60.814059,249.329436,53.035072,250.520871,30.805691,240.604022,25.102113,211.368352,23.607430,184.274091,17.325213,157.518713,10.610641,129.695139,2.889779,103.533302,0.000000,75.021144,9.191956,47.911167,19.014540,20.641538,43.501268,0.000000,73.968594,8.927217,84.413381,38.110658,89.031573,65.949146,85.991317,93.041182,84.759976,119.805919,85.782185,148.853642,89.281725,176.754978,85.855539,203.299219,85.335488,232.597428,71.850464,249.144037,60.271222,249.208438
Type00, L,250,62.055163,254.417792,54.117421,255.633542,31.434378,245.514308,25.614401,215.681992,24.089215,188.034786,17.678789,160.733380,10.827184,132.341978,2.948754,105.646226,0.000000,76.552188,9.379547,48.888946,19.402592,21.062794,44.389049,0.000000,75.478157,9.109405,86.136103,38.888426,90.848544,67.295047,87.746242,94.939981,86.489772,122.250938,87.532842,151.891472,91.103801,180.362223,87.607693,207.448182,87.077028,237.344315,73.316800,254.228609,61.501247,254.294325
Type00, L,255,63.296266,259.506147,55.199769,260.746213,32.063066,250.424595,26.126689,219.995632,24.570999,191.795482,18.032364,163.948048,11.043728,134.988818,3.007729,107.759151,0.000000,78.083231,9.567138,49.866725,19.790643,21.484050,45.276830,0.000000,76.987720,9.291593,87.858825,39.666195,92.665515,68.640948,89.501166,96.838781,88.219567,124.695956,89.283498,154.929301,92.925877,183.969467,89.359847,211.597146,88.818569,242.091201,74.783136,259.313182,62.731272,259.380212
Type00, L,260,64.537369,264.594503,56.282118,265.858883,32.691753,255.334881,26.638977,224.309271,25.052783,195.556178,18.385940,167.162715,11.260272,137.635657,3.066704,109.872075,0.000000,79.614275,9.754729,50.844504,20.178695,21.905306,46.164611,0.000000,78.497284,9.473781,89.581547,40.443963,94.482485,69.986849,91.256091,98.737580,89.949363,127.140975,91.034155,157.967131,94.747953,187.576712,91.112000,215.746110,90.560109,246.838087,76.249472,264.397754,63.961297,264.466098
Type00, L,265,65.778472,269.682859,57.364466,270.971554,33.320441,260.245167,27.151265,228.622911,25.534567,199.316874,18.739516,170.377383,11.476815,140.282497,3.125679,111.985000,0.000000,81.145319,9.942320,51.822283,20.566747,22.326561,47.052392,0.000000,80.006847,9.655970,91.304269,41.221732,96.299456,71.332750,93.011016,100.636380,91.679158,129.585994,92.784812,161.004960,96.570029,191.183956,92.864154,219.895073,92.301650,251.584973,77.715808,269.482326,65.191322,269.551985
Type00, L,270,67.019576,274.771215,58.446815,276.084225,33.949128,265.155453,27.663553,232.936551,26.016352,203.077569,19.093092,173.592051,11.693359,142.929336,3.184655,114.097924,0.000000,82.676362,10.129911,52.800061,20.954799,22.747817,47.940173,0.000000,81.516410,9.838158,93.026991,41.999500,98.116427,72.678651,94.765941,102.535180,93.408954,132.031013,94.535469,164.042790,98.392105,194.791201,94.616308,224.044037,94.043190,256.331860,79.182144,274.566898,66.421347,274.637871
Type00, L,275,68.260679,279.859571,59.529163,281.196896,34.577816,270.065739,28.175841,237.250191,26.498136,206.838265,19.446667,176.806718,11.909903,145.576176,3.243630,116.210849,0.000000,84.207406,10.317502,53.777840,21.342851,23.169073,48.827954,0.000000,83.025973,10.020346,94.749713,42.777269,99.933398,74.024552,96.520866,104.433979,95.138749,134.476031,96.286126,167.080619,100.214181,198.398445,96.368462,228.193001,95.784731,261.078746,80.648480,279.651470,67.651372,279.723757
Type00, L,280,69.501782,284.947927,60.611511,286.309567,35.206504,274.976025,28.688129,241.563831,26.979920,210.598961,19.800243,180.021386,12.126447,148.223016,3.302605,118.323773,0.000000,85.738450,10.505092,54.755619,21.730903,23.590329,49.715735,0.000000,84.535536,10.202534,96.472436,43.555037,101.750369,75.370453,98.275791,106.332779,96.868544,136.921050,98.036783,170.118448,102.036257,202.005690,98.120616,232.341964,97.526272,265.825632,82.114816,284.736042,68.881396,284.809644
Type01, L,230,46.137584,235.402895,37.940369,236.376834,18.990686,225.561137,15.249931,197.817317,12.139843,172.726103,9.328579,146.231986,4.648290,121.099091,0.000000,94.471661,0.413802,67.116586,6.608538,43.061786,16.120745,17.091164,42.040508,0.000000,68.141964,16.065149,77.164368,42.191806,78.973658,67.994036,78.222991,95.826121,78.371755,119.832052,78.829760,145.844163,75.556743,171.858728,75.474591,196.773173,73.114788,224.638020,55.151407,236.251822,45.749190,234.915913
Type01, L,235,47.140575,240.520349,38.765160,241.515461,19.403527,230.464640,15.581451,202.117693,12.403753,176.481018,9.531374,149.410942,4.749340,123.731680,0.000000,96.525393,0.422798,68.575642,6.752202,43.997912,16.471196,17.462711,42.954432,0.000000,69.623311,16.414391,78.841854,43.109019,80.690477,69.472167,79.923491,97.909298,80.075489,122.437097,80.543450,149.014688,77.199281,175.594787,77.115343,201.050851,74.704240,229.521455,56.350351,241.387731,46.743738,240.022781
Type01, L,240,48.143566,245.637803,39.589950,246.654088,19.816368,235.368143,15.912971,206.418070,12.667662,180.235934,9.734169,152.589898,4.850390,126.364269,0.000000,98.579125,0.431793,70.034698,6.895866,44.934038,16.821647,17.834258,43.868356,0.000000,71.104658,16.763634,80.519341,44.026232,82.407295,70.950298,81.623991,99.992474,81.779223,125.042141,82.257141,152.185214,78.841819,179.330847,78.756095,205.328528,76.293692,234.404890,57.549294,246.523640,47.738285,245.129648
Type01, L,245,49.146557,250.755258,40.414741,251.792714,20.229209,240.271646,16.244492,210.718446,12.931572,183.990849,9.936965,155.768855,4.951439,128.996858,0.000000,100.632856,0.440789,71.493755,7.039530,45.870163,17.172098,18.205805,44.782280,0.000000,72.586005,17.112876,82.196827,44.943446,84.124114,72.428430,83.324490,102.075651,83.482956,127.647186,83.970831,155.355739,80.484357,183.066906,80.396847,209.606206,77.883144,239.288326,58.748238,251.659550,48.732833,250.236516
Type01, L,250,50.149548,255.872712,41.239532,256.931341,20.642050,245.175149,16.576012,215.018823,13.195482,187.745764,10.139760,158.947811,5.052489,131.629447,0.000000,102.686588,0.449785,72.952811,7.183193,46.806289,17.522549,18.577352,45.696204,0.000000,74.067352,17.462118,83.874313,45.860659,85.840933,73.906561,85.024990,104.158827,85.186690,130.252230,85.684522,158.526264,82.126895,186.802965,82.037599,213.883884,79.472596,244.171761,59.947182,256.795459,49.727380,255.343384
Type01, L,255,51.152539,260.990166,42.064322,262.069968,21.054891,250.078652,16.907532,219.319199,13.459391,191.500679,10.342555,162.126767,5.153539,134.262036,0.000000,104.740320,0.458780,74.411867,7.326857,47.742415,17.873000,18.948899,46.610128,0.000000,75.548699,17.811361,85.551799,46.777872,87.557751,75.384692,86.725490,106.242004,86.890424,132.857275,87.398212,161.696789,83.769432,190.539025,83.678351,218.161561,81.062048,249.055196,61.146125,261.931368,50.721928,260.450251
Type01, L,260,52.155530,266.107620,42.889113,267.208595,21.467732,254.982155,17.239052,223.619576,13.723301,195.255595,10.545350,165.305723,5.254589,136.894625,0.000000,106.794052,0.467776,75.870923,7.470521,48.678541,18.223451,19.320446,47.524053,0.000000,77.030046,18.160603,87.229286,47.695085,89.274570,76.862823,88.425990,108.325180,88.594158,135.462320,89.111903,164.867315,85.411970,194.275084,85.319103,222.439239,82.651499,253.938631,62.345069,267.067277,51.716476,265.557119
Type01, L,265,53.158521,271.225075,43.713903,272.347222,21.880573,259.885658,17.570573,227.919952,13.987210,199.010510,10.748145,168.484680,5.355638,139.527214,0.000000,108.847783,0.476772,77.329980,7.614185,49.614666,18.573902,19.691993,48.437977,0.000000,78.511393,18.509846,88.906772,48.612298,90.991389,78.340955,90.126490,110.408357,90.297892,138.067364,90.825593,168.037840,87.054508,198.011143,86.959855,226.716917,84.240951,258.822067,63.544012,272.203186,52.711023,270.663987
Type01, L,270,54.161512,276.342529,44.538694,277.485849,22.293414,264.789161,17.902093,232.220329,14.251120,202.765425,10.950941,171.663636,5.456688,142.159802,0.000000,110.901515,0.485768,78.789036,7.757849,50.550792,18.924353,20.063540,49.351901,0.000000,79.992740,18.859088,90.584258,49.529511,92.708207,79.819086,91.826989,112.491533,92.001625,140.672409,92.539283,171.208365,88.697046,201.747202,88.600607,230.994594,85.830403,263.705502,64.742956,277.339095,53.705571,275.770854
Type01, L,275,55.164503,281.459983,45.363485,282.624475,22.706255,269.692664,18.233613,236.520705,14.515030,206.520341,11.153736,174.842592,5.557738,144.792391,0.000000,112.955247,0.494763,80.248092,7.901513,51.486918,19.274804,20.435087,50.265825,0.000000,81.474087,19.208330,92.261744,50.446725,94.425026,81.297217,93.527489,114.574710,93.705359,143.277453,94.252974,174.378891,90.339584,205.483262,90.241359,235.272272,87.419855,268.588937,65.941900,282.475005,54.700118,280.877722
Type01, L,280,56.167494,286.577437,46.188275,287.763102,23.119096,274.596167,18.565133,240.821082,14.778939,210.275256,11.356531,178.021548,5.658788,147.424980,0.000000,115.008979,0.503759,81.707148,8.045177,52.423044,19.625255,20.806634,51.179749,0.000000,82.955434,19.557573,93.939231,51.363938,96.141845,82.775348,95.227989,116.657886,95.409093,145.882498,95.966664,177.549416,91.982122,209.219321,91.882111,239.549950,89.009307,273.472372,67.140843,287.610914,55.694666,285.984590
Type02, L,230,63.268458,233.634932,54.374002,234.685675,36.226293,223.541998,30.706384,196.222155,25.045819,171.009953,18.927094,144.545882,9.461168,119.807319,0.649798,93.881163,0.000000,67.250481,5.334201,41.683068,18.182815,16.055758,43.054343,0.000000,71.885284,8.895097,81.339763,37.012946,86.900284,61.830609,86.446216,88.668639,72.596083,113.979633,71.242554,141.390533,79.939987,167.546563,86.431780,191.734428,88.711867,219.368692,72.433240,235.112845,62.786780,233.195173
Type02, L,235,64.643859,238.713952,55.556046,239.787538,37.013821,228.401607,31.373914,200.487854,25.590293,174.727561,19.338553,147.688184,9.666846,122.411826,0.663924,95.922058,0.000000,68.712448,5.450162,42.589222,18.578094,16.404796,43.990307,0.000000,73.448008,9.088469,83.108019,37.817575,88.789421,63.174753,88.325482,90.596218,74.174259,116.457451,72.791305,144.464240,81.677813,171.188880,88.310732,195.902568,90.640386,224.137577,74.007876,240.223994,64.151710,238.264633
Type02, L,240,66.019261,243.792973,56.738089,244.889400,37.801349,233.261215,32.041444,204.753553,26.134768,178.445168,19.750011,150.830486,9.872523,125.016333,0.678050,97.962953,0.000000,70.174415,5.566123,43.495375,18.973372,16.753834,44.926271,0.000000,75.010731,9.281840,84.876274,38.622205,90.678557,64.518896,90.204747,92.523797,75.752434,118.935269,74.340056,147.537947,83.415639,174.831196,90.189683,200.070707,92.568905,228.906461,75.582511,245.335143,65.516640,243.334094
Type02, L,245,67.394662,248.871993,57.920133,249.991263,38.588877,238.120824,32.708974,209.019252,26.679242,182.162776,20.161470,153.972787,10.078201,127.620840,0.692176,100.003848,0.000000,71.636382,5.682084,44.401529,19.368651,17.102873,45.862235,0.000000,76.573455,9.475212,86.644530,39.426834,92.567694,65.863040,92.084013,94.451376,77.330610,121.413087,75.888808,150.611655,85.153464,178.473513,92.068635,204.238847,94.497424,233.675346,77.157147,250.446291,66.881570,248.403554
Type02, L,250,68.770063,253.951013,59.102176,255.093125,39.376405,242.980433,33.376504,213.284951,27.223716,185.880384,20.572928,157.115089,10.283878,130.225347,0.706302,102.044742,0.000000,73.098349,5.798045,45.307683,19.763929,17.451911,46.798199,0.000000,78.136178,9.668584,88.412786,40.231463,94.456830,67.207184,93.963278,96.378955,78.908786,123.890905,77.437559,153.685362,86.891290,182.115829,93.947587,208.406987,96.425942,238.444230,78.731783,255.557440,68.246500,253.473014
Type02, L,255,70.145464,259.030033,60.284220,260.194988,40.163934,247.840041,34.044034,217.550650,27.768191,189.597991,20.984387,160.257391,10.489556,132.829854,0.720428,104.085637,0.000000,74.560316,5.914005,46.213836,20.159208,17.800949,47.734163,0.000000,79.698902,9.861955,90.181042,41.036092,96.345967,68.551327,95.842544,98.306535,80.486962,126.368724,78.986310,156.759069,88.629116,185.758146,95.826539,212.575127,98.354461,243.213115,80.306418,260.668589,69.611430,258.542474
Type02, L,260,71.520866,264.109054,61.466263,265.296850,40.951462,252.699650,34.711565,221.816349,28.312665,193.315599,21.395845,163.399693,10.695233,135.434361,0.734554,106.126532,0.000000,76.022283,6.029966,47.119990,20.554487,18.149987,48.670127,0.000000,81.261625,10.055327,91.949297,41.840722,98.235104,69.895471,97.721809,100.234114,82.065137,128.846542,80.535061,159.832776,90.366942,189.400463,97.705490,216.743266,100.282980,247.982000,81.881054,265.779738,70.976360,263.611935
Type02, L,265,72.896267,269.188074,62.648307,270.398712,41.738990,257.559259,35.379095,226.082048,28.857139,197.033207,21.807304,166.541994,10.900911,138.038868,0.748680,108.167427,0.000000,77.484250,6.145927,48.026144,20.949765,18.499026,49.606091,0.000000,82.824349,10.248699,93.717553,42.645351,100.124240,71.239615,99.601075,102.161693,83.643313,131.324360,82.083812,162.906484,92.104768,193.042779,99.584442,220.911406,102.211499,252.750884,83.455690,270.890887,72.341290,268.681395
Type02, L,270,74.271668,274.267094,63.830350,275.500575,42.526518,262.418867,36.046625,230.347747,29.401614,200.750814,22.218763,169.684296,11.106589,140.643374,0.762806,110.208322,0.000000,78.946217,6.261888,48.932297,21.345044,18.848064,50.542055,0.000000,84.387073,10.442070,95.485809,43.449980,102.013377,72.583758,101.480341,104.089272,85.221489,133.802178,83.632563,165.980191,93.842593,196.685096,101.463394,225.079546,104.140018,257.519769,85.030325,276.002035,73.706220,273.750855
Type02, L,275,75.647069,279.346114,65.012394,280.602438,43.314046,267.278476,36.714155,234.613446,29.946088,204.468422,22.630221,172.826598,11.312266,143.247881,0.776932,112.249217,0.000000,80.408184,6.377849,49.838451,21.740322,19.197102,51.478019,0.000000,85.949796,10.635442,97.254064,44.254609,103.902513,73.927902,103.359606,106.016851,86.799664,136.279996,85.181315,169.053898,95.580419,200.327412,103.342346,229.247686,106.068537,262.288653,86.604961,281.113184,75.071150,278.820316
Type02, L,280,77.022471,284.425135,66.194437,285.704300,44.101574,272.138085,37.381685,238.879145,30.490562,208.186030,23.041680,175.968900,11.517944,145.852388,0.791058,114.290111,0.000000,81.870151,6.493810,50.744605,22.135601,19.546140,52.413983,0.000000,87.512520,10.828814,99.022320,45.059239,105.791650,75.272046,105.238872,107.944430,88.377840,138.757814,86.730066,172.127605,97.318245,203.969729,105.221297,233.415825,107.997055,267.057538,88.179597,286.224333,76.436080,283.889776
Type03, L,230,51.068863,234.763178,42.345182,235.928174,25.098884,223.749875,19.582161,197.081544,16.291280,171.185997,11.081331,144.385718,5.221831,119.573420,0.972068,94.149267,0.000000,68.695125,5.215208,43.211838,16.949371,17.925687,40.971274,0.000000,68.213610,12.091188,77.207486,40.019866,79.297714,65.836885,78.787890,92.156198,72.685591,117.711924,71.821185,144.426481,76.884400,169.481641,79.085493,196.366684,79.279889,223.738087,58.562509,235.560768,51.656902,234.504086
Type03, L,235,52.179056,239.866725,43.265729,241.057047,25.644512,228.614003,20.007860,201.365925,16.645438,174.907432,11.322230,147.524538,5.335349,122.172842,0.993200,96.195990,0.000000,70.188497,5.328582,44.151226,17.317836,18.315376,41.861954,0.000000,69.696515,12.354040,78.885910,40.889863,81.021577,67.268122,80.500670,94.159594,74.265713,120.270879,73.382515,147.566187,78.555800,173.166025,80.804743,200.635525,81.003365,228.601958,59.835607,240.681654,52.779878,239.602001
Type03, L,240,53.289248,244.970273,44.186277,246.185921,26.190140,233.478130,20.433559,205.650307,16.999597,178.628866,11.563128,150.663358,5.448867,124.772264,1.014332,98.242713,0.000000,71.681870,5.441956,45.090614,17.686300,18.705065,42.752634,0.000000,71.179419,12.616892,80.564333,41.759860,82.745441,68.699358,82.213450,96.162989,75.845834,122.829834,74.943845,150.705893,80.227200,176.850408,82.523993,204.904366,82.726841,233.465830,61.108705,245.802541,53.902854,244.699916
Type03, L,245,54.399441,250.073820,45.106824,251.314794,26.735768,238.342258,20.859258,209.934688,17.353755,182.350301,11.804027,153.802178,5.562385,127.371687,1.035464,100.289437,0.000000,73.175242,5.555330,46.030001,18.054765,19.094754,43.643314,0.000000,72.662324,12.879744,82.242757,42.629857,84.469304,70.130595,83.926231,98.166385,77.425956,125.388789,76.505175,153.845599,81.898600,180.534792,84.243243,209.173207,84.450317,238.329701,62.381803,250.923427,55.025830,249.797831
Type03, L,250,55.509634,255.177367,46.027372,256.443667,27.281396,243.206386,21.284958,214.219070,17.707913,186.071736,12.044925,156.940998,5.675903,129.971109,1.056596,102.336160,0.000000,74.668614,5.668704,46.969389,18.423229,19.484442,44.533993,0.000000,74.145228,13.142596,83.921180,43.499854,86.193167,71.561832,85.639011,100.169780,79.006077,127.947743,78.066505,156.985305,83.570000,184.219175,85.962492,213.442048,86.173792,243.193573,63.654901,256.044313,56.148807,254.895746
Type03, L,255,56.619826,260.280915,46.947919,261.572541,27.827024,248.070514,21.710657,218.503451,18.062071,189.793171,12.285824,160.079818,5.789421,132.570531,1.077728,104.382883,0.000000,76.161986,5.782078,47.908777,18.791694,19.874131,45.424673,0.000000,75.628133,13.405448,85.599604,44.369851,87.917031,72.993068,87.351791,102.173176,80.586199,130.506698,79.627836,160.125012,85.241400,187.903559,87.681742,217.710889,87.897268,248.057444,64.927999,261.165199,57.271783,259.993661
Type03, L,260,57.730019,265.384462,47.868467,266.701414,28.372651,252.934641,22.136356,222.787832,18.416230,193.514605,12.526722,163.218638,5.902939,135.169953,1.098859,106.429606,0.000000,77.655359,5.895453,48.848165,19.160159,20.263820,46.315353,0.000000,77.111037,13.668299,87.278028,45.239849,89.640894,74.424305,89.064571,104.176572,82.166320,133.065653,81.189166,163.264718,86.912800,191.587942,89.400992,221.979730,89.620744,252.921316,66.201097,266.286086,58.394759,265.091575
Type03, L,265,58.840212,270.488009,48.789014,271.830287,28.918279,257.798769,22.562055,227.072214,18.770388,197.236040,12.767621,166.357458,6.016457,137.769375,1.119991,108.476329,0.000000,79.148731,6.008827,49.787552,19.528623,20.653509,47.206033,0.000000,78.593942,13.931151,88.956451,46.109846,91.364757,75.855541,90.777352,106.179967,83.746442,135.624608,82.750496,166.404424,88.584200,195.272325,91.120242,226.248571,91.344220,257.785187,67.474195,271.406972,59.517735,270.189490
Type03, L,270,59.950404,275.591557,49.709561,276.959161,29.463907,262.662897,22.987754,231.356595,19.124546,200.957475,13.008519,169.496278,6.129976,140.368797,1.141123,110.523053,0.000000,80.642103,6.122201,50.726940,19.897088,21.043198,48.096713,0.000000,80.076847,14.194003,90.634875,46.979843,93.088621,77.286778,92.490132,108.183363,85.326563,138.183563,84.311826,169.544130,90.255600,198.956709,92.839492,230.517412,93.067696,262.649059,68.747293,276.527858,60.640711,275.287405
Type03, L,275,61.060597,280.695104,50.630109,282.088034,30.009535,267.527024,23.413453,235.640977,19.478704,204.678909,13.249417,172.635098,6.243494,142.968220,1.162255,112.569776,0.000000,82.135476,6.235575,51.666328,20.265552,21.432887,48.987393,0.000000,81.559751,14.456855,92.313298,47.849840,94.812484,78.718015,94.202912,110.186758,86.906685,140.742518,85.873156,172.683836,91.927000,202.641092,94.558742,234.786253,94.791172,267.512930,70.020391,281.648744,61.763687,280.385320
Type03, L,280,62.170790,285.798651,51.550656,287.216907,30.555163,272.391152,23.839153,239.925358,19.832863,208.400344,13.490316,175.773918,6.357012,145.567642,1.183387,114.616499,0.000000,83.628848,6.348949,52.605716,20.634017,21.822575,49.878073,0.000000,83.042656,14.719707,93.991722,48.719837,96.536347,80.149251,95.915692,112.190154,88.486806,143.301473,87.434486,175.823542,93.598400,206.325476,96.277991,239.055094,96.514647,272.376802,71.293489,286.769631,62.886663,285.483235
Type04, L,230,55.397798,234.120818,47.523060,235.987350,26.231657,226.923882,22.452675,198.288809,18.372940,172.968706,12.967395,146.204340,7.507525,120.751575,1.355970,94.835410,0.000000,68.041741,6.735442,42.231754,18.833693,16.041762,43.483339,0.000000,72.326240,10.166823,83.503101,37.284295,82.237256,63.683692,79.416394,90.284835,76.962871,115.908782,77.866542,142.478915,81.744250,168.225433,82.505657,194.321877,82.639364,221.401357,64.593883,235.217602,55.515217,233.333710
Type04, L,235,56.602098,239.210401,48.556170,241.117510,26.801910,231.857010,22.940777,202.599435,18.772352,176.728895,13.249295,149.382695,7.670732,123.376609,1.385448,96.897049,0.000000,69.520909,6.881865,43.149836,19.243121,16.390496,44.428629,0.000000,73.898550,10.387841,85.318386,38.094823,84.025022,65.068120,81.142837,92.247549,78.635977,118.428538,79.559293,145.576283,83.521299,171.882508,84.299258,198.546266,84.435872,226.214430,65.998098,240.331028,56.722070,238.406182
Type04, L,240,57.806398,244.299984,49.589280,246.247670,27.372164,236.790138,23.428878,206.910062,19.171763,180.489085,13.531195,152.561050,7.833939,126.001643,1.414925,98.958689,0.000000,71.000078,7.028287,44.067917,19.652549,16.739230,45.373919,0.000000,75.470859,10.608859,87.133671,38.905351,85.812789,66.452548,82.869281,94.210263,80.309083,120.948294,81.252044,148.673650,85.298348,175.539582,86.092859,202.770654,86.232380,231.027503,67.402313,245.444454,57.928922,243.478654
Type04, L,245,59.010698,249.389567,50.622390,251.377829,27.942417,241.723266,23.916980,211.220688,19.571175,184.249274,13.813095,155.739406,7.997146,128.626678,1.444403,101.020328,0.000000,72.479246,7.174710,44.985999,20.061977,17.087964,46.319209,0.000000,77.043169,10.829877,88.948955,39.715879,87.600555,67.836976,84.595724,96.172976,81.982189,123.468050,82.944795,151.771018,87.075397,179.196657,87.886461,206.995043,88.028888,235.840576,68.806528,250.557880,59.135775,248.551126
Type04, L,250,60.214998,254.479150,51.655500,256.507989,28.512671,246.656393,24.405082,215.531314,19.970587,188.009463,14.094995,158.917761,8.160353,131.251712,1.473880,103.081967,0.000000,73.958414,7.321133,45.904080,20.471405,17.436698,47.264499,0.000000,78.615478,11.050895,90.764240,40.526408,89.388322,69.221404,86.322167,98.135690,83.655295,125.987807,84.637546,154.868386,88.852446,182.853732,89.680062,211.219432,89.825396,240.653649,70.210742,255.671307,60.342627,253.623598
Type04, L,255,61.419298,259.568733,52.688610,261.638149,29.082924,251.589521,24.893183,219.841940,20.369999,191.769652,14.376894,162.096116,8.323560,133.876746,1.503358,105.143607,0.000000,75.437582,7.467555,46.822162,20.880834,17.785432,48.209789,0.000000,80.187788,11.271912,92.579525,41.336936,91.176088,70.605832,88.048611,100.098404,85.328400,128.507563,86.330297,157.965754,90.629495,186.510806,91.473663,215.443820,91.621904,245.466722,71.614957,260.784733,61.549480,258.696070
Type04, L,260,62.623598,264.658316,53.721720,266.768309,29.653177,256.522649,25.381285,224.152567,20.769410,195.529842,14.658794,165.274471,8.486767,136.501780,1.532836,107.205246,0.000000,76.916751,7.613978,47.740244,21.290262,18.134166,49.155079,0.000000,81.760097,11.492930,94.394810,42.147464,92.963855,71.990261,89.775054,102.061118,87.001506,131.027319,88.023047,161.063121,92.406543,190.167881,93.267264,219.668209,93.418411,250.279795,73.019172,265.898159,62.756332,263.768542
Type04, L,265,63.827898,269.747899,54.754830,271.898468,30.223431,261.455777,25.869386,228.463193,21.168822,199.290031,14.940694,168.452827,8.649974,139.126815,1.562313,109.266885,0.000000,78.395919,7.760401,48.658325,21.699690,18.482900,50.100369,0.000000,83.332407,11.713948,96.210095,42.957992,94.751621,73.374689,91.501497,104.023832,88.674612,133.547075,89.715798,164.160489,94.183592,193.824955,95.060866,223.892597,95.214919,255.092868,74.423387,271.011585,63.963185,268.841014
Type04, L,270,65.032198,274.837482,55.787940,277.028628,30.793684,266.388905,26.357488,232.773819,21.568234,203.050220,15.222594,171.631182,8.813182,141.751849,1.591791,111.328525,0.000000,79.875087,7.906823,49.576407,22.109118,18.831634,51.045659,0.000000,84.904717,11.934966,98.025379,43.768520,96.539387,74.759117,93.227941,105.986545,90.347718,136.066831,91.408549,167.257857,95.960641,197.482030,96.854467,228.116986,97.011427,259.905941,75.827602,276.125011,65.170037,273.913486
Type04, L,275,66.236498,279.927065,56.821050,282.158788,31.363938,271.322033,26.845590,237.084446,21.967646,206.810409,15.504494,174.809537,8.976389,144.376883,1.621268,113.390164,0.000000,81.354256,8.053246,50.494488,22.518546,19.180368,51.990949,0.000000,86.477026,12.155984,99.840664,44.579048,98.327154,76.143545,94.954384,107.949259,92.020824,138.586587,93.101300,170.355224,97.737690,201.139105,98.648068,232.341375,98.807935,264.719014,77.231817,281.238437,66.376890,278.985958
Type04, L,280,67.440798,285.016648,57.854160,287.288948,31.934191,276.255161,27.333691,241.395072,22.367057,210.570599,15.786394,177.987892,9.139596,147.001917,1.650746,115.451803,0.000000,82.833424,8.199669,51.412570,22.927974,19.529102,52.936239,0.000000,88.049336,12.377002,101.655949,45.389577,100.114920,77.527973,96.680827,109.911973,93.693930,141.106343,94.794051,173.452592,99.514739,204.796179,100.441669,236.565763,100.604443,269.532087,78.636031,286.351863,67.583742,284.058430
Type05, L,230,54.049727,235.717625,44.683286,237.010143,27.691453,224.970819,22.640978,198.342371,19.387459,171.844880,17.372884,144.472174,7.136477,120.787069,0.000000,94.861982,2.200023,68.259734,10.757662,42.726286,21.661913,18.081778,48.608970,0.000000,72.846731,16.456372,78.165358,44.348476,83.158040,67.880084,74.456971,94.728065,67.662700,119.968508,69.772383,145.935232,75.789242,171.194263,82.188488,196.402761,79.869384,223.400410,62.774970,236.835953,53.698527,235.170993
Type05, L,235,55.224721,240.841921,45.654662,242.162538,28.293441,229.861489,23.133173,202.654161,19.808925,175.580639,17.750556,147.612874,7.291618,123.412875,0.000000,96.924199,2.247849,69.743642,10.991524,43.655119,22.132824,18.474860,49.665686,0.000000,74.430355,16.814119,79.864605,45.312574,84.965824,69.355738,76.075601,96.787370,69.133628,122.576519,71.289174,149.107737,77.436834,174.915878,83.975195,200.672386,81.605675,228.256940,64.139643,241.984560,54.865887,240.283406
Type05, L,240,56.399715,245.966217,46.626038,247.314932,28.895429,234.752159,23.625368,206.965952,20.230392,179.316397,18.128227,150.753573,7.446759,126.038681,0.000000,98.986416,2.295676,71.227549,11.225386,44.583951,22.603735,18.867942,50.722403,0.000000,76.013980,17.171866,81.563852,46.276671,86.773607,70.831392,77.694231,98.846676,70.604556,125.184530,72.805965,152.280242,79.084426,178.637492,85.761901,204.942011,83.341966,233.113471,65.504316,247.133168,56.033246,245.395819
Type05, L,245,57.574709,251.090513,47.597414,252.467326,29.497417,239.642829,24.117563,211.277743,20.651858,183.052155,18.505898,153.894272,7.601900,128.664487,0.000000,101.048633,2.343503,72.711456,11.459248,45.512783,23.074646,19.261024,51.779120,0.000000,77.597605,17.529613,83.263099,47.240768,88.581390,72.307046,79.312861,100.905982,72.075484,127.792541,74.322756,155.452747,80.732018,182.359106,87.548607,209.211636,85.078257,237.970002,66.868989,252.281776,57.200605,250.508232
Type05, L,250,58.749703,256.214809,48.568790,257.619721,30.099405,244.533499,24.609758,215.589533,21.073325,186.787914,18.883570,157.034972,7.757041,131.290293,0.000000,103.110850,2.391329,74.195364,11.693110,46.441616,23.545557,19.654106,52.835836,0.000000,79.181229,17.887360,84.962346,48.204866,90.389174,73.782700,80.931491,102.965288,73.546413,130.400552,75.839547,158.625252,82.379610,186.080721,89.335314,213.481261,86.814548,242.826532,68.233663,257.430383,58.367965,255.620645
Type05, L,255,59.924697,261.339106,49.540165,262.772115,30.701393,249.424169,25.101954,219.901324,21.494791,190.523672,19.261241,160.175671,7.912181,133.916099,0.000000,105.173067,2.439156,75.679271,11.926973,47.370448,24.016468,20.047188,53.892553,0.000000,80.764854,18.245108,86.661593,49.168963,92.196957,75.258354,82.550120,105.024593,75.017341,133.008563,77.356338,161.797757,84.027203,189.802335,91.122020,217.750887,88.550839,247.683063,69.598336,262.578991,59.535324,260.733058
Type05, L,260,61.099691,266.463402,50.511541,267.924510,31.303381,254.314839,25.594149,224.213115,21.916258,194.259430,19.638913,163.316371,8.067322,136.541904,0.000000,107.235284,2.486982,77.163178,12.160835,48.299280,24.487380,20.440270,54.949270,0.000000,82.348478,18.602855,88.360840,50.133060,94.004741,76.734008,84.168750,107.083899,76.488269,135.616574,78.873129,164.970262,85.674795,193.523950,92.908726,222.020512,90.287130,252.539594,70.963009,267.727599,60.702683,265.845471
Type05, L,265,62.274685,271.587698,51.482917,273.076904,31.905370,259.205509,26.086344,228.524905,22.337725,197.995188,20.016584,166.457070,8.222463,139.167710,0.000000,109.297501,2.534809,78.647085,12.394697,49.228113,24.958291,20.833353,56.005987,0.000000,83.932103,18.960602,90.060087,51.097158,95.812524,78.209662,85.787380,109.143205,77.959197,138.224585,80.389920,168.142767,87.322387,197.245564,94.695432,226.290137,92.023421,257.396124,72.327682,272.876206,61.870042,270.957883
Type05, L,270,63.449679,276.711994,52.454293,278.229299,32.507358,264.096179,26.578539,232.836696,22.759191,201.730947,20.394255,169.597770,8.377604,141.793516,0.000000,111.359718,2.582635,80.130993,12.628559,50.156945,25.429202,21.226435,57.062703,0.000000,85.515727,19.318349,91.759333,52.061255,97.620308,79.685316,87.406010,111.202511,79.430126,140.832596,81.906711,171.315272,88.969979,200.967179,96.482139,230.559762,93.759712,262.252655,73.692356,278.024814,63.037402,276.070296
Type05, L,275,64.624673,281.836290,53.425669,283.381693,33.109346,268.986849,27.070734,237.148487,23.180657,205.466705,20.771927,172.738469,8.532745,144.419322,0.000000,113.421935,2.630462,81.614900,12.862421,51.085777,25.900113,21.619517,58.119420,0.000000,87.099352,19.676096,93.458580,53.025352,99.428091,81.160970,89.024640,113.261816,80.901054,143.440607,83.423502,174.487777,90.617571,204.688793,98.268845,234.829388,95.496003,267.109186,75.057029,283.173422,64.204761,281.182709
Type05, L,280,65.799667,286.960587,54.397044,288.534087,33.711334,273.877519,27.562929,241.460277,23.602124,209.202463,21.149598,175.879168,8.687886,147.045128,0.000000,115.484152,2.678289,83.098807,13.096284,52.014609,26.371024,22.012599,59.176137,0.000000,88.682977,20.033844,95.157827,53.989450,101.235875,82.636624,90.643270,115.321122,82.371982,146.048618,84.940293,177.660282,92.265164,208.410407,100.055551,239.099013,97.232294,271.965716,76.421702,288.322029,65.372120,286.295122
Type06, L,230,52.346145,235.533671,43.390102,235.686427,26.360875,223.244666,21.192016,196.853094,18.781845,171.233042,12.741786,145.567058,6.199148,119.954642,0.622190,94.486860,0.000000,67.696222,6.676729,42.313371,17.012542,16.005598,43.580960,0.000000,69.451611,17.052519,76.686630,42.827062,81.531132,68.212248,79.368141,94.180498,76.089587,119.817178,74.220147,145.949407,77.968970,172.674826,80.867833,197.171666,80.210524,225.220160,60.738618,236.866301,52.187744,234.849946
Type06, L,235,53.484105,240.653968,44.333365,240.810045,26.933938,228.097811,21.652712,201.132509,19.190146,174.955499,13.018781,148.731559,6.333912,122.562352,0.635716,96.540922,0.000000,69.167879,6.821875,43.233227,17.382380,16.353546,44.528372,0.000000,70.961429,17.423226,78.353731,43.758085,83.303548,69.695123,81.093535,96.227900,77.743708,122.421899,75.833628,149.122220,79.663948,176.428627,82.625829,201.458007,81.954231,230.116250,62.059023,242.015568,53.322260,239.955380
Type06, L,240,54.622064,245.774265,45.276628,245.933663,27.507000,232.950956,22.113408,205.411924,19.598447,178.677957,13.295777,151.896061,6.468676,125.170061,0.649242,98.594984,0.000000,70.639536,6.967022,44.153083,17.752218,16.701494,45.475784,0.000000,72.471246,17.793933,80.020831,44.689108,85.075964,71.177998,82.818930,98.275302,79.397830,125.026621,77.447110,152.295033,81.358925,180.182427,84.383826,205.744347,83.697938,235.012341,63.379427,247.164836,54.456776,245.060813
Type06, L,245,55.760024,250.894563,46.219891,251.057281,28.080063,237.804101,22.574104,209.691339,20.006748,182.400414,13.572772,155.060562,6.603440,127.777771,0.662768,100.649047,0.000000,72.111193,7.112168,45.072939,18.122056,17.049441,46.423197,0.000000,73.981064,18.164640,81.687932,45.620131,86.848380,72.660873,84.544324,100.322704,81.051951,127.631342,79.060591,155.467847,83.053903,183.936228,86.141822,210.030688,85.441645,239.908431,64.699832,252.314103,55.591293,250.166247
Type06, L,250,56.897984,256.014860,47.163154,256.180899,28.653125,242.657246,23.034800,213.970754,20.415049,186.122872,13.849767,158.225063,6.738204,130.385480,0.676293,102.703109,0.000000,73.582850,7.257314,45.992795,18.491893,17.397389,47.370609,0.000000,75.490882,18.535347,83.355033,46.551154,88.620796,74.143748,86.269718,102.370107,82.706073,130.236063,80.674073,158.640660,84.748880,187.690028,87.899818,214.317028,87.185352,244.804522,66.020237,257.463371,56.725809,255.271680
Type06, L,255,58.035943,261.135157,48.106417,261.304517,29.226188,247.510391,23.495496,218.250169,20.823350,189.845329,14.126763,161.389564,6.872968,132.993190,0.689819,104.757171,0.000000,75.054507,7.402460,46.912650,18.861731,17.745337,48.318021,0.000000,77.000699,18.906054,85.022133,47.482177,90.393212,75.626623,87.995113,104.417509,84.360194,132.840784,82.287554,161.813473,86.443858,191.443829,89.657815,218.603369,88.929059,249.700612,67.340642,262.612638,57.860325,260.377114
Type06, L,260,59.173903,266.255454,49.049681,266.428135,29.799250,252.363535,23.956192,222.529585,21.231651,193.567787,14.403758,164.554066,7.007733,135.600900,0.703345,106.811233,0.000000,76.526164,7.547607,47.832506,19.231569,18.093285,49.265433,0.000000,78.510517,19.276761,86.689234,48.413201,92.165627,77.109498,89.720507,106.464911,86.014316,135.445506,83.901036,164.986286,88.138836,195.197629,91.415811,222.889709,90.672766,254.596703,68.661046,267.761905,58.994841,265.482548
Type06, L,265,60.311863,271.375751,49.992944,271.551753,30.372312,257.216680,24.416888,226.809000,21.639952,197.290244,14.680753,167.718567,7.142497,138.208609,0.716871,108.865295,0.000000,77.997821,7.692753,48.752362,19.601407,18.441232,50.212845,0.000000,80.020334,19.647468,88.356335,49.344224,93.938043,78.592373,91.445902,108.512313,87.668437,138.050227,85.514517,168.159099,89.833813,198.951430,93.173808,227.176050,92.416473,259.492793,69.981451,272.911173,60.129357,270.587981
Type06, L,270,61.449822,276.496049,50.936207,276.675371,30.945375,262.069825,24.877584,231.088415,22.048253,201.012701,14.957749,170.883068,7.277261,140.816319,0.730397,110.919357,0.000000,79.469478,7.837899,49.672218,19.971245,18.789180,51.160257,0.000000,81.530152,20.018174,90.023435,50.275247,95.710459,80.075248,93.171296,110.559715,89.322559,140.654948,87.127999,171.331913,91.528791,202.705231,94.931804,231.462391,94.160180,264.388883,71.301856,278.060440,61.263873,275.693415
Type06, L,275,62.587782,281.616346,51.879470,281.798989,31.518438,266.922970,25.338280,235.367830,22.456554,204.735159,15.234744,174.047569,7.412025,143.424028,0.743923,112.973420,0.000000,80.941135,7.983046,50.592074,20.341083,19.137128,52.107670,0.000000,83.039970,20.388881,91.690536,51.206270,97.482875,81.558123,94.896690,112.607117,90.976680,143.259669,88.741480,174.504726,93.223768,206.459031,96.689800,235.748731,95.903887,269.284974,72.622261,283.209708,62.398390,280.798848
Type06, L,280,63.725742,286.736643,52.822733,286.922607,32.091500,271.776115,25.798976,239.647245,22.864855,208.457616,15.511739,177.212071,7.546789,146.031738,0.757449,115.027482,0.000000,82.412792,8.128192,51.511930,20.710921,19.485076,53.055082,0.000000,84.549787,20.759588,93.357637,52.137293,99.255291,83.040998,96.622085,114.654519,92.630802,145.864391,90.354962,177.677539,94.918746,210.212832,98.447797,240.035072,97.647594,274.181064,73.942665,288.358975,63.532906,285.904282
Type07, L,230,55.381735,234.439136,46.674806,235.679929,27.813006,225.459690,22.424189,198.436623,18.095578,173.301684,14.649514,146.576415,7.303308,122.409980,1.370220,97.320077,0.000000,70.740757,7.312279,45.662479,18.425727,20.483272,40.563847,0.000000,69.698811,9.891239,78.099526,38.124019,79.916612,61.757357,79.391066,89.838251,75.678273,113.292793,77.600754,143.462246,76.858482,166.456457,79.954342,193.502164,80.553379,219.966589,64.834159,235.440262,55.317984,234.002825
Type07, L,235,56.585686,239.535639,47.689476,240.803406,28.417636,230.360987,22.911671,202.750463,18.488960,177.069112,14.967982,149.762859,7.462075,125.071066,1.400008,99.435730,0.000000,72.278599,7.471241,46.655141,18.826286,20.928560,41.445670,0.000000,71.214002,10.106266,79.797342,38.952802,81.653930,63.099908,81.116959,91.791257,77.323452,115.755680,79.287727,146.580991,78.529318,170.075076,81.692479,197.708733,82.304540,224.748471,66.243597,240.558528,56.520549,239.089843
Type07, L,240,57.789636,244.632142,48.704146,245.926883,29.022267,235.262285,23.399153,207.064303,18.882342,180.836540,15.286450,152.949302,7.620843,127.732153,1.429795,101.551384,0.000000,73.816442,7.630204,47.647804,19.226845,21.373849,42.327492,0.000000,72.729194,10.321293,81.495157,39.781585,83.391248,64.442460,82.842852,93.744262,78.968632,118.218566,80.974700,149.699735,80.200155,173.693695,83.430617,201.915301,84.055700,229.530353,67.653036,245.676795,57.723114,244.176861
Type07, L,245,58.993587,249.728645,49.718815,251.050359,29.626897,240.163582,23.886636,211.378142,19.275724,184.603968,15.604917,156.135746,7.779610,130.393239,1.459583,103.667038,0.000000,75.354284,7.789166,48.640466,19.627405,21.819137,43.209315,0.000000,74.244385,10.536320,83.192973,40.610368,85.128565,65.785011,84.568744,95.697268,80.613812,120.681453,82.661673,152.818480,81.870991,177.312313,85.168755,206.121870,85.806861,234.312236,69.062474,250.795061,58.925679,249.263879
Type07, L,250,60.197538,254.825148,50.733485,256.173836,30.231528,245.064880,24.374118,215.691982,19.669106,188.371396,15.923385,159.322190,7.938378,133.054326,1.489370,105.782692,0.000000,76.892127,7.948129,49.633129,20.027964,22.264426,44.091138,0.000000,75.759577,10.751347,84.890789,41.439151,86.865883,67.127562,86.294637,97.650273,82.258992,123.144340,84.348646,155.937224,83.541828,180.930932,86.906893,210.328439,87.558021,239.094118,70.471912,255.913328,60.128244,254.350897
Type07, L,255,61.401489,259.921651,51.748155,261.297313,30.836159,249.966178,24.861600,220.005822,20.062488,192.138824,16.241853,162.508634,8.097146,135.715413,1.519157,107.898346,0.000000,78.429970,8.107092,50.625792,20.428523,22.709715,44.972961,0.000000,77.274769,10.966374,86.588605,42.267934,88.603201,68.470113,88.020530,99.603278,83.904172,125.607227,86.035619,159.055968,85.212665,184.549551,88.645031,214.535008,89.309181,243.876000,71.881350,261.031595,61.330809,259.437915
Type07, L,260,62.605440,265.018154,52.762824,266.420789,31.440789,254.867475,25.349083,224.319661,20.455870,195.906252,16.560320,165.695078,8.255913,138.376499,1.548945,110.014000,0.000000,79.967812,8.266054,51.618454,20.829083,23.155003,45.854784,0.000000,78.789960,11.181401,88.286421,43.096717,90.340518,69.812664,89.746422,101.556284,85.549352,128.070114,87.722592,162.174713,86.883501,188.168169,90.383169,218.741577,91.060342,248.657883,73.290788,266.149861,62.533374,264.524933
Type07, L,265,63.809390,270.114657,53.777494,271.544266,32.045420,259.768773,25.836565,228.633501,20.849252,199.673680,16.878788,168.881521,8.414681,141.037586,1.578732,112.129654,0.000000,81.505655,8.425017,52.611117,21.229642,23.600292,46.736606,0.000000,80.305152,11.396428,89.984236,43.925500,92.077836,71.155216,91.472315,103.509289,87.194532,130.533000,89.409565,165.293457,88.554338,191.786788,92.121307,222.948145,92.811502,253.439765,74.700227,271.268128,63.735939,269.611951
Type07, L,270,65.013341,275.211160,54.792164,276.667743,32.650050,264.670070,26.324047,232.947341,21.242634,203.441108,17.197256,172.067965,8.573448,143.698672,1.608520,114.245307,0.000000,83.043497,8.583979,53.603779,21.630201,24.045580,47.618429,0.000000,81.820343,11.611455,91.682052,44.754283,93.815154,72.497767,93.198208,105.462295,88.839711,132.995887,91.096538,168.412202,90.225174,195.405407,93.859444,227.154714,94.562663,258.221647,76.109665,276.386394,64.938504,274.698969
Type07, L,275,66.217292,280.307663,55.806834,281.791220,33.254681,269.571368,26.811530,237.261180,21.636017,207.208536,17.515724,175.254409,8.732216,146.359759,1.638307,116.360961,0.000000,84.581340,8.742942,54.596442,22.030760,24.490869,48.500252,0.000000,83.335535,11.826482,93.379868,45.583066,95.552471,73.840318,94.924101,107.415300,90.484891,135.458774,92.783511,171.530946,91.896011,199.024025,95.597582,231.361283,96.313823,263.003530,77.519103,281.504661,66.141068,279.785987
Type07, L,280,67.421243,285.404166,56.821503,286.914696,33.859311,274.472666,27.299012,241.575020,22.029399,210.975964,17.834191,178.440853,8.890983,149.020845,1.668094,118.476615,0.000000,86.119182,8.901904,55.589104,22.431320,24.936157,49.382075,0.000000,84.850726,12.041509,95.077684,46.411849,97.289789,75.182869,96.649993,109.368306,92.130071,137.921661,94.470484,174.649691,93.566847,202.642644,97.335720,235.567852,98.064984,267.785412,78.928541,286.622927,67.343633,284.873005
