Type,side,size,x1,y1,x2,y2,x3,y3,x4,y4,x5,y5,x6,y6,x7,y7,x8,y8,x9,y9,x10,y10,x11,y11,x12,y12,x13,y13,x14,y14,x15,y15,x16,y16,x17,y17,x18,y18,x19,y19,x20,y20,x21,y21
Type00,L,230,61.485545,241.914968,35.310938,236.028621,26.876649,211.960513,24.816767,183.618775,18.379643,156.077210,11.002806,128.602161,4.303091,101.002125,3.043553,73.622716,10.824310,46.408720,23.208028,21.190759,41.883341,-0.305345,69.600701,7.580850,81.598914,30.692713,86.888147,58.465052,86.480518,86.540808,86.022059,114.737666,88.029045,143.134277,88.560253,171.539819,85.772917,199.997952,78.800355,228.571640,59.592831,242.471691
Type00,L,235,60.711802,243.642464,35.184552,235.865228,26.683368,211.097634,23.785342,182.776256,17.590926,155.046959,10.517223,127.411177,3.972562,99.676617,3.227459,72.136042,11.200943,44.826707,23.679671,19.801384,43.827678,-0.060833,70.839858,9.539381,82.028427,33.294290,86.956713,61.271766,86.271593,89.492206,85.327772,117.838393,87.373375,146.263889,88.171553,174.656706,85.658559,203.139685,79.571563,231.083146,59.132404,243.794665
Type00,L,240,60.708765,246.735450,35.370073,237.662995,26.785315,212.191302,23.046906,183.704742,17.198751,155.581154,10.335957,127.630923,3.726132,99.633812,3.241233,71.728227,11.253093,44.105389,23.740576,18.982123,45.123919,0.168372,71.703021,11.213688,82.550525,35.525369,87.263760,63.854348,86.264888,92.362770,84.526496,121.000109,86.472942,149.643182,87.745436,178.216258,85.959399,206.906918,81.145045,234.434845,59.468419,246.584520
Type00,L,245,61.635024,250.880433,35.956982,241.439725,27.228069,215.379375,22.781017,186.542423,17.293137,157.862820,10.486297,129.473456,3.605671,101.099851,3.055081,72.653286,10.922122,44.520113,23.347794,18.985443,45.443878,0.333083,72.005328,12.226162,83.086477,36.906839,87.809828,65.694176,86.518075,94.603235,83.820410,123.643684,85.555870,152.688215,87.408639,181.638638,86.703699,210.716404,83.333757,238.184358,60.680099,250.613902
Type00,L,250,63.357186,255.732040,36.921542,246.811612,27.968081,220.311936,23.032663,190.968356,17.801716,161.641253,10.878216,132.725919,3.609468,103.878729,2.718578,74.770700,10.305499,45.987259,22.664815,19.790402,44.877756,0.411154,71.848542,12.490542,83.635720,37.359769,88.601473,66.670595,87.071537,96.053673,83.472130,125.570803,84.971927,155.166901,87.352442,184.665006,87.859391,214.279869,85.802531,242.090883,62.574056,255.557203
Type00,L,255,65.434996,261.002706,38.087133,253.049347,28.866134,226.190732,23.692108,196.234691,18.509081,166.245855,11.336388,136.754973,3.696174,107.355428,2.359917,77.539003,9.654164,48.046410,22.039292,21.075131,43.961358,0.417704,71.625227,12.277173,84.293138,37.278174,89.653781,67.145415,87.938496,97.039065,83.735731,127.069932,85.099905,157.310932,87.787846,187.473307,89.339116,217.725080,88.143207,246.206335,64.694510,261.061931
Type00,L,260,67.232073,266.483550,39.144676,259.240680,29.715708,231.964140,24.530883,201.350639,19.133862,170.751928,11.668611,140.667716,3.804699,110.660095,2.149982,80.166795,9.300595,49.993816,21.893879,22.311633,43.505104,0.399845,71.887050,12.122525,85.213865,37.390947,90.976065,67.828072,89.095765,98.240530,84.771936,128.793374,86.218121,159.703631,88.874754,190.575841,91.014927,221.502265,89.977949,250.797104,66.442254,266.785683
Type00,L,265,68.123251,271.992817,39.740184,264.509607,30.301032,236.615814,25.280361,205.360621,19.431637,174.247583,11.739998,143.579736,3.880247,112.941341,2.241667,81.872403,9.538989,51.123860,22.566942,22.953070,44.279854,0.417135,73.121293,12.609803,86.534582,38.457021,92.544509,69.464509,90.476926,100.382981,86.577881,131.444089,88.386281,162.979156,90.649011,194.531106,92.737061,226.105721,91.056429,256.124218,67.267734,272.392234
Type00,L,270,67.718678,277.293505,39.601191,268.219617,30.465207,239.442332,25.721128,207.614791,19.279906,176.102846,11.519749,144.889085,3.894246,113.642998,2.708663,82.149561,10.505875,50.981253,24.169126,22.637291,46.691440,0.516060,75.530570,14.114751,88.286014,40.925907,94.275444,72.486568,91.971186,103.878235,88.960937,135.413251,91.389450,167.470775,92.977927,199.604463,94.352181,231.742988,91.313195,262.191815,66.863598,277.529601
Type00,L,275,66.009856,282.042408,38.648410,270.096028,30.162081,240.219066,25.748220,207.931323,18.711298,176.138363,11.082065,144.448981,3.850067,112.673464,3.510671,80.930409,12.114039,49.518400,26.519787,21.319893,50.589700,0.709991,78.916197,16.632548,90.340625,44.719492,96.016464,76.785385,93.431812,108.592335,91.571650,140.542079,94.773060,172.979804,95.567769,205.546696,95.719427,238.119748,90.866692,268.599364,65.275876,281.826085
Type00,L,280,63.374765,285.815182,37.040282,270.236335,29.470809,239.202438,25.389993,206.596936,17.886514,174.634962,10.565797,142.576446,3.774330,110.404346,4.501133,78.583474,14.070437,47.095649,29.193022,19.282398,55.297748,0.973408,82.719839,19.763814,92.425147,49.234258,97.566205,81.714076,94.696295,113.847392,93.988246,146.122819,97.960795,178.779614,98.027120,211.603649,96.724953,244.453623,89.964291,274.583767,62.886743,284.928293
Type01,L,230,48.219030,237.351848,23.816046,228.824539,17.058321,204.081185,14.011139,176.711120,10.436175,149.406339,5.651418,122.308666,1.573632,95.121322,2.071910,67.874638,8.522924,41.137315,20.135786,17.259030,41.777288,0.257618,64.660328,14.939161,76.414500,38.201368,79.629286,65.367178,79.394283,92.885834,79.434896,120.396116,79.203283,147.873182,77.291232,175.333801,76.252993,202.840932,70.838545,227.824743,47.396404,236.918290
Type01,L,235,50.023209,241.002225,25.024096,232.997627,17.706609,208.027907,14.984300,180.137288,11.079240,152.413545,5.866731,124.894839,1.692201,97.226161,1.544851,69.410193,7.160112,42.042395,18.888495,17.651975,40.732052,0.172740,64.798821,14.028168,76.990926,37.431343,79.977705,65.018748,79.813082,93.061105,79.901642,121.089287,79.783860,149.086046,78.686015,177.069864,77.840591,205.073762,72.552358,230.825260,49.185255,240.667208
Type01,L,240,51.970183,245.801369,26.541594,237.877951,18.585300,212.440446,15.919512,183.953587,11.672899,155.699059,6.112158,127.635742,1.809371,99.380948,1.345677,70.941631,6.616739,42.920093,18.656623,18.014436,40.817025,0.181962,65.955323,13.566019,78.180046,37.476524,81.062540,65.644414,80.814424,94.285387,80.859458,122.916959,80.975536,151.529924,80.584984,180.139055,79.989372,208.750324,74.665057,235.216758,51.085395,245.488246
Type01,L,245,54.014070,251.160306,28.287814,242.946259,19.735062,216.883032,16.818719,187.801541,12.205700,158.978060,6.412075,130.315209,1.944942,101.444626,1.512934,72.413765,7.001284,43.803634,19.489712,18.411511,41.939645,0.275349,67.959498,13.510486,79.844307,38.203404,82.796815,67.028331,82.268058,96.259092,82.145539,125.497809,82.641740,154.742480,82.785259,183.993514,82.433300,213.241827,77.047024,240.319822,53.063320,250.807994
Type01,L,250,56.088999,256.594443,30.105296,247.887292,21.109752,221.141612,17.691833,191.514164,12.677871,162.139244,6.760971,132.878279,2.103577,103.416393,1.971326,73.870599,8.142524,44.776185,21.130107,18.926528,43.728817,0.409675,70.428604,13.737587,81.744614,39.331925,84.925486,68.817127,83.932996,98.576401,83.509714,128.371561,84.526663,158.206341,85.026978,188.052305,84.839489,217.904805,79.530242,245.495906,55.078788,256.177302
Type01,L,255,58.060881,261.860332,31.764436,252.648457,22.547749,225.245022,18.514166,195.124812,13.081442,165.235907,7.112207,135.406530,2.264140,105.396693,2.556988,75.403838,9.647981,45.909826,23.102448,19.610113,45.683555,0.524689,72.891767,14.119214,83.610326,40.567368,87.093983,70.674951,85.535165,100.895949,84.704464,131.185183,86.331475,161.551032,87.053490,191.921905,86.893501,222.319521,81.906304,250.370783,57.026198,261.391629
Type01,L,260,59.734358,266.982956,33.019710,257.387233,23.809906,229.386200,19.215045,198.794371,13.398680,168.411069,7.396932,138.039973,2.386470,107.510626,3.078243,77.086981,11.049001,47.214566,24.887471,20.445861,47.364609,0.569314,74.950733,14.583404,85.228193,41.719337,88.969308,72.410277,86.869521,103.063647,85.589318,133.813406,87.822865,164.672842,88.687495,195.518588,88.397997,226.415641,83.953816,254.934233,58.725441,266.500699
Type01,L,265,60.923091,272.160768,33.701361,262.332302,24.674868,233.780717,19.708453,202.691542,13.621309,171.792890,7.565885,140.883164,2.433793,109.830577,3.386452,78.927522,11.971688,48.623672,26.106473,21.350738,48.543309,0.525978,76.408831,15.125559,86.512444,42.750282,90.363179,74.013322,87.881030,105.127762,86.200336,136.354360,88.926431,167.713577,89.892826,199.032239,89.344589,230.423052,85.493859,259.465906,59.978310,271.703133
Type01,L,270,61.545171,277.589525,33.797055,267.616824,25.043624,238.521408,19.946937,206.875470,13.775414,175.403277,7.629176,143.933695,2.398042,112.328588,3.426450,80.854704,12.260470,50.018443,26.637522,22.208111,49.245258,0.420874,77.312119,15.770808,87.521977,43.737328,91.297417,75.593224,88.682183,107.244777,86.744155,139.007091,89.755781,170.912002,90.787900,202.751173,89.919909,234.672534,86.448840,264.319973,60.661057,277.171821
Type01,L,275,61.682264,283.283005,33.474316,273.150964,24.993542,243.484577,19.962468,211.223999,13.929791,179.111509,7.666666,147.056022,2.312008,114.870491,3.245995,82.739254,12.004732,51.273096,26.618279,22.913423,49.680229,0.314272,77.887596,16.517508,88.413453,44.778790,91.975422,77.258324,89.492348,109.532731,87.509295,141.899690,90.555011,174.407671,91.593881,206.838493,90.431346,239.346758,86.870650,269.670390,60.795990,282.886806
Type01,L,280,61.559076,288.971130,33.022531,278.583404,24.747694,248.320093,19.864973,215.430604,14.174949,182.644649,7.797447,150.003398,2.239268,117.245585,2.963432,84.428044,11.465905,52.292809,26.344881,23.407992,50.103817,0.274787,78.411872,17.300695,89.350485,45.902794,92.670068,79.009407,90.523396,111.953203,88.729412,144.959744,91.575581,178.098966,92.532429,211.173053,91.176314,244.305230,86.917282,275.337686,60.554925,288.549776
Type02,L,230,64.539221,235.391472,40.255161,226.241563,32.140155,200.661368,26.279182,173.166455,19.330421,145.907965,9.827939,119.514487,2.373806,92.621242,2.044821,64.844622,9.261178,37.854632,23.903142,14.870340,46.892687,1.166569,73.020695,11.588954,81.346973,37.087205,88.213150,64.356926,84.641365,91.378256,74.879645,117.726097,73.361210,144.253534,81.153205,171.288014,87.836276,198.562721,85.512143,224.476750,63.533952,235.101706
Type02,L,235,65.319384,238.741301,41.265990,230.614727,32.806026,204.724554,27.124963,176.795330,19.968918,149.196711,10.988267,122.196648,3.207627,94.892294,2.063270,66.902801,9.325054,39.533116,24.067401,16.022264,46.685889,1.116876,72.964533,12.182681,81.227727,37.646974,87.832719,65.334698,84.579951,92.636530,74.357509,119.251807,72.002917,146.054810,80.001286,173.444621,87.217732,200.987814,85.930425,227.527124,64.129379,238.987172
Type02,L,240,66.052274,243.503958,42.031851,235.746310,33.347886,209.367546,27.917703,180.861894,20.524807,152.806353,11.809550,125.155074,3.786786,97.317061,2.079805,68.935305,9.406128,41.061236,24.343694,16.990739,46.873802,1.104996,73.360936,12.968735,81.501093,38.654197,88.018181,66.850752,84.861417,94.508817,74.292867,121.558582,71.352203,148.859475,79.377982,176.770009,87.102551,204.717642,86.717388,231.847085,64.776814,244.109707
Type02,L,245,66.677845,249.279110,42.437337,241.134074,33.700049,214.127415,28.514867,184.963394,20.891959,156.364907,12.141077,128.080505,4.002322,99.629256,2.104560,70.695319,9.534072,42.239966,24.769265,17.641001,47.536720,1.142373,74.278948,13.875700,82.242896,40.048129,88.877163,68.799335,85.545327,96.857829,74.791722,124.477042,71.644865,152.467160,79.522080,181.021103,87.646164,209.487431,87.859737,237.104269,65.431369,249.990404
Type02,L,250,67.222656,255.601883,42.501668,246.446727,33.882316,218.730083,28.829066,188.889221,21.016224,159.688086,11.990503,130.810502,3.861228,101.702749,2.155736,72.097484,9.758386,43.032279,25.397299,17.968483,48.678347,1.230940,75.712817,14.833592,83.462514,41.712686,90.392256,71.033074,86.635667,99.509859,75.839358,127.783934,72.891273,156.595370,80.516923,185.862229,88.884785,214.934769,89.311315,242.927626,66.094863,256.158707
Type02,L,255,67.781626,261.999615,42.369167,251.548505,33.989358,223.106737,28.850626,192.626881,20.910152,162.785853,11.520856,133.338528,3.484271,103.558861,2.252816,73.221678,10.128701,43.560420,26.270073,18.093113,50.208862,1.361331,77.563708,15.782109,85.082767,43.490022,92.406163,73.377914,88.064224,102.271879,77.291534,131.225745,74.858315,160.910451,82.251324,190.902784,90.707276,220.636931,90.986875,248.940878,66.804496,262.212038
Type02,L,260,68.464462,268.020980,42.247914,256.415603,34.146785,227.301242,28.643351,196.263924,20.644560,165.770919,10.987123,135.744867,3.059800,105.303027,2.407159,74.243136,10.668348,44.034554,27.384936,18.201137,51.951997,1.514427,79.642826,16.670378,86.939717,45.202002,94.646851,75.646317,89.690081,104.941583,78.906538,134.536532,77.132943,165.056941,84.439308,195.731385,92.868469,226.142361,92.759133,254.764924,67.600015,267.820020
Type02,L,265,69.331631,273.249015,42.322929,261.000111,34.453297,231.325403,28.316443,199.842446,20.320972,168.720717,10.638816,138.089117,2.772632,107.025656,2.614180,75.323952,11.353308,44.646131,28.670010,18.460455,53.677469,1.665895,81.700057,17.451903,88.807112,46.676737,96.787745,77.651587,91.319609,107.316163,80.408432,137.454908,79.245006,168.688478,86.694105,199.950314,95.043019,231.003559,94.465857,260.010205,68.485870,272.694849
Type02,L,270,70.351166,277.319327,42.682419,265.124399,34.935449,235.045826,27.985178,203.247583,20.036791,171.568147,10.630332,140.323386,2.738415,108.719665,2.851083,76.519548,12.107696,45.476204,29.984439,18.948108,55.150823,1.792260,83.473300,18.081030,90.441538,47.775800,98.524649,79.226837,92.744173,109.207615,81.559339,139.747171,80.802704,171.504670,88.630774,203.216171,96.903536,234.820818,95.931026,264.288093,69.408482,276.566750
Type02,L,275,71.397546,279.956934,43.288386,268.468729,35.535134,238.166030,27.736199,206.191032,19.857020,174.078813,10.975676,142.272111,2.970101,110.256364,3.081767,77.743925,12.819924,46.459816,31.147431,19.621503,56.185871,1.876486,84.745104,18.515570,91.635905,48.416515,99.644693,80.248564,93.785492,110.467532,82.215740,141.238451,81.591009,173.292879,89.961840,205.286449,98.197678,237.297686,96.997520,267.257228,70.261418,279.194817
Type02,L,280,72.292844,281.026104,44.000637,270.660296,36.133541,240.313058,27.609198,208.297637,19.801925,175.924329,11.561587,143.686969,3.386923,111.428899,3.267192,78.805704,13.374042,47.418100,31.986641,20.342478,56.683495,1.911302,85.389243,18.725662,92.264702,48.583849,100.066238,80.659352,94.334662,111.015895,82.351511,141.844998,81.602427,173.965466,90.555423,206.061760,98.799979,238.295471,97.561851,268.695177,70.916952,280.415723
Type03,L,230,51.974920,236.517061,28.853690,226.869998,20.970057,201.706134,16.858959,174.444322,11.758073,147.360892,5.831727,120.445767,1.467704,93.278803,1.815159,65.910525,8.308350,39.311474,22.027067,16.249299,43.156617,1.319329,68.046656,13.379018,76.563897,38.261985,79.722927,65.586457,78.367719,93.043342,73.666404,120.177812,73.205836,147.190967,77.230712,174.437341,79.799733,201.881641,76.064703,226.543372,51.975234,236.490040
Type03,L,235,52.637884,240.452283,29.434688,230.779574,20.928472,205.252946,16.458468,177.636951,11.550198,150.090538,5.606408,122.766503,1.277325,95.198264,1.804157,67.387653,8.262010,40.370450,22.385820,16.925769,42.891329,1.720245,68.989615,12.925437,77.133261,38.378226,80.402912,66.094215,78.918022,93.940776,74.271683,121.485481,73.877654,148.911414,77.835790,176.573679,80.336157,204.435499,76.915063,229.708619,52.728960,240.590301
Type03,L,240,53.375708,245.439465,29.913201,235.644324,20.817837,209.656367,16.168258,181.539155,11.362235,153.434014,5.426620,125.568440,1.160050,97.461078,1.764254,69.091478,8.257665,41.556070,22.851312,17.662202,43.126623,1.924382,70.047518,13.026802,77.953696,39.090874,81.408096,67.313247,79.855068,95.641881,75.226635,123.710152,74.953648,151.677510,78.807611,179.880616,81.251373,208.283274,78.069357,234.154225,53.519351,245.681370
Type03,L,245,54.197271,250.962177,30.313618,241.019387,20.761760,214.514169,16.087811,185.805155,11.300831,157.096543,5.359774,128.623890,1.128494,99.908115,1.714106,70.923387,8.303120,42.816849,23.308648,18.419898,43.751332,1.928672,71.081347,13.561760,78.981959,40.189659,82.625351,68.985614,81.061644,97.852454,76.395317,126.503987,76.239500,155.081773,79.993181,183.891750,82.437963,212.897638,79.404041,239.331160,54.334559,251.233277
Type03,L,250,55.166834,256.614144,30.727291,246.592605,20.904049,219.552204,16.287831,190.213175,11.473791,160.887786,5.468064,131.800123,1.177569,102.468633,1.679947,72.860422,8.395965,44.160153,23.644234,19.198393,44.537674,1.787870,72.000866,14.271900,80.181477,41.357675,83.950087,70.757431,82.416033,100.198413,77.648772,129.452350,77.539284,158.659036,81.241061,188.094206,83.778318,217.716956,80.826622,244.705890,55.234450,256.853996
Type03,L,255,56.363856,262.181586,31.262878,252.227279,21.343473,224.662153,16.784386,194.688763,11.946349,164.741555,5.787347,135.062649,1.291210,105.145730,1.685403,74.930221,8.523518,45.622884,23.789475,20.019100,45.231977,1.586566,72.787833,14.870496,81.520947,42.295796,85.317957,72.309846,83.835395,102.356686,78.913916,132.213302,78.733206,162.038092,82.459844,192.091743,85.183359,222.320763,82.302392,249.911785,56.314901,262.367434
Type03,L,260,57.826661,267.619043,31.986111,257.903218,22.080983,229.843525,17.527078,199.243771,12.707190,168.664003,6.310653,138.420712,1.450920,107.956914,1.741705,77.153552,8.665731,47.221884,23.747765,20.896070,45.652155,1.402440,73.487605,15.158909,82.961396,42.836190,86.710505,73.468624,85.292004,104.154468,80.189688,134.613240,79.816060,165.037550,83.643009,195.699412,86.609121,226.523427,83.846857,254.805152,57.648357,267.775664
Type03,L,265,59.507069,272.936099,32.878260,263.590159,23.005967,235.082060,18.407033,203.864344,13.660468,172.638741,6.983330,141.844598,1.641323,110.861414,1.842751,79.484587,8.800132,48.910164,23.591410,21.809414,45.747657,1.278267,74.172935,15.096614,84.439535,42.992251,88.131763,74.242103,86.793360,105.592031,81.520604,136.655914,80.875403,167.663580,84.846123,198.928370,88.043076,230.345249,85.486252,259.403768,59.228078,273.128036
Type03,L,270,61.258983,278.058187,33.833128,269.123115,23.929801,240.230291,19.283101,208.408002,14.649102,176.540034,7.712822,145.199375,1.850419,113.713219,1.967207,81.780757,8.907164,50.562399,23.429445,22.695457,45.597748,1.214324,74.896949,14.795748,85.858536,42.925040,89.568812,74.774375,88.337460,106.784088,82.941038,138.447265,82.020114,170.018359,86.127932,201.876698,89.469179,233.884180,87.206086,263.746971,60.942769,278.367404
Type03,L,275,62.868197,282.738134,34.692912,274.149081,24.651972,244.956089,20.017577,212.566140,15.500653,180.101781,8.390448,148.231754,2.065881,116.266052,2.086482,83.819350,8.974298,51.998347,23.361435,23.458932,45.355636,1.181396,75.657406,14.450142,87.094516,42.848765,90.958971,75.243858,89.869363,107.856616,84.420545,140.081977,83.296958,172.174236,87.487113,204.590910,90.833150,237.163081,88.915552,267.757385,62.594415,283.235723
Type03,L,280,64.111648,286.568409,35.304825,278.178415,25.029016,248.791110,20.509349,215.915600,16.077415,182.962144,8.918004,150.620350,2.271183,118.230884,2.174836,85.355062,8.997827,53.034230,23.438518,24.001536,45.170951,1.144380,76.388449,14.239486,88.019495,42.925916,92.183406,75.762230,91.265292,108.855974,85.840931,141.554502,84.639173,174.083340,88.829340,206.974982,92.029809,240.037243,90.448710,271.181488,63.952392,287.290806
Type04,L,230,56.343212,236.154707,31.409966,229.456797,23.249864,205.098401,19.150773,177.553561,13.868873,150.159362,8.130636,122.856298,2.720493,95.500669,1.918747,67.991409,8.630902,41.044466,21.581539,17.068122,43.451130,0.242301,69.175108,11.021215,81.028196,33.981726,83.001665,61.431249,80.652306,89.208113,78.145552,117.002590,78.682298,144.723645,81.769769,172.418841,83.256936,200.266359,78.661465,225.899833,55.745902,235.642452
Type04,L,235,58.245063,240.588412,32.866360,233.080360,24.248476,208.240472,20.088977,180.303071,14.650492,152.574088,8.733906,124.934348,3.146103,97.235462,1.944876,69.439280,8.606130,42.079810,21.365594,17.644174,43.306133,0.362027,69.222393,11.437464,81.477476,34.719658,84.639227,62.513377,82.544383,90.609718,79.545468,118.698913,79.841885,146.789360,82.862049,174.870667,84.638420,203.068944,80.821549,229.121440,57.749554,240.239430
Type04,L,240,60.010312,245.759745,34.210453,237.377265,25.443290,211.904980,21.284625,183.432593,15.598878,155.244354,9.326266,127.163842,3.475182,98.995657,2.119402,70.778037,8.975817,42.912605,21.592683,17.923452,44.024636,0.417880,70.090637,12.219549,82.717880,36.034685,86.719729,64.308243,84.557981,92.845724,81.175428,121.377722,81.464602,149.982091,84.484088,178.582417,86.556168,207.275004,83.172592,233.717116,59.572947,245.451447
Type04,L,245,61.315570,251.181927,35.190974,241.982074,26.549922,215.788222,22.421907,186.707546,16.480104,157.978603,9.796318,129.388077,3.657650,100.675396,2.392627,71.945850,9.596541,43.528383,22.157839,17.971786,45.355162,0.436611,71.530443,13.242132,84.383691,37.748539,88.801333,66.591466,86.325731,95.642867,82.714598,124.714198,83.184270,153.918150,86.267551,183.108648,88.600326,212.376279,85.197897,239.193377,60.868247,250.812184
Type04,L,250,62.045255,256.569639,35.698174,246.726369,27.332429,219.788068,23.216600,190.087623,17.092709,160.773403,10.081128,131.628559,3.693465,102.339986,2.683235,73.048979,10.244702,44.062225,22.844412,17.972889,46.865249,0.459284,73.152102,14.304219,86.040416,39.572745,90.501357,69.030783,87.615946,98.629695,83.927260,128.286417,84.659673,158.121430,87.851098,187.920280,90.384540,217.786176,86.545630,245.023748,61.509288,256.091122
Type04,L,255,62.334152,261.872440,35.803039,251.642963,27.690837,223.994058,23.526505,193.698029,17.341854,163.777036,10.182537,134.045517,3.628441,104.174226,2.908609,74.298642,10.707628,44.731802,23.416974,18.146961,48.116116,0.515891,74.585832,15.194206,87.370981,41.196947,91.644267,71.284670,88.420114,101.446873,84.756963,131.701151,85.708783,162.163752,89.021964,192.559836,91.694349,223.012611,87.174540,250.787949,61.639711,261.304110
Type04,L,260,62.500762,267.186307,35.722769,256.851733,27.690529,228.563268,23.402534,197.700812,17.268755,167.162975,10.156990,136.817450,3.532870,106.361350,3.016229,75.889071,10.870296,45.724938,23.724674,18.648519,48.837078,0.603298,75.626762,15.764912,88.299776,42.392770,92.319504,73.107844,88.947227,103.851122,85.343088,134.702205,86.370603,165.775795,89.788299,196.753745,92.557368,227.774555,87.368853,256.244362,61.606369,266.598540
Type04,L,265,62.898925,272.588761,35.725594,262.384253,27.520133,233.542879,23.056050,202.129273,17.022453,170.974597,10.085273,139.997738,3.473030,108.951007,3.001898,77.875379,10.756616,47.095197,23.763731,19.491719,49.017315,0.679494,76.294455,15.984527,88.992324,43.086583,92.818345,74.416646,89.522055,105.766270,85.947039,137.212707,86.863295,168.879417,90.346483,200.432125,93.200069,232.010830,87.607182,261.306085,61.804632,272.070222
Type04,L,270,63.756383,277.981791,36.017163,268.039425,27.399930,238.732272,22.759354,206.771712,16.789181,175.021065,10.037439,143.421577,3.488027,111.783306,2.906815,80.112246,10.506841,48.716802,23.667756,20.538467,48.874918,0.679285,76.781539,15.939023,89.734529,43.366749,93.479569,75.284484,90.431397,107.259298,86.820376,139.294585,87.459927,171.530759,90.961419,203.652453,93.913676,235.783922,88.342670,265.940404,62.505786,277.603250
Type04,L,275,65.074731,283.023295,36.658964,273.349104,27.485829,243.660212,22.728039,211.168215,16.713936,178.880526,10.048644,146.712789,3.580561,114.508860,2.795881,82.284224,10.304967,50.320509,23.632476,21.553175,48.726427,0.544960,77.324293,15.785199,90.758957,43.423095,94.519596,75.872253,91.788498,108.457257,88.077144,141.050968,88.344696,173.809567,91.821967,206.473395,94.897630,239.136299,89.796419,270.052273,63.744552,282.813053
Type04,L,280,66.632574,287.183940,37.552093,277.677930,27.812447,247.695224,23.039236,214.727905,16.849420,182.013454,10.114188,149.390265,3.722907,116.696756,2.728456,84.012719,10.293764,51.591845,23.815348,22.295785,48.827848,0.256844,78.066198,15.678059,92.109708,43.450302,95.928059,76.331309,93.476537,109.450841,89.630241,142.526141,89.519673,175.717141,92.943174,208.849925,96.157455,241.980260,91.858202,273.420537,65.312909,287.122490
Type05,L,230,56.606963,245.845102,31.750480,238.165447,22.813753,212.365522,20.023261,183.730012,16.057637,155.255169,7.128587,128.150144,0.367910,100.801706,3.166203,72.453476,12.005265,45.086771,25.473840,20.458497,47.900066,2.079113,70.393979,15.362811,80.615424,40.264902,83.936348,68.776235,77.508866,95.797984,70.458908,123.152873,72.320957,151.728468,78.851556,179.753668,84.072201,207.872771,79.777292,234.214910,56.133116,246.013510
Type05,L,235,56.385229,245.949904,31.836581,237.291504,23.128331,211.267812,20.293469,182.680658,16.322133,154.248901,7.363398,127.183114,0.541550,99.860247,3.218508,71.582586,12.109443,44.263338,25.432272,19.697921,48.210053,1.984305,70.533913,15.845420,80.757955,40.940456,84.122356,69.433395,77.839941,96.576652,70.889642,123.984433,72.560582,152.491384,79.058336,180.479903,84.314017,208.543693,79.551619,234.828232,55.790256,245.760649
Type05,L,240,56.575573,247.978918,32.309920,238.019978,23.862440,211.516034,20.957131,182.779984,16.890997,154.204938,7.865844,126.971333,0.886221,99.462458,3.311897,71.077999,12.240270,43.592730,25.436260,18.909148,48.690099,1.772808,71.050300,16.581144,81.237710,42.096065,84.784817,70.754360,78.848525,98.252502,71.937719,125.933019,73.260665,154.553261,79.692159,182.715061,85.024951,210.926215,79.830067,237.338680,55.811699,247.412441
Type05,L,245,57.166248,251.690368,33.108930,240.359322,24.913837,213.196514,21.937066,184.126712,17.685189,155.238457,8.568424,127.645351,1.357433,99.757175,3.433852,71.097610,12.370988,43.247525,25.482614,18.271382,49.232544,1.461129,71.845406,17.441169,81.951109,43.529088,85.794067,72.517187,80.377527,100.548720,73.431414,128.683415,74.301150,157.592215,80.633147,186.121623,86.064939,214.672452,80.582874,241.385748,56.223735,250.821010
Type05,L,250,58.101593,256.604467,34.123361,244.122236,26.120783,216.232157,23.093910,186.680146,18.580932,157.345877,9.363086,129.242255,1.882884,100.825944,3.564915,71.751684,12.471758,43.378555,25.566051,17.964409,49.717939,1.088903,72.786439,18.261597,82.769077,44.976130,86.978004,74.417694,82.189064,103.077976,75.125256,131.783490,75.511931,161.127604,81.720815,190.177346,87.251784,219.224596,81.729072,246.378214,57.011963,255.597200
Type05,L,255,59.306872,262.161385,35.229698,248.993101,27.308157,220.414906,24.260401,190.280092,19.443905,160.410463,10.130076,131.697440,2.380374,102.660012,3.683430,73.068270,12.519249,44.066332,25.683904,18.110144,50.060445,0.713024,73.757845,18.892573,83.591803,46.196089,88.191079,76.167024,84.043971,105.467411,76.781319,134.790973,76.733431,164.677027,82.815788,194.346155,88.432772,223.997678,83.172927,251.689864,58.130906,261.235652
Type05,L,260,60.713452,267.890927,36.328830,254.612759,28.338198,225.455613,25.284304,194.682691,20.167455,164.223738,10.771065,134.850635,2.779457,105.149925,3.771252,74.970852,12.505263,45.283158,25.839250,18.723116,50.245479,0.396350,74.707388,19.246894,84.393977,47.050811,89.374101,77.587411,85.780708,107.481804,78.248800,137.418860,77.873522,167.913390,83.854535,198.250828,89.546912,228.566074,84.838715,256.859366,59.516525,267.258520
Type05,L,265,62.271333,273.519878,37.369765,260.642155,29.145900,231.027700,26.064864,199.594804,20.700147,168.512273,11.234173,138.462610,3.039176,108.091362,3.818433,77.277700,12.440684,46.882381,26.040183,19.691498,50.341169,0.193682,75.663163,19.328260,85.236878,47.549104,90.574836,78.664975,87.358751,109.091775,79.506906,139.616435,78.934424,170.753680,84.870404,201.772275,90.646905,232.772499,86.685678,261.706591,61.094725,273.316182
Type05,L,270,63.942567,278.971102,38.349251,266.780509,29.745009,236.789465,26.570135,204.695688,21.051981,172.962324,11.521491,142.239240,3.155611,111.208403,3.825236,79.727257,12.352606,48.623342,26.294680,20.800505,50.474912,0.138817,76.710497,19.226407,86.236964,47.833231,91.915189,79.534651,88.845937,110.454937,80.650416,141.547949,79.995290,173.338309,85.967706,205.029932,91.866024,236.710132,88.694477,266.312533,62.782333,279.204860
Type05,L,275,65.679807,284.261780,39.288644,272.741315,30.203492,242.386732,26.830657,209.646920,21.277774,177.241553,11.677154,145.861416,3.157087,114.192046,3.800858,82.025844,12.275309,50.227506,26.602921,21.793213,50.781881,0.236452,77.936775,19.080140,87.501403,48.111825,93.516242,80.402440,90.355222,111.816878,81.823441,143.477292,81.156805,175.910036,87.257779,208.252907,93.341067,240.587938,90.831876,270.874450,64.482682,284.803907
Type05,L,280,67.403392,289.359317,40.200582,278.214851,30.600963,247.452439,26.914700,214.102189,21.446154,181.022771,11.762335,149.020334,3.089885,116.747962,3.759563,83.906011,12.238475,51.448461,26.950704,22.447638,51.346202,0.461378,79.369079,19.023356,89.058670,48.567627,95.414615,81.439456,91.961085,113.376620,83.131758,145.611668,82.473196,178.649826,88.785567,211.604477,95.125366,244.546299,93.013453,275.509401,66.082494,289.977151
Type06,L,230,54.261065,237.764452,30.388373,227.252913,23.116018,202.065034,19.869800,174.662711,14.164135,147.718904,7.266354,120.988196,2.060535,93.925486,2.630884,66.755114,9.259147,39.994235,21.371339,16.465844,43.701265,0.146996,65.783655,16.204514,77.035058,39.877815,81.652026,67.050180,81.048948,94.437598,78.063894,121.896880,77.044289,149.480884,79.177713,176.991671,82.236921,204.391635,76.660859,229.038251,53.370439,236.898981
Type06,L,235,55.662180,241.929994,31.067371,231.805338,23.366767,206.253020,19.966032,178.395487,14.221382,150.989920,7.310874,123.789189,2.122671,96.251145,2.502038,68.601627,8.846693,41.288483,20.619824,17.051993,43.355714,-0.269487,65.364552,16.774620,77.495722,40.303649,82.633845,67.892899,82.343009,95.668498,79.476861,123.621643,78.398908,151.760402,80.321259,179.771476,83.365001,207.628110,77.604391,232.921782,54.608306,240.893509
Type06,L,240,56.712133,246.916964,31.343470,237.011876,23.522436,211.040881,19.997353,182.625446,14.280056,154.634235,7.559696,126.816503,2.341984,98.696907,2.438863,70.494081,8.712028,42.568124,20.281124,17.582366,43.544432,-0.471058,65.712307,17.194052,78.429089,40.850201,83.814753,68.997541,83.672218,97.290610,80.983116,125.844115,79.932079,154.636574,81.585865,183.253749,84.533173,211.682342,78.580776,237.619721,55.558644,245.746530
Type06,L,245,57.240672,252.311497,31.153085,242.312360,23.583781,215.861873,20.014685,186.843142,14.373084,158.210452,7.971172,129.707688,2.666366,100.969153,2.480203,72.201100,8.926307,43.671950,20.490187,18.006122,44.366720,-0.439252,66.819967,17.606370,79.752030,41.674953,85.100125,70.455826,84.945017,99.341817,82.506224,128.543267,81.532769,158.023879,82.835951,187.291148,85.637635,216.342913,79.431318,242.839117,56.026620,251.025549
Type06,L,250,57.318464,257.868441,30.649932,247.394966,23.627467,220.378985,20.105422,190.751908,14.538255,161.478031,8.451113,132.293063,3.006703,102.946780,2.632135,73.634398,9.446397,44.544853,21.210947,18.328217,45.746858,-0.236340,68.473471,18.204063,81.293694,42.926065,86.424081,72.356007,86.166370,101.862256,84.024635,131.714805,83.133458,161.870543,84.026610,191.786285,86.673342,221.464639,80.121624,248.414302,56.040965,256.458475
Type06,L,255,57.266463,263.490333,30.187514,252.257314,23.782342,224.582371,20.362066,194.358345,14.808985,164.474216,8.889565,134.654564,3.270481,104.729863,2.854095,74.891240,10.102125,45.273250,22.205722,18.620080,47.378215,0.019761,70.289323,19.068424,82.823381,44.582398,87.739371,74.637129,87.406424,104.759715,85.541345,135.243344,84.695479,166.036534,85.200300,196.577114,87.714403,226.864008,80.776979,254.212436,55.891014,261.943653
Type06,L,260,57.561270,269.112457,30.211249,257.125047,24.175596,228.746236,20.845879,197.934370,15.209437,167.474853,9.209054,137.081592,3.399915,106.600862,3.062914,76.227241,10.632885,46.071321,23.078900,19.010090,48.743123,0.203740,71.811168,20.032780,84.099623,46.331047,88.992423,76.970075,88.736364,107.692844,87.046037,138.782129,86.180037,170.168666,86.436491,201.307962,88.852004,232.186604,81.645035,259.981909,56.056972,267.460176
Type06,L,265,58.661057,274.567473,31.094148,262.261975,24.871453,233.252905,21.559976,201.855569,15.751817,170.844051,9.399695,139.930085,3.396265,108.901287,3.157219,77.956926,10.768319,47.209953,23.393599,19.648271,49.233320,0.232582,72.638103,20.663700,84.927971,47.577375,90.103180,78.759793,90.165264,110.065815,88.491123,141.736348,87.524885,173.672288,87.780940,205.388368,90.121801,236.851073,82.991001,265.252677,57.043127,272.932890
Type06,L,270,60.816557,279.515006,32.981110,267.757448,25.831190,238.353947,22.441991,206.378390,16.431570,174.829442,9.521313,143.435875,3.317697,111.865322,3.054457,80.311827,10.325503,48.905211,22.824615,20.650066,48.348351,0.094428,72.542654,20.400109,85.209456,47.622988,90.966806,79.309015,91.610193,111.178732,89.792569,143.400234,88.641837,175.836030,89.192449,208.102936,91.458951,240.140785,84.965776,269.375770,59.172320,278.130189
Type06,L,275,63.945483,283.484167,35.708940,273.389514,26.914461,243.973477,23.378223,211.453190,17.219189,179.390965,9.669970,147.560497,3.251236,115.477994,2.725165,83.311511,9.283164,51.207499,21.287507,22.037634,45.899841,-0.154777,71.536902,18.801414,84.963040,45.952318,91.480544,78.092010,92.913370,110.489343,90.851720,143.210169,89.437166,176.077930,90.535221,208.848036,92.704435,241.428528,87.506292,271.708786,62.426827,282.654060
Type06,L,280,67.626346,286.013000,38.838622,278.628759,27.922407,249.646015,24.233171,216.660556,18.053037,184.142663,9.925902,151.940333,3.272602,119.422521,2.208920,86.705824,7.800174,53.941125,18.987524,23.704851,42.129821,-0.422144,69.862992,15.785899,84.313946,42.495482,91.582950,75.012786,93.895849,107.867048,91.584648,140.999084,89.843629,174.201354,91.620284,207.388446,93.659276,240.433531,90.317088,271.864080,66.408263,286.032068
Type07,L,230,61.212909,258.659725,34.100602,250.236208,25.175137,223.688947,20.541629,194.323975,15.692468,164.969930,8.349370,136.204849,1.991937,107.255500,2.902162,77.850633,10.473985,49.200572,24.799185,23.607330,45.855390,4.611333,72.979203,17.487726,84.152628,43.016946,88.102132,72.433057,85.691497,101.875208,82.490009,131.422285,81.346471,161.154835,83.120788,190.765783,87.665337,220.208374,84.355551,247.586576,60.322934,258.589728
Type07,L,235,60.895221,256.342486,34.035268,247.973209,24.953058,221.453874,20.287210,192.087907,15.479922,162.725304,8.117581,133.972024,1.823920,105.016692,2.694027,75.570046,10.182428,46.928009,24.527029,21.362417,45.265516,2.309333,72.271374,14.969357,83.401091,40.409570,87.398333,69.829216,85.112111,99.271215,82.050522,128.823411,81.036862,158.561430,82.673528,188.192256,87.018370,217.658439,83.966516,245.042635,60.089610,256.340950
Type07,L,240,60.779098,254.983675,34.184252,246.592423,24.958081,220.103888,20.314620,190.747749,15.483914,161.409685,8.108542,132.678747,1.831717,103.737986,2.596772,74.313342,10.169011,45.726582,24.526438,20.183756,45.097266,0.982289,72.096663,13.364502,83.069414,38.674708,87.051751,68.090605,85.008142,97.524537,82.225012,127.071451,81.498322,156.794993,82.910581,186.436815,86.760623,215.930494,83.950224,243.329109,60.090201,255.049855
Type07,L,245,60.923289,255.024779,34.554838,246.517353,25.227623,220.034397,20.665262,190.674632,15.737956,161.370944,8.358356,132.646222,2.038685,103.717337,2.642376,74.361886,10.477163,45.851596,24.836130,20.300337,45.448792,0.859379,72.574835,12.962487,83.290089,38.143405,87.187993,67.571907,85.478318,97.014026,83.081694,126.568387,82.770114,156.281042,83.902196,185.945350,87.011072,215.489689,84.375249,242.931734,60.365617,255.142946
Type07,L,250,61.348407,256.758480,35.099987,247.989290,25.740110,221.315324,21.300486,191.756041,16.201790,162.309728,8.820172,133.392491,2.386080,104.290808,2.790246,74.865710,11.030693,46.266696,25.368976,20.520091,46.262053,0.678847,73.649906,12.656357,84.057668,37.899505,87.817182,67.537917,86.479424,97.184580,84.514639,126.939058,84.680953,156.828719,85.544133,186.704969,87.805435,216.496533,85.228525,244.172364,60.907098,256.896354
Type07,L,255,62.026020,260.232746,35.727590,251.081916,26.432580,224.012039,22.137293,194.051492,16.815409,164.270293,9.435180,134.953253,2.823957,105.484528,3.031857,75.827783,11.756498,46.948849,26.050690,20.815720,47.459979,0.471251,75.215954,12.555948,85.332708,38.093757,88.920364,68.142904,87.905361,98.195125,86.316931,128.347118,86.916135,158.611100,87.596303,188.889377,89.096278,219.118144,86.412342,247.213233,61.650933,260.343153
Type07,L,260,62.879753,265.200349,36.317898,255.598250,27.201720,227.953610,23.045680,197.418378,17.484119,167.125931,10.109467,137.227988,3.279431,107.220742,3.341179,77.171962,12.540989,47.825332,26.770395,21.142805,48.887570,0.276270,77.066497,12.751286,86.981968,38.822670,90.393567,69.452551,89.560929,100.081786,88.187589,130.799836,89.059101,161.611983,89.712658,192.450098,90.743117,223.265529,87.757474,251.927560,62.489062,265.227254
Type07,L,265,63.799321,271.135970,36.755142,261.077094,27.927804,232.738113,23.879538,201.515380,18.100957,170.583760,10.736102,139.983634,3.674697,109.320954,3.679221,78.750642,13.257204,48.786281,27.407676,21.450148,50.344308,0.132214,78.938328,13.280589,88.800842,40.087540,92.062905,71.405602,91.204470,102.721789,89.806094,134.114176,90.700313,165.592613,91.527309,197.086573,92.537256,228.569408,89.061302,257.880459,63.293692,271.024482
Type07,L,270,64.663977,277.324045,36.960231,266.866063,28.504316,237.796121,24.513589,205.855873,18.573635,174.231423,11.221924,142.891692,3.947446,111.534501,4.002127,80.370808,13.797041,49.707355,27.863799,21.692482,51.630072,0.065202,80.572402,14.109163,90.555123,41.774643,93.718184,73.804808,92.604921,105.834825,90.916647,137.928335,91.551456,170.111977,92.751225,202.277433,94.245321,234.424650,90.136788,264.385764,63.948454,277.032159
Type07,L,275,65.368461,282.998171,36.912649,272.246680,28.863369,242.499829,24.873888,209.900930,18.846929,177.616318,11.510024,145.591307,4.066613,113.586764,4.270478,81.832298,14.097670,50.476050,28.086327,21.841314,52.590156,0.081912,81.772517,15.128997,92.030306,43.667852,95.156052,76.345951,93.594929,109.028311,91.392939,141.762932,91.523862,174.603146,93.245831,207.372824,95.658929,240.099727,90.856259,270.631954,64.375841,282.506928
Type07,L,280,65.843808,287.495346,36.653559,276.579293,28.988630,246.289684,24.951741,213.168071,18.913100,180.336859,11.590518,147.762039,4.038054,115.234534,4.457110,82.967987,14.153330,51.014011,28.078829,21.890341,53.145449,0.168582,82.443507,16.181631,93.074177,45.493638,96.220577,78.680553,94.103257,111.877879,91.261214,145.118956,90.742845,178.488891,93.048170,211.726653,96.635960,244.885272,91.175943,275.846698,64.552053,286.814209
