type,side,size,x1,y1,x2,y2,x3,y3,x4,y4,x5,y5,x6,y6,x7,y7,x8,y8,x9,y9,x10,y10,x11,y11,x12,y12,x13,y13,x14,y14,x15,y15,x16,y16,x17,y17,x18,y18,x19,y19,x20,y20,x21,y21,x22,y22,x23,y23,x24,y24,x25,y25,x26,y26,x27,y27,x28,y28,x29,y29,x30,y30,x31,y31,x32,y32,x33,y33,x34,y34,x35,y35,x36,y36,x37,y37,x38,y38,x39,y39,x40,y40
Type00, L,230,56.210549,231.027068,51.602565,231.193551,42.618212,229.497019,29.420047,219.373104,24.262958,205.618097,22.573020,191.228806,21.501610,177.505128,19.379211,163.721353,16.490279,149.850425,13.188261,136.355118,9.682525,122.494400,5.778758,108.286996,2.722807,94.954024,0.000000,81.617337,0.373388,66.355508,3.945924,52.705973,8.375015,39.087740,13.841592,25.543998,21.371558,12.347959,34.039628,2.814834,47.631225,0.000000,61.574136,3.672085,72.283237,15.490735,76.772840,29.779756,79.542009,43.378750,81.976432,57.955460,81.100402,72.335977,79.668875,85.193029,78.887578,98.926411,78.763105,113.341821,79.251568,127.792617,80.344325,141.957455,81.402453,156.468185,81.776417,170.196945,80.737627,183.632625,78.486713,198.258271,78.300705,212.514256,70.234654,226.059629,60.968220,230.931152,56.295205,230.549038
Type00, L,235,57.432518,236.049395,52.724360,236.219497,43.544695,234.486084,30.059614,224.142084,24.790413,210.088055,23.063738,195.385954,21.969037,181.363935,19.800498,167.280513,16.848764,153.108043,13.474963,139.319359,9.893014,125.157321,5.904383,110.641061,2.781999,97.018242,0.000000,83.391627,0.381505,67.798019,4.031705,53.851755,8.557080,39.937474,14.142496,26.099303,21.836157,12.616393,34.779620,2.876026,48.666687,0.000000,62.912704,3.751913,73.854611,15.827490,78.441815,30.427142,81.271183,44.321767,83.758529,59.215362,82.863454,73.908499,81.400807,87.045052,80.602526,101.076985,80.475347,115.805773,80.974428,130.570718,82.090941,145.043486,83.172071,159.869668,83.554165,173.896878,82.492793,187.624638,80.192946,202.568234,80.002894,217.134131,71.761495,230.973969,62.293616,235.951395,57.519014,235.560973
Type00, L,240,58.654486,241.071723,53.846155,241.245444,44.471178,239.475150,30.699180,228.911065,25.317869,214.558014,23.554456,199.543102,22.436463,185.222742,20.221785,170.839673,17.207248,156.365661,13.761664,142.283601,10.103504,127.820243,6.030008,112.995126,2.841190,99.082460,0.000000,85.165917,0.389622,69.240530,4.117486,54.997537,8.739146,40.787207,14.443400,26.654607,22.300756,12.884827,35.519612,2.937218,49.702148,0.000000,64.251272,3.831741,75.425986,16.164245,80.110790,31.074528,83.000357,45.264783,85.540625,60.475263,84.626506,75.481020,83.132739,88.897074,82.317473,103.227559,82.187588,118.269726,82.697288,133.348818,83.837557,148.129518,84.941690,163.271150,85.331913,177.596812,84.247959,191.616652,81.899179,206.878196,81.705083,221.754006,73.288335,235.888309,63.619012,240.971637,58.742823,240.572909
Type00, L,245,59.876454,246.094051,54.967950,246.271391,45.397661,244.464216,31.338746,233.680046,25.845325,219.027973,24.045174,203.700250,22.903889,189.081549,20.643072,174.398833,17.565732,159.623279,14.048365,145.247843,10.313994,130.483165,6.155633,115.349191,2.900381,101.146678,0.000000,86.940207,0.397739,70.683041,4.203267,56.143319,8.921212,41.636940,14.744304,27.209911,22.765355,13.153261,36.259604,2.998410,50.737609,0.000000,65.589840,3.911569,76.997361,16.501000,81.779765,31.721914,84.729531,46.207799,87.322721,61.735164,86.389558,77.053541,84.864671,90.749096,84.032420,105.378133,83.899829,120.733679,84.420148,136.126918,85.584173,151.215550,86.711309,166.672632,87.109661,181.296746,86.003125,195.608666,83.605412,211.188158,83.407272,226.373881,74.815175,240.802649,64.944408,245.991879,59.966632,245.584845
Type00, L,250,61.098423,251.116378,56.089745,251.297337,46.324144,249.453281,31.978313,238.449026,26.372780,223.497931,24.535892,207.857398,23.371316,192.940356,21.064359,177.957993,17.924217,162.880897,14.335067,148.212084,10.524483,133.146086,6.281258,117.703256,2.959573,103.210896,0.000000,88.714497,0.405856,72.125552,4.289048,57.289101,9.103277,42.486674,15.045208,27.765216,23.229954,13.421695,36.999596,3.059602,51.773071,0.000000,66.928408,3.991397,78.568735,16.837755,83.448740,32.369300,86.458705,47.150816,89.104818,62.995066,88.152610,78.626063,86.596603,92.601119,85.747368,107.528707,85.612071,123.197631,86.143008,138.905019,87.330789,154.301581,88.480927,170.074115,88.887409,184.996679,87.758291,199.600679,85.311645,215.498121,85.109461,230.993756,76.342016,245.716989,66.269804,251.012122,61.190441,250.596780
Type00, L,255,62.320391,256.138706,57.211540,256.323284,47.250627,254.442347,32.617879,243.218007,26.900236,227.967890,25.026609,212.014546,23.838742,196.799163,21.485647,181.517153,18.282701,166.138515,14.621768,151.176326,10.734973,135.809008,6.406883,120.057321,3.018764,105.275114,0.000000,90.488787,0.413973,73.568063,4.374829,58.434883,9.285343,43.336407,15.346113,28.320520,23.694553,13.690129,37.739588,3.120794,52.808532,0.000000,68.266976,4.071225,80.140110,17.174510,85.117714,33.016686,88.187879,48.093832,90.886914,64.254967,89.915663,80.198584,88.328535,94.453141,87.462315,109.679281,87.324312,125.661584,87.865869,141.683119,89.077404,157.387613,90.250546,173.475597,90.665158,188.696613,89.513456,203.592693,87.017878,219.808083,86.811651,235.613631,77.868856,250.631328,67.595200,256.032364,62.414249,255.608716
Type00, L,260,63.542360,261.161033,58.333335,261.349231,48.177110,259.431413,33.257445,247.986987,27.427691,232.437848,25.517327,216.171694,24.306168,200.657971,21.906934,185.076312,18.641185,169.396133,14.908469,154.140568,10.945463,138.471930,6.532509,122.411386,3.077956,107.339332,0.000000,92.263077,0.422090,75.010574,4.460610,59.580665,9.467408,44.186141,15.647017,28.875824,24.159152,13.958563,38.479580,3.181986,53.843994,0.000000,69.605545,4.151053,81.711485,17.511265,86.786689,33.664072,89.917053,49.036848,92.669010,65.514868,91.678715,81.771105,90.060467,96.305163,89.177262,111.829856,89.036554,128.125537,89.588729,144.461219,90.824020,160.473644,92.020164,176.877079,92.442906,192.396546,91.268622,207.584706,88.724111,224.118046,88.513840,240.233506,79.395696,255.545668,68.920596,261.052607,63.638058,260.620651
Type00, L,265,64.764328,266.183361,59.455129,266.375178,49.103592,264.420478,33.897011,252.755968,27.955147,236.907807,26.008045,220.328842,24.773595,204.516778,22.328221,188.635472,18.999670,172.653751,15.195171,157.104809,11.155952,141.134852,6.658134,124.765452,3.137147,109.403550,0.000000,94.037367,0.430208,76.453085,4.546391,60.726447,9.649474,45.035874,15.947921,29.431129,24.623751,14.226996,39.219572,3.243178,54.879455,0.000000,70.944113,4.230881,83.282860,17.848021,88.455664,34.311458,91.646228,49.979865,94.451107,66.774770,93.441767,83.343626,91.792399,98.157186,90.892210,113.980430,90.748795,130.589489,91.311589,147.239320,92.570636,163.559676,93.789783,180.278561,94.220654,196.096480,93.023788,211.576720,90.430343,228.428008,90.216029,244.853382,80.922537,260.460008,70.245992,266.072849,64.861867,265.632587
Type00, L,270,65.986297,271.205688,60.576924,271.401124,50.030075,269.409544,34.536577,257.524948,28.482603,241.377766,26.498763,224.485990,25.241021,208.375585,22.749508,192.194632,19.358154,175.911369,15.481872,160.069051,11.366442,143.797773,6.783759,127.119517,3.196339,111.467767,0.000000,95.811657,0.438325,77.895596,4.632172,61.872229,9.831539,45.885608,16.248825,29.986433,25.088351,14.495430,39.959564,3.304370,55.914917,0.000000,72.282681,4.310709,84.854234,18.184776,90.124639,34.958844,93.375402,50.922881,96.233203,68.034671,95.204819,84.916147,93.524331,100.009208,92.607157,116.131004,92.461037,133.053442,93.034449,150.017420,94.317252,166.645708,95.559401,183.680044,95.998402,199.796413,94.778954,215.568733,92.136576,232.737971,91.918218,249.473257,82.449377,265.374348,71.571388,271.093092,66.085676,270.644523
Type00, L,275,67.208265,276.228016,61.698719,276.427071,50.956558,274.398609,35.176144,262.293929,29.010058,245.847724,26.989481,228.643138,25.708447,212.234392,23.170795,195.753792,19.716638,179.168987,15.768573,163.033293,11.576932,146.460695,6.909384,129.473582,3.255530,113.531985,0.000000,97.585947,0.446442,79.338107,4.717953,63.018011,10.013605,46.735341,16.549729,30.541737,25.552950,14.763864,40.699555,3.365562,56.950378,0.000000,73.621249,4.390537,86.425609,18.521531,91.793614,35.606230,95.104576,51.865897,98.015299,69.294572,96.967871,86.488669,95.256263,101.861231,94.322104,118.281578,94.173278,135.517394,94.757309,152.795521,96.063867,169.731739,97.329020,187.081526,97.776150,203.496347,96.534120,219.560747,93.842809,237.047933,93.620408,254.093132,83.976217,270.288687,72.896785,276.113334,67.309485,275.656458
Type00, L,280,68.430234,281.250343,62.820514,281.453018,51.883041,279.387675,35.815710,267.062909,29.537514,250.317683,27.480199,232.800286,26.175874,216.093199,23.592083,199.312952,20.075123,182.426604,16.055275,165.997535,11.787421,149.123617,7.035009,131.827647,3.314722,115.596203,0.000000,99.360236,0.454559,80.780618,4.803734,64.163793,10.195670,47.585075,16.850633,31.097041,26.017549,15.032298,41.439547,3.426754,57.985839,0.000000,74.959817,4.470365,87.996984,18.858286,93.462588,36.253616,96.833750,52.808914,99.797396,70.554474,98.730924,88.061190,96.988196,103.713253,96.037052,120.432152,95.885519,137.981347,96.480169,155.573621,97.810483,172.817771,99.098638,190.483008,99.553899,207.196281,98.289286,223.552761,95.549042,241.357895,95.322597,258.713007,85.503058,275.203027,74.222181,281.133577,68.533293,280.668394
Type01, L,230,45.983246,230.941883,41.487703,230.492412,32.128380,229.013687,20.175264,217.477057,16.745069,203.475181,14.436722,189.423428,12.902738,175.167061,11.388530,161.647139,9.735116,147.161223,7.558915,133.507642,5.155384,119.450581,2.633459,105.681261,0.509588,91.253320,0.000000,76.087492,1.144808,62.259249,3.606862,48.767591,7.727495,35.135076,12.877138,21.963715,21.475206,8.769289,34.795969,1.365710,49.020734,0.000000,62.465809,8.193657,70.836589,21.251710,75.625498,34.469879,77.851639,48.355311,78.444465,62.692394,78.436344,78.046497,78.229377,91.544052,78.060809,105.631913,78.359557,118.518378,78.464742,132.962545,77.874984,146.418148,76.199600,160.961197,75.479878,174.333258,75.346553,188.336389,74.264345,202.470640,71.427871,216.759838,60.490145,228.398359,50.655148,230.350973,45.695892,230.899902
Type01, L,235,46.982882,235.962359,42.389610,235.503117,32.826823,233.992245,20.613857,222.204819,17.109092,207.898555,14.750564,193.541329,13.183232,178.975041,11.636107,165.161207,9.946749,150.360380,7.723239,136.409982,5.267458,122.047333,2.690708,107.978680,0.520666,93.237088,0.000000,77.741568,1.169695,63.612711,3.685272,49.827756,7.895484,35.898882,13.157076,22.441187,21.942058,8.959926,35.552403,1.395399,50.086402,0.000000,63.823761,8.371780,72.376515,21.713704,77.269531,35.219224,79.544066,49.406513,80.149779,64.055272,80.141482,79.743160,79.930016,93.534140,79.757783,107.928259,80.063026,121.094864,80.170497,135.853035,79.567918,149.601151,77.856113,164.460353,77.120745,178.123111,76.984522,192.430658,75.878787,206.872176,72.980651,221.472008,61.805148,233.363541,51.756347,235.358603,46.689281,235.919465
Type01, L,240,47.982518,240.982834,43.291516,240.513821,33.525266,238.970804,21.052449,226.932581,17.473115,212.321928,15.064406,197.659229,13.463727,182.783020,11.883683,168.675275,10.158382,153.559537,7.887563,139.312322,5.379531,124.644085,2.747957,110.276098,0.531744,95.220856,0.000000,79.395644,1.194582,64.966173,3.763682,50.887921,8.063473,36.662688,13.437014,22.918659,22.408911,9.150562,36.308837,1.425089,51.152070,0.000000,65.181714,8.549903,73.916441,22.175697,78.913563,35.968569,81.236493,50.457716,81.855094,65.418150,81.846620,81.439823,81.630654,95.524228,81.454757,110.224605,81.766494,123.671351,81.876253,138.743525,81.260853,152.784154,79.512626,167.959510,78.761612,181.912965,78.622490,196.524928,77.493230,211.273711,74.533431,226.184179,63.120151,238.328722,52.857546,240.366233,47.682670,240.939028
Type01, L,245,48.982153,246.003310,44.193423,245.524526,34.223709,243.949362,21.491042,231.660343,17.837139,216.745302,15.378247,201.777130,13.744221,186.591000,12.131260,172.189344,10.370015,156.758694,8.051888,142.214662,5.491605,127.240836,2.805206,112.573517,0.542822,97.204623,0.000000,81.049720,1.219469,66.319635,3.842092,51.948086,8.231462,37.426494,13.716951,23.396131,22.875763,9.341199,37.065271,1.454778,52.217738,0.000000,66.539666,8.728026,75.456367,22.637691,80.557596,36.717915,82.928920,51.508918,83.560408,66.781028,83.551758,83.136486,83.331293,97.514316,83.151731,112.520951,83.469963,126.247837,83.582008,141.634015,82.953787,155.967158,81.169139,171.458666,80.402479,185.702818,80.260459,200.619197,79.107672,215.675247,76.086210,230.896349,64.435154,243.293904,53.958745,245.373863,48.676059,245.958591
Type01, L,250,49.981789,251.023786,45.095329,250.535230,34.922152,248.927921,21.929635,236.388105,18.201162,221.168675,15.692089,205.895030,14.024715,190.398979,12.378837,175.703412,10.581648,159.957851,8.216212,145.117002,5.603678,129.837588,2.862455,114.870936,0.553900,99.188391,0.000000,82.703796,1.244357,67.673097,3.920502,53.008251,8.399451,38.190300,13.996889,23.873603,23.342615,9.531836,37.821705,1.484467,53.283407,0.000000,67.897618,8.906149,76.996292,23.099685,82.201628,37.467260,84.621347,52.560121,85.265723,68.143907,85.256896,84.833149,85.031932,99.504404,84.848705,114.817297,85.173432,128.824324,85.287763,144.524505,84.646722,159.150161,82.825652,174.957823,82.043346,189.492672,81.898427,204.713466,80.722114,220.076783,77.638990,235.608520,65.750158,248.259086,55.059943,250.381492,49.669448,250.978154
Type01, L,255,50.981425,256.044262,45.997236,255.545935,35.620595,253.906479,22.368227,241.115868,18.565185,225.592049,16.005931,210.012931,14.305210,194.206959,12.626414,179.217480,10.793281,163.157008,8.380536,148.019342,5.715752,132.434340,2.919705,117.168355,0.564978,101.172159,0.000000,84.357872,1.269244,69.026559,3.998912,54.068416,8.567440,38.954106,14.276827,24.351075,23.809468,9.722473,38.578140,1.514157,54.349075,0.000000,69.255571,9.084272,78.536218,23.561678,83.845661,38.216605,86.313774,53.611323,86.971037,69.506785,86.962034,86.529812,86.732570,101.494492,86.545680,117.113643,86.876900,131.400810,86.993518,147.414996,86.339656,162.333164,84.482165,178.456979,83.684213,193.282525,83.536396,208.807736,82.336556,224.478318,79.191770,240.320690,67.065161,253.224268,56.161142,255.389122,50.662837,255.997717
Type01, L,260,51.981061,261.064737,46.899143,260.556640,36.319038,258.885037,22.806820,245.843630,18.929208,230.015422,16.319773,214.130832,14.585704,198.014939,12.873990,182.731548,11.004914,166.356165,8.544860,150.921682,5.827825,135.031092,2.976954,119.465773,0.576056,103.155927,0.000000,86.011947,1.294131,70.380021,4.077322,55.128581,8.735429,39.717912,14.556765,24.828547,24.276320,9.913109,39.334574,1.543846,55.414743,0.000000,70.613523,9.262395,80.076144,24.023672,85.489693,38.965950,88.006201,54.662525,88.676352,70.869663,88.667171,88.226475,88.433209,103.484581,88.242654,119.409989,88.580369,133.977297,88.699274,150.305486,88.032591,165.516167,86.138678,181.956136,85.325079,197.072379,85.174364,212.902005,83.950999,228.879854,80.744550,245.032860,68.380164,258.189449,57.262341,260.396752,51.656226,261.017281
Type01, L,265,52.980696,266.085213,47.801049,265.567344,37.017481,263.863596,23.245413,250.571392,19.293232,234.438795,16.633614,218.248732,14.866198,201.822918,13.121567,186.245617,11.216547,169.555322,8.709185,153.824022,5.939899,137.627843,3.034203,121.763192,0.587134,105.139695,0.000000,87.666023,1.319018,71.733483,4.155732,56.188746,8.903418,40.481718,14.836702,25.306019,24.743172,10.103746,40.091008,1.573535,56.480411,0.000000,71.971476,9.440518,81.616070,24.485666,87.133726,39.715295,89.698628,55.713728,90.381666,72.232541,90.372309,89.923138,90.133847,105.474669,89.939628,121.706335,90.283837,136.553783,90.405029,153.195976,89.725525,168.699171,87.795191,185.455292,86.965946,200.862232,86.812333,216.996274,85.565441,233.281390,82.297330,249.745031,69.695167,263.154631,58.363540,265.404382,52.649615,266.036844
Type01, L,270,53.980332,271.105689,48.702956,270.578049,37.715924,268.842154,23.684006,255.299154,19.657255,238.862169,16.947456,222.366633,15.146692,205.630898,13.369144,189.759685,11.428180,172.754479,8.873509,156.726362,6.051973,140.224595,3.091452,124.060611,0.598212,107.123463,0.000000,89.320099,1.343905,73.086944,4.234142,57.248911,9.071407,41.245524,15.116640,25.783492,25.210024,10.294383,40.847442,1.603225,57.546079,0.000000,73.329428,9.618641,83.155996,24.947660,88.777759,40.464641,91.391054,56.764930,92.086981,73.595419,92.077447,91.619801,91.834486,107.464757,91.636602,124.002680,91.987306,139.130270,92.110784,156.086466,91.418459,171.882174,89.451704,188.954449,88.606813,204.652085,88.450301,221.090544,87.179883,237.682925,83.850109,254.457201,71.010170,268.119813,59.464739,270.412012,53.643004,271.056407
Type01, L,275,54.979968,276.126164,49.604862,275.588753,38.414367,273.820713,24.122598,260.026916,20.021278,243.285542,17.261298,226.484533,15.427187,209.438877,13.616721,193.273753,11.639813,175.953636,9.037833,159.628702,6.164046,142.821347,3.148701,126.358029,0.609290,109.107230,0.000000,90.974175,1.368792,74.440406,4.312552,58.309076,9.239396,42.009330,15.396578,26.260964,25.676877,10.485019,41.603876,1.632914,58.611747,0.000000,74.687380,9.796764,84.695922,25.409653,90.421791,41.213986,93.083481,57.816133,93.792295,74.958297,93.782585,93.316464,93.535125,109.454845,93.333576,126.299026,93.690775,141.706756,93.816539,158.976956,93.111394,175.065177,91.108217,192.453605,90.247680,208.441939,90.088270,225.184813,88.794326,242.084461,85.402889,259.169372,72.325173,273.084994,60.565938,275.419642,54.636393,276.075970
Type01, L,280,55.979604,281.146640,50.506769,280.599458,39.112810,278.799271,24.561191,264.754678,20.385301,247.708916,17.575140,230.602434,15.707681,213.246857,13.864297,196.787821,11.851446,179.152793,9.202157,162.531042,6.276120,145.418099,3.205950,128.655448,0.620368,111.090998,0.000000,92.628251,1.393679,75.793868,4.390962,59.369241,9.407385,42.773136,15.676516,26.738436,26.143729,10.675656,42.360310,1.662603,59.677415,0.000000,76.045333,9.974887,86.235847,25.871647,92.065824,41.963331,94.775908,58.867335,95.497610,76.321175,95.487723,95.013127,95.235763,111.444933,95.030550,128.595372,95.394243,144.283243,95.522295,161.867446,94.804328,178.248180,92.764730,195.952762,91.888547,212.231792,91.726238,229.279082,90.408768,246.485997,86.955669,263.881542,73.640177,278.050176,61.667137,280.427271,55.629782,281.095533
Type02, L,230,62.915815,231.265888,58.577545,230.924495,48.310233,229.307179,37.249225,217.673765,32.661529,203.851884,29.433301,189.846943,26.514624,175.671287,23.429089,161.937280,19.839465,147.770559,15.604715,133.841878,10.665746,120.462261,5.485581,106.603060,1.807425,92.838561,0.000000,77.929319,0.537737,64.279695,2.835014,50.029734,7.091400,36.312245,13.375262,22.574750,23.199521,10.254701,36.364706,3.072458,50.624052,0.000000,65.344375,4.489339,74.811361,17.472406,80.229896,30.882859,83.185842,44.473077,85.611655,59.297125,87.426344,72.848703,83.413194,87.250363,78.454550,101.071770,72.967726,115.139357,71.327552,129.971296,73.510685,144.389119,77.352795,158.222463,81.689609,172.345277,84.984049,185.343505,87.147633,199.429765,86.082315,214.201411,77.714694,228.044122,67.183517,231.159669,63.322707,231.210204
Type02, L,235,64.283550,236.293407,59.850970,235.944593,49.360455,234.292118,38.058991,222.405803,33.371562,208.283447,30.073155,193.974050,27.091029,179.490228,23.938417,165.457656,20.270758,150.982962,15.943948,136.751484,10.897610,123.081006,5.604833,108.920518,1.846717,94.856791,0.000000,79.623435,0.549427,65.677080,2.896645,51.117337,7.245561,37.101642,13.666029,23.065505,23.703858,10.477629,37.155243,3.139251,51.724575,0.000000,66.764905,4.586933,76.437695,17.852241,81.974024,31.554226,84.994230,45.439883,87.472778,60.586193,89.326917,74.432370,85.226524,89.147110,80.160084,103.268982,74.553981,117.642387,72.878151,132.796759,75.108743,147.528013,79.034378,161.662082,83.465470,176.091913,86.831528,189.372712,89.042147,203.765195,87.953670,218.857963,79.404144,233.001603,68.644028,236.184879,64.699288,236.236513
Type02, L,240,65.651285,241.320927,61.124395,240.964690,50.410678,239.277056,38.868757,227.137842,34.081595,212.715009,30.713010,198.101158,27.667434,183.309169,24.447745,168.978031,20.702050,154.195366,16.283181,139.661090,11.129474,125.699751,5.724085,111.237976,1.886009,96.875020,0.000000,81.317550,0.561117,67.074464,2.958275,52.204940,7.399722,37.891038,13.956795,23.556261,24.208196,10.700558,37.945780,3.206043,52.825098,0.000000,68.185435,4.684528,78.064029,18.232076,83.718152,32.225592,86.802618,46.406689,89.333901,61.875261,91.227489,76.016038,87.039855,91.043857,81.865617,105.466195,76.140236,120.145416,74.428750,135.622222,76.706802,150.666907,80.715960,165.101701,85.241331,179.838550,88.679008,193.401918,90.936661,208.100624,89.825024,223.514516,81.093594,237.959084,70.104539,241.210089,66.075868,241.262822
Type02, L,245,67.019020,246.348446,62.397820,245.984788,51.460900,244.261995,39.678522,231.869880,34.791629,217.146572,31.352864,202.228265,28.243839,187.128110,24.957073,172.498407,21.133343,157.407769,16.622414,142.570696,11.361338,128.318495,5.843336,113.555433,1.925301,98.893250,0.000000,83.011666,0.572807,68.471849,3.019906,53.292543,7.553883,38.680435,14.247562,24.047016,24.712533,10.923486,38.736317,3.272836,53.925621,0.000000,69.605965,4.782122,79.690363,18.611911,85.462281,32.896959,88.611006,47.373495,91.195024,63.164329,93.128062,77.599705,88.853185,92.940604,83.571151,107.663407,77.726491,122.648446,75.979349,138.447685,78.304860,153.805801,82.397543,168.541319,87.017192,183.585186,90.526487,197.431125,92.831174,212.436054,91.696379,228.171068,82.783044,242.916565,71.565051,246.235300,67.452449,246.289130
Type02, L,250,68.386755,251.375965,63.671245,251.004886,52.511123,249.246934,40.488288,236.601918,35.501662,221.578135,31.992718,206.355373,28.820243,190.947051,25.466401,176.018783,21.564636,160.620173,16.961647,145.480302,11.593202,130.937240,5.962588,115.872891,1.964592,100.911479,0.000000,84.705782,0.584497,69.869234,3.081537,54.380146,7.708043,39.469832,14.538328,24.537772,25.216871,11.146414,39.526854,3.339628,55.026143,0.000000,71.026495,4.879716,81.316697,18.991746,87.206409,33.568325,90.419393,48.340301,93.056147,64.453397,95.028635,79.183373,90.666515,94.837351,85.276685,109.860620,79.312746,125.151475,77.529948,141.273148,79.902918,156.944695,84.079125,171.980938,88.793053,187.331823,92.373966,201.460332,94.725688,216.771484,93.567734,232.827621,84.472493,247.874046,73.025562,251.260510,68.829029,251.315439
Type02, L,255,69.754491,256.403485,64.944669,256.024984,53.561345,254.231872,41.298054,241.333957,36.211695,226.009697,32.632573,210.482480,29.396648,194.765992,25.975729,179.539158,21.995929,163.832576,17.300880,148.389908,11.825066,133.555985,6.081840,118.190349,2.003884,102.929709,0.000000,86.399897,0.596187,71.266618,3.143168,55.467749,7.862204,40.259228,14.829095,25.028527,25.721208,11.369342,40.317391,3.406421,56.126666,0.000000,72.447024,4.977311,82.943031,19.371581,88.950537,34.239691,92.227781,49.307107,94.917270,65.742465,96.929207,80.767040,92.479846,96.734098,86.982218,112.057832,80.899001,127.654505,79.080547,144.098611,81.500977,160.083588,85.760708,175.420557,90.568914,191.078459,94.221446,205.489538,96.620202,221.106913,95.439088,237.484173,86.161943,252.831527,74.486073,256.285720,70.205610,256.341748
Type02, L,260,71.122226,261.431004,66.218094,261.045081,54.611568,259.216811,42.107820,246.065995,36.921728,230.441260,33.272427,214.609588,29.973053,198.584933,26.485057,183.059534,22.427221,167.044980,17.640113,151.299514,12.056930,136.174730,6.201092,120.507807,2.043176,104.947939,0.000000,88.094013,0.607877,72.664003,3.204798,56.555351,8.016365,41.048625,15.119861,25.519283,26.225545,11.592271,41.107929,3.473213,57.227189,0.000000,73.867554,5.074905,84.569365,19.751415,90.694665,34.911058,94.036169,50.273913,96.778393,67.031533,98.829780,82.350708,94.293176,98.630845,88.687752,114.255044,82.485255,130.157534,80.631146,146.924074,83.099035,163.222482,87.442290,178.860176,92.344775,194.825096,96.068925,209.518745,98.514716,225.442343,97.310443,242.140725,87.851393,257.789007,75.946584,261.310930,71.582191,261.368057
Type02, L,265,72.489961,266.458523,67.491519,266.065179,55.661790,264.201750,42.917585,250.798034,37.631762,234.872823,33.912282,218.736695,30.549458,202.403874,26.994385,186.579910,22.858514,170.257383,17.979346,154.209120,12.288794,138.793475,6.320343,122.825265,2.082468,106.966168,0.000000,89.788128,0.619567,74.061388,3.266429,57.642954,8.170526,41.838021,15.410628,26.010038,26.729883,11.815199,41.898466,3.540006,58.327712,0.000000,75.288084,5.172499,86.195699,20.131250,92.438793,35.582425,95.844557,51.240719,98.639516,68.320601,100.730353,83.934375,96.106506,100.527592,90.393286,116.452257,84.071510,132.660563,82.181745,149.749537,84.697094,166.361376,89.123873,182.299794,94.120636,198.571732,97.916404,213.547951,100.409229,229.777773,99.181798,246.797278,89.540843,262.746488,77.407096,266.336140,72.958771,266.394365
Type02, L,270,73.857696,271.486042,68.764944,271.085277,56.712013,269.186688,43.727351,255.530072,38.341795,239.304386,34.552136,222.863803,31.125863,206.222815,27.503713,190.100285,23.289807,173.469787,18.318578,157.118726,12.520658,141.412219,6.439595,125.142723,2.121760,108.984398,0.000000,91.482244,0.631256,75.458772,3.328060,58.730557,8.324687,42.627418,15.701395,26.500793,27.234220,12.038127,42.689003,3.606799,59.428235,0.000000,76.708614,5.270094,87.822032,20.511085,94.182921,36.253791,97.652945,52.207525,100.500638,69.609668,102.630926,85.518043,97.919836,102.424339,92.098820,118.649469,85.657765,135.163593,83.732344,152.575000,86.295152,169.500270,90.805455,185.739413,95.896498,202.318369,99.763884,217.577158,102.303743,234.113202,101.053152,251.453830,91.230293,267.703969,78.867607,271.361351,74.335352,271.420674
Type02, L,275,75.225431,276.513562,70.038369,276.105374,57.762235,274.171627,44.537117,260.262110,39.051828,243.735948,35.191990,226.990910,31.702268,210.041756,28.013041,193.620661,23.721099,176.682190,18.657811,160.028332,12.752522,144.030964,6.558847,127.460180,2.161052,111.002627,0.000000,93.176360,0.642946,76.856157,3.389691,59.818160,8.478848,43.416815,15.992161,26.991549,27.738558,12.261056,43.479540,3.673591,60.528758,0.000000,78.129144,5.367688,89.448366,20.890920,95.927050,36.925157,99.461333,53.174331,102.361761,70.898736,104.531498,87.101710,99.733167,104.321086,93.804353,120.846682,87.244020,137.666622,85.282943,155.400463,87.893210,172.639164,92.487037,189.179032,97.672359,206.065005,101.611363,221.606365,104.198257,238.448632,102.924507,256.110383,92.919743,272.661450,80.328118,276.386561,75.711932,276.446983
Type02, L,280,76.593166,281.541081,71.311794,281.125472,58.812458,279.156566,45.346883,264.994149,39.761861,248.167511,35.831845,231.118018,32.278673,213.860697,28.522369,197.141037,24.152392,179.894594,18.997044,162.937938,12.984386,146.649709,6.678099,129.777638,2.200343,113.020857,0.000000,94.870475,0.654636,78.253542,3.451321,60.905763,8.633009,44.206211,16.282928,27.482304,28.242895,12.483984,44.270077,3.740384,61.629281,0.000000,79.549674,5.465282,91.074700,21.270755,97.671178,37.596524,101.269721,54.141137,104.222884,72.187804,106.432071,88.685378,101.546497,106.217833,95.509887,123.043894,88.830275,140.169652,86.833542,158.225926,89.491269,175.778058,94.168620,192.618651,99.448220,209.811642,103.458842,225.635571,106.092771,242.784062,104.795862,260.766935,94.609193,277.618931,81.788629,281.411771,77.088513,281.473292
Type03, L,230,50.396017,230.837836,46.299125,230.403598,36.180035,228.546960,25.771449,216.709767,21.296528,202.611189,18.466230,188.778338,16.843988,174.934204,14.454445,160.060154,11.710209,145.916046,8.636031,132.383215,5.681174,118.593402,2.948455,104.770612,1.005493,91.578642,0.000000,77.240322,0.319341,63.991574,2.400343,49.787286,6.353962,36.288663,12.667506,22.718718,21.231694,10.410967,34.204396,1.215188,47.895544,0.000000,61.800002,5.457123,70.786577,18.592433,75.186975,32.067344,77.738817,47.032425,78.378509,61.190841,78.662998,74.708440,77.327235,89.450991,74.777408,103.083182,72.568087,117.141555,71.237204,131.363040,72.939524,145.679784,75.115975,159.106901,76.859205,173.280622,78.027509,187.720717,79.044567,202.642330,76.229397,216.234068,64.152228,228.232360,55.557543,230.316221,50.249536,230.856360
Type03, L,235,51.491583,235.856050,47.305628,235.412372,36.966558,233.515372,26.331698,221.420849,21.759496,207.015780,18.867670,192.882215,17.210162,178.737121,14.768672,163.539723,11.964779,149.088134,8.823771,135.261111,5.804678,121.171519,3.012552,107.048234,1.027352,93.569482,0.000000,78.919459,0.326283,65.382695,2.452524,50.869618,6.492092,37.077547,12.942887,23.212603,21.693253,10.637292,34.947970,1.241605,48.936751,0.000000,63.143480,5.575756,72.325416,18.996616,76.821474,32.764460,79.428791,48.054869,80.082390,62.521077,80.373063,76.332537,79.008262,91.395578,76.403004,105.324121,74.145654,119.688111,72.785839,134.218758,74.525166,148.846736,76.748931,162.565747,78.530057,177.047592,79.723759,191.801602,80.762927,207.047598,77.886558,220.934809,65.546842,233.193933,56.765316,235.323095,51.341917,235.874977
Type03, L,240,52.587148,240.874264,48.312130,240.421146,37.753080,238.483784,26.891947,226.131931,22.222464,211.420371,19.269110,196.986092,17.576335,182.540039,15.082899,167.019291,12.219349,152.260222,9.011511,138.139007,5.928182,123.749637,3.076649,109.325856,1.049210,95.560322,0.000000,80.598597,0.333225,66.773816,2.504706,51.951951,6.630221,37.866431,13.218267,23.706488,22.154811,10.863618,35.691544,1.268022,49.977959,0.000000,64.486959,5.694389,73.864254,19.400800,78.455974,33.461576,81.118766,49.077313,81.786270,63.851312,82.083128,77.956633,80.689289,93.340165,78.028600,107.565059,75.723221,122.234666,74.334474,137.074477,76.110808,152.013688,78.381887,166.024592,80.200910,180.814562,81.420009,195.882487,82.481287,211.452866,79.543719,225.635549,66.941455,238.155506,57.973088,240.329970,52.434298,240.893593
Type03, L,245,53.682714,245.892477,49.318633,245.429920,38.539603,243.452197,27.452196,230.843013,22.685432,215.824962,19.670549,201.089969,17.942509,186.342956,15.397126,170.498860,12.473918,155.432310,9.199250,141.016903,6.051685,126.327754,3.140746,111.603478,1.071069,97.551162,0.000000,82.277734,0.340168,68.164938,2.556887,53.034283,6.768351,38.655315,13.493648,24.200374,22.616370,11.089943,36.435117,1.294439,51.019166,0.000000,65.830437,5.813022,75.403093,19.804983,80.090473,34.158693,82.808740,50.099757,83.490151,65.181548,83.793194,79.580730,82.370316,95.284751,79.654195,109.805998,77.300788,124.781222,75.883109,139.930195,77.696449,155.180639,80.014843,169.483438,81.871762,184.581532,83.116260,199.963372,84.199647,215.858134,81.200879,230.336290,68.336069,243.117079,59.180861,245.336844,53.526680,245.912210
Type03, L,250,54.778279,250.910691,50.325136,250.438693,39.326125,248.420609,28.012445,235.554095,23.148400,220.229553,20.071989,205.193846,18.308683,190.145874,15.711353,173.978428,12.728488,158.604398,9.386990,143.894799,6.175189,128.905872,3.204842,113.881100,1.092927,99.542002,0.000000,83.956872,0.347110,69.556059,2.609068,54.116615,6.906480,39.444199,13.769028,24.694259,23.077928,11.316268,37.178691,1.320857,52.060374,0.000000,67.173915,5.931655,76.941932,20.209166,81.724973,34.855809,84.498714,51.122201,85.194032,66.511784,85.503259,81.204826,84.051342,97.229338,81.279791,112.046937,78.878355,127.327777,77.431743,142.785913,79.282091,158.347591,81.647799,172.942284,83.542614,188.348502,84.812510,204.044258,85.918008,220.263402,82.858040,235.037030,69.730683,248.078652,60.388634,250.343718,54.619061,250.930826
Type03, L,255,55.873845,255.928905,51.331639,255.447467,40.112647,253.389021,28.572693,240.265176,23.611368,224.634144,20.473429,209.297723,18.674856,193.948791,16.025580,177.457997,12.983058,161.776486,9.574730,146.772695,6.298693,131.483989,3.268939,116.158722,1.114786,101.532842,0.000000,85.636009,0.354052,70.947180,2.661250,55.198948,7.044610,40.233083,14.044409,25.188144,23.539487,11.542594,37.922265,1.347274,53.101581,0.000000,68.517394,6.050289,78.480770,20.613350,83.359472,35.552925,86.188688,52.144645,86.897912,67.842019,87.213324,82.828923,85.732369,99.173925,82.905387,114.287876,80.455923,129.874333,78.980378,145.641631,80.867733,161.514543,83.280755,176.401129,85.213466,192.115472,86.508760,208.125143,87.636368,224.668670,84.515201,239.737771,71.125296,253.040225,61.596406,255.350593,55.711442,255.949443
Type03, L,260,56.969411,260.947119,52.338141,260.456241,40.899170,258.357433,29.132942,244.976258,24.074336,229.038735,20.874869,213.401599,19.041030,197.751709,16.339807,180.937565,13.237628,164.948574,9.762470,149.650591,6.422197,134.062107,3.333036,118.436344,1.136644,103.523682,0.000000,87.315147,0.360994,72.338301,2.713431,56.281280,7.182740,41.021967,14.319789,25.682029,24.001045,11.768919,38.665839,1.373691,54.142789,0.000000,69.860872,6.168922,80.019609,21.017533,84.993972,36.250041,87.878663,53.167089,88.601793,69.172255,88.923389,84.453019,87.413396,101.118512,84.530983,116.528814,82.033490,132.420888,80.529013,148.497350,82.453375,164.681495,84.913711,179.859975,86.884319,195.882442,88.205010,212.206028,89.354728,229.073938,86.172362,244.438512,72.519910,258.001798,62.804179,260.357467,56.803823,260.968059
Type03, L,265,58.064976,265.965333,53.344644,265.465015,41.685692,263.325845,29.693191,249.687340,24.537304,233.443326,21.276308,217.505476,19.407204,201.554626,16.654034,184.417134,13.492197,168.120662,9.950210,152.528487,6.545700,136.640224,3.397133,120.713966,1.158503,105.514522,0.000000,88.994284,0.367936,73.729422,2.765613,57.363612,7.320869,41.810851,14.595170,26.175914,24.462604,11.995245,39.409413,1.400108,55.183996,0.000000,71.204350,6.287555,81.558447,21.421716,86.628471,36.947157,89.568637,54.189533,90.305673,70.502491,90.633454,86.077116,89.094423,103.063098,86.156579,118.769753,83.611057,134.967444,82.077648,151.353068,84.039017,167.848447,86.546667,183.318821,88.555171,199.649412,89.901260,216.286913,91.073088,233.479206,87.829523,249.139252,73.914524,262.963371,64.011952,265.364342,57.896205,265.986676
Type03, L,270,59.160542,270.983547,54.351147,270.473789,42.472215,268.294257,30.253440,254.398422,25.000272,237.847918,21.677748,221.609353,19.773377,205.357544,16.968262,187.896703,13.746767,171.292750,10.137949,155.406383,6.669204,139.218341,3.461230,122.991588,1.180361,107.505362,0.000000,90.673421,0.374879,75.120543,2.817794,58.445944,7.458999,42.599735,14.870551,26.669799,24.924163,12.221570,40.152987,1.426525,56.225204,0.000000,72.547828,6.406188,83.097286,21.825900,88.262971,37.644273,91.258611,55.211977,92.009554,71.832726,92.343519,87.701212,90.775450,105.007685,87.782175,121.010692,85.188624,137.513999,83.626283,154.208786,85.624659,171.015399,88.179623,186.777666,90.226023,203.416382,91.597511,220.367798,92.791448,237.884474,89.486683,253.839993,75.309137,267.924944,65.219724,270.371216,58.988586,271.005292
Type03, L,275,60.256107,276.001760,55.357649,275.482563,43.258737,273.262670,30.813689,259.109504,25.463240,242.252509,22.079188,225.713230,20.139551,209.160461,17.282489,191.376271,14.001337,174.464838,10.325689,158.284279,6.792708,141.796459,3.525327,125.269210,1.202220,109.496202,0.000000,92.352559,0.381821,76.511665,2.869975,59.528277,7.597128,43.388619,15.145931,27.163685,25.385721,12.447895,40.896560,1.452942,57.266411,0.000000,73.891307,6.524821,84.636125,22.230083,89.897470,38.341390,92.948586,56.234421,93.713435,73.162962,94.053585,89.325309,92.456477,106.952272,89.407770,123.251631,86.766191,140.060555,85.174918,157.064504,87.210300,174.182350,89.812579,190.236512,91.896876,207.183352,93.293761,224.448683,94.509808,242.289742,91.143844,258.540733,76.703751,272.886517,66.427497,275.378090,60.080967,276.023909
Type03, L,280,61.351673,281.019974,56.364152,280.491337,44.045260,278.231082,31.373938,263.820586,25.926208,246.657100,22.480628,229.817107,20.505725,212.963379,17.596716,194.855840,14.255907,177.636926,10.513429,161.162175,6.916212,144.374576,3.589423,127.546832,1.224078,111.487042,0.000000,94.031696,0.388763,77.902786,2.922157,60.610609,7.735258,44.177503,15.421312,27.657570,25.847280,12.674221,41.640134,1.479359,58.307619,0.000000,75.234785,6.643454,86.174963,22.634266,91.531970,39.038506,94.638560,57.256865,95.417315,74.493198,95.763650,90.949405,94.137503,108.896859,91.033366,125.492569,88.343758,142.607110,86.723553,159.920223,88.795942,177.349302,91.445535,193.695358,93.567728,210.950322,94.990011,228.529569,96.228169,246.695010,92.801005,263.241474,78.098365,277.848090,67.635270,280.384965,61.173348,281.042525
Type04, L,230,54.890881,230.564248,50.380325,230.417232,40.630796,230.028278,27.370260,219.436732,23.343136,205.033868,21.123267,190.620102,19.042631,176.710088,16.378162,162.254127,13.686843,148.229634,10.536254,134.129134,7.616130,120.200360,4.479091,106.348128,1.577259,92.309203,0.000000,77.729742,0.476823,63.897974,3.280939,49.105449,7.753763,35.538888,14.224572,21.701634,23.151005,9.336800,36.739948,0.686428,50.656393,0.000000,65.236019,4.436871,76.113367,16.259794,80.571562,30.384098,82.349972,44.703703,81.703787,59.021162,80.148960,73.667315,78.599941,87.537766,77.614166,101.606495,76.777828,115.688764,76.576990,129.983796,78.692182,144.107030,80.037902,158.024650,81.171013,171.970568,81.961570,186.684133,82.024843,200.161078,79.848889,214.980707,69.865455,227.598654,59.507518,229.566651,55.357910,230.694293
Type04, L,235,56.084161,235.576514,51.475549,235.426302,41.514074,235.028893,27.965266,224.207096,23.850595,209.491126,21.582468,194.764017,19.456601,180.551612,16.734209,165.781391,13.984383,151.452017,10.765303,137.044985,7.781698,122.813411,4.576463,108.660044,1.611547,94.315925,0.000000,79.419519,0.487189,65.287060,3.352264,50.172959,7.922323,36.311473,14.533802,22.173409,23.654288,9.539774,37.538643,0.701350,51.757619,0.000000,66.654193,4.533325,77.768005,16.613268,82.323118,31.044622,84.140189,45.675523,83.479956,60.304231,81.891329,75.268778,80.308635,89.440761,79.301430,103.815332,78.446911,118.203737,78.241707,132.809531,80.402882,147.239792,81.777856,161.459968,82.935600,175.709059,83.743343,190.742484,83.807992,204.512406,81.584734,219.654201,71.384269,232.546451,60.801160,234.557230,56.561343,235.709386
Type04, L,240,57.277441,240.588781,52.570774,240.435373,42.397352,240.029507,28.560271,228.977459,24.358055,213.948384,22.041670,198.907933,19.870571,184.393135,17.090256,169.308654,14.281923,154.674401,10.994352,139.960835,7.947266,125.426463,4.673834,110.971960,1.645835,96.322647,0.000000,81.109296,0.497554,66.676147,3.423589,51.240469,8.090883,37.084057,14.843032,22.645183,24.157570,9.742748,38.337337,0.716273,52.858845,0.000000,68.072368,4.629778,79.422644,16.966742,84.074673,31.705146,85.930406,46.647342,85.256126,61.587299,83.633697,76.870242,82.017330,91.343756,80.988695,106.024169,80.115994,120.718710,79.906424,135.635265,82.113581,150.372553,83.517811,164.895287,84.700187,179.447549,85.525117,194.800834,85.591141,208.863734,83.320580,224.327694,72.903083,237.494248,62.094801,239.547810,57.764776,240.724480
Type04, L,245,58.470721,245.601047,53.665998,245.444443,43.280631,245.030122,29.155277,233.747823,24.865514,218.405642,22.500871,203.051848,20.284542,188.234659,17.446303,172.835918,14.579463,157.896784,11.223401,142.876686,8.112834,128.039514,4.771206,113.283875,1.680124,98.329368,0.000000,82.799073,0.507920,68.065233,3.494913,52.307978,8.259443,37.856642,15.152261,23.116958,24.660853,9.945722,39.136032,0.731195,53.960071,0.000000,69.490542,4.726232,81.077282,17.320215,85.826229,32.365670,87.720622,47.619162,87.032295,62.870368,85.376066,78.471705,83.726024,93.246751,82.675959,108.233006,81.785078,123.233683,81.571142,138.461000,83.824281,153.505315,85.257765,168.330605,86.464775,183.186040,87.306890,198.859185,87.374289,213.215061,85.056425,229.001188,74.421898,242.442044,63.388443,244.538389,58.968208,245.739573
Type04, L,250,59.664001,250.613313,54.761223,250.453513,44.163909,250.030737,29.750283,238.518187,25.372974,222.862900,22.960073,207.195763,20.698512,192.076183,17.802350,176.363182,14.877003,161.119167,11.452450,145.792537,8.278402,130.652565,4.868577,115.595791,1.714412,100.336090,0.000000,84.488850,0.518286,69.454320,3.566238,53.375488,8.428003,38.629226,15.461491,23.588733,25.164136,10.148696,39.934726,0.746117,55.061297,0.000000,70.908716,4.822686,82.731921,17.673689,87.577785,33.026193,89.510839,48.590982,88.808464,64.153437,87.118435,80.073168,85.434718,95.149746,84.363224,110.441842,83.454161,125.748657,83.235859,141.286735,85.534980,156.638076,86.997720,171.765924,88.229362,186.924530,89.088663,202.917536,89.157438,217.566389,86.792271,233.674682,75.940712,247.389841,64.682085,249.528968,60.171641,250.754666
Type04, L,255,60.857281,255.625579,55.856447,255.462583,45.047187,255.031352,30.345288,243.288551,25.880433,227.320158,23.419274,211.339678,21.112482,195.917706,18.158397,179.890445,15.174543,164.341551,11.681499,148.708388,8.443970,133.265617,4.965949,117.907707,1.748700,102.342812,0.000000,86.178627,0.528652,70.843406,3.637563,54.442998,8.596563,39.401811,15.770721,24.060507,25.667419,10.351670,40.733421,0.761040,56.162523,0.000000,72.326891,4.919140,84.386559,18.027163,89.329340,33.686717,91.301056,49.562801,90.584633,65.436506,88.860803,81.674632,87.143413,97.052741,86.050488,112.650679,85.123244,128.263630,84.900576,144.112469,87.245680,159.770838,88.737674,175.201242,89.993949,190.663021,90.870436,206.975887,90.940587,221.917717,88.528116,238.348175,77.459526,252.337638,65.975726,254.519548,61.375074,255.769760
Type04, L,260,62.050561,260.637846,56.951672,260.471654,45.930465,260.031966,30.940294,248.058914,26.387893,231.777416,23.878476,215.483594,21.526452,199.759230,18.514444,183.417709,15.472083,167.563934,11.910548,151.624238,8.609538,135.878668,5.063320,120.219623,1.782988,104.349534,0.000000,87.868404,0.539017,72.232492,3.708888,55.510508,8.765123,40.174395,16.079951,24.532282,26.170701,10.554643,41.532115,0.775962,57.263749,0.000000,73.745065,5.015593,86.041197,18.380637,91.080896,34.347241,93.091273,50.534621,92.360803,66.719574,90.603172,83.276095,88.852107,98.955735,87.737753,114.859516,86.792327,130.778603,86.565293,146.938204,88.956380,162.903599,90.477628,178.636561,91.758536,194.401512,92.652210,211.034237,92.723736,226.269045,90.263961,243.021669,78.978340,257.285435,67.269368,259.510127,62.578507,260.784853
Type04, L,265,63.243841,265.650112,58.046896,265.480724,46.813743,265.032581,31.535300,252.829278,26.895352,236.234674,24.337677,219.627509,21.940423,203.600754,18.870491,186.944972,15.769623,170.786317,12.139597,154.540089,8.775106,138.491719,5.160692,122.531539,1.817277,106.356256,0.000000,89.558181,0.549383,73.621579,3.780212,56.578017,8.933683,40.946980,16.389181,25.004057,26.673984,10.757617,42.330810,0.790884,58.364975,0.000000,75.163239,5.112047,87.695836,18.734110,92.832452,35.007765,94.881489,51.506440,94.136972,68.002643,92.345541,84.877559,90.560802,100.858730,89.425017,117.068353,88.461411,133.293576,88.230010,149.763939,90.667079,166.036361,92.217583,182.071879,93.523124,198.140002,94.433983,215.092588,94.506884,230.620372,91.999807,247.695162,80.497155,262.233232,68.563010,264.500707,63.781940,265.799946
Type04, L,270,64.437121,270.662378,59.142121,270.489794,47.697021,270.033196,32.130305,257.599642,27.402812,240.691932,24.796879,223.771424,22.354393,207.442277,19.226538,190.472236,16.067164,174.008701,12.368646,157.455940,8.940674,141.104770,5.258063,124.843455,1.851565,108.362977,0.000000,91.247958,0.559749,75.010665,3.851537,57.645527,9.102244,41.719564,16.698411,25.475831,27.177267,10.960591,43.129504,0.805807,59.466200,0.000000,76.581414,5.208501,89.350474,19.087584,94.584008,35.668289,96.671706,52.478260,95.913141,69.285712,94.087910,86.479022,92.269496,102.761725,91.112282,119.277190,90.130494,135.808549,89.894727,152.589674,92.377779,169.169122,93.957537,185.507198,95.287711,201.878493,96.215756,219.150939,96.290033,234.971700,93.735652,252.368656,82.015969,267.181029,69.856652,269.491286,64.985373,270.815040
Type04, L,275,65.630401,275.674644,60.237345,275.498864,48.580300,275.033811,32.725311,262.370006,27.910271,245.149190,25.256080,227.915339,22.768363,211.283801,19.582585,193.999500,16.364704,177.231084,12.597695,160.371791,9.106242,143.717822,5.355435,127.155370,1.885853,110.369699,0.000000,92.937735,0.570114,76.399752,3.922862,58.713037,9.270804,42.492149,17.007640,25.947606,27.680549,11.163565,43.928199,0.820729,60.567426,0.000000,77.999588,5.304954,91.005113,19.441058,96.335563,36.328813,98.461923,53.450080,97.689311,70.568781,95.830278,88.080485,93.978190,104.664720,92.799546,121.486027,91.799577,138.323522,91.559445,155.415408,94.088478,172.301884,95.697492,188.942516,97.052298,205.616983,97.997529,223.209289,98.073182,239.323028,95.471498,257.042150,83.534783,272.128825,71.150293,274.481865,66.188805,275.830133
Type04, L,280,66.823681,280.686911,61.332570,280.507935,49.463578,280.034425,33.320317,267.140369,28.417731,249.606448,25.715282,232.059255,23.182333,215.125325,19.938632,197.526763,16.662244,180.453467,12.826744,163.287641,9.271810,146.330873,5.452806,129.467286,1.920141,112.376421,0.000000,94.627512,0.580480,77.788838,3.994187,59.780547,9.439364,43.264733,17.316870,26.419381,28.183832,11.366539,44.726893,0.835651,61.668652,0.000000,79.417762,5.401408,92.659751,19.794532,98.087119,36.989337,100.252140,54.421899,99.465480,71.851849,97.572647,89.681949,95.686885,106.567715,94.486811,123.694863,93.468660,140.838495,93.224162,158.241143,95.799178,175.434645,97.437446,192.377835,98.816885,209.355474,99.779303,227.267640,99.856331,243.674356,97.207343,261.715643,85.053597,277.076622,72.443935,279.472445,67.392238,280.845226
Type05, L,230,52.820694,231.341803,48.365450,231.318170,38.135720,229.234982,27.705323,217.481188,23.799945,203.701527,20.918759,189.496945,19.282051,175.337769,18.151680,160.265546,16.296562,146.017287,12.882661,132.408860,7.900033,118.981963,2.925257,105.824108,0.272740,91.777097,0.000000,76.970797,2.206759,63.292078,5.761477,49.157037,10.984660,35.556130,17.198396,22.245709,26.661236,9.657149,39.295571,2.215016,54.359903,0.000000,67.743245,8.403470,71.791195,23.015692,76.977498,36.066147,80.022582,49.511774,80.121358,63.151487,77.489860,77.388290,73.488393,91.098695,69.444374,105.078073,67.252323,119.004211,68.157844,133.030398,70.169253,146.656974,73.294297,160.399285,76.617702,174.122161,79.806942,188.015972,80.210426,201.753230,77.126852,216.132101,67.407892,228.602137,56.984048,230.781505,53.397062,231.548411
Type05, L,235,53.968970,236.370972,49.416873,236.346826,38.964758,234.218351,28.307612,222.209040,24.317335,208.129821,21.373514,193.616444,19.701226,179.149459,18.546281,163.749579,16.650835,149.191576,13.162719,135.287314,8.071773,121.568528,2.988849,108.124632,0.278669,93.772252,0.000000,78.644075,2.254732,64.667992,5.886726,50.225668,11.223457,36.329090,17.572274,22.729312,27.240828,9.867087,40.149822,2.263168,55.541640,0.000000,69.215924,8.586154,73.351873,23.516033,78.650922,36.850193,81.762204,50.588117,81.863126,64.524346,79.174422,79.070644,75.085966,93.079102,70.954035,107.362379,68.714330,121.591259,69.639537,135.922363,71.694671,149.845169,74.887652,163.886226,78.283304,177.907426,81.541875,192.103275,81.954131,206.139170,78.803522,220.830625,68.873281,233.571748,58.222831,235.798494,54.557867,236.582072
Type05, L,240,55.117246,241.400142,50.468296,241.375482,39.793795,239.201720,28.909902,226.936892,24.834725,212.558115,21.828270,197.735943,20.120401,182.961150,18.940883,167.233613,17.005108,152.365865,13.442777,138.165767,8.243513,124.155092,3.052442,110.425156,0.284598,95.767406,0.000000,80.317353,2.302705,66.043907,6.011976,51.294299,11.462254,37.102049,17.946152,23.212914,27.820420,10.077025,41.004074,2.311321,56.723377,0.000000,70.688603,8.768838,74.912551,24.016374,80.324346,37.634240,83.501825,51.664460,83.604895,65.897204,80.858984,80.752998,76.683540,95.059508,72.463695,109.646685,70.176337,124.178307,71.121229,138.814328,73.220090,153.033364,76.481006,167.373167,79.948906,181.692690,83.276809,196.190579,83.697836,210.525110,80.480193,225.529149,70.338670,238.541360,59.461615,240.815483,55.718673,241.615733
Type05, L,245,56.265522,246.429312,51.519719,246.404138,40.622832,244.185089,29.512192,231.664744,25.352115,216.986409,22.283026,201.855442,20.539576,186.772841,19.335485,170.717647,17.359381,155.540154,13.722835,141.044220,8.415253,126.741656,3.116035,112.725680,0.290527,97.762560,0.000000,81.990631,2.350678,67.419822,6.137225,52.362930,11.701051,37.875008,18.320030,23.696516,28.400012,10.286963,41.858326,2.359474,57.905114,0.000000,72.161282,8.951522,76.473229,24.516715,81.997770,38.418287,85.241446,52.740803,85.346664,67.270062,82.543546,82.435352,78.281114,97.039914,73.973355,111.930991,71.638344,126.765355,72.602921,141.706293,74.745509,156.221559,78.074360,170.860108,81.614508,185.477954,85.011743,200.277883,85.441541,214.911050,82.156864,230.227673,71.804059,243.510972,60.700399,245.832472,56.879479,246.649394
Type05, L,250,57.413798,251.458481,52.571142,251.432794,41.451870,249.168458,30.114481,236.392596,25.869505,221.414703,22.737781,205.974941,20.958751,190.584531,19.730086,174.201680,17.713654,158.714443,14.002893,143.922674,8.586993,129.328221,3.179627,115.026204,0.296456,99.757715,0.000000,83.663909,2.398651,68.795736,6.262475,53.431561,11.939848,38.647968,18.693908,24.180119,28.979604,10.496901,42.712577,2.407626,59.086851,0.000000,73.633961,9.134206,78.033907,25.017056,83.671194,39.202333,86.981068,53.817146,87.088432,68.642921,84.228108,84.117706,79.878687,99.020321,75.483016,114.215297,73.100351,129.352403,74.084614,144.598258,76.270927,159.409754,79.667715,174.347049,83.280110,189.263219,86.746676,204.365186,87.185246,219.296990,83.833534,234.926197,73.269448,248.480583,61.939182,250.849461,58.040284,251.683055
Type05, L,255,58.562074,256.487651,53.622565,256.461450,42.280907,254.151827,30.716771,241.120448,26.386895,225.842997,23.192537,210.094439,21.377926,194.396222,20.124688,177.685714,18.067927,161.888732,14.282951,146.801127,8.758733,131.914785,3.243220,117.326728,0.302385,101.752869,0.000000,85.337188,2.446624,70.171651,6.387725,54.500193,12.178645,39.420927,19.067787,24.663721,29.559196,10.706839,43.566829,2.455779,60.268588,0.000000,75.106641,9.316890,79.594585,25.517397,85.344618,39.986380,88.720689,54.893489,88.830201,70.015779,85.912671,85.800060,81.476261,101.000727,76.992676,116.499603,74.562358,131.939451,75.566306,147.490223,77.796346,162.597949,81.261069,177.833990,84.945713,193.048483,88.481610,208.452490,88.928951,223.682929,85.510205,239.624721,74.734837,253.450195,63.177966,255.866451,59.201090,256.716716
Type05, L,260,59.710350,261.516820,54.673987,261.490105,43.109945,259.135197,31.319060,245.848300,26.904285,230.271291,23.647292,214.213938,21.797101,198.207912,20.519290,181.169747,18.422200,165.063020,14.563008,149.679581,8.930472,134.501350,3.306812,119.627252,0.308314,103.748023,0.000000,87.010466,2.494597,71.547566,6.512974,55.568824,12.417442,40.193886,19.441665,25.147323,30.138788,10.916777,44.421080,2.503931,61.450325,0.000000,76.579320,9.499574,81.155264,26.017738,87.018041,40.770427,90.460310,55.969832,90.571970,71.388638,87.597233,87.482415,83.073835,102.981134,78.502336,118.783909,76.024365,134.526499,77.047998,150.382189,79.321764,165.786144,82.854423,181.320931,86.611315,196.833747,90.216543,212.539794,90.672656,228.068869,87.186876,244.323245,76.200226,258.419807,64.416750,260.883440,60.361896,261.750377
Type05, L,265,60.858626,266.545990,55.725410,266.518761,43.938982,264.118566,31.921350,250.576152,27.421676,234.699585,24.102048,218.333437,22.216276,202.019603,20.913892,184.653781,18.776473,168.237309,14.843066,152.558034,9.102212,137.087914,3.370405,121.927776,0.314244,105.743177,0.000000,88.683744,2.542570,72.923481,6.638224,56.637455,12.656239,40.966846,19.815543,25.630926,30.718380,11.126715,45.275332,2.552084,62.632062,0.000000,78.051999,9.682259,82.715942,26.518080,88.691465,41.554473,92.199932,57.046175,92.313738,72.761496,89.281795,89.164769,84.671409,104.961540,80.011997,121.068215,77.486372,137.113547,78.529690,153.274154,80.847183,168.974339,84.447777,184.807872,88.276917,200.619012,91.951477,216.627098,92.416361,232.454809,88.863546,249.021769,77.665615,263.389418,65.655533,265.900429,61.522701,266.784039
Type05, L,270,62.006902,271.575160,56.776833,271.547417,44.768019,269.101935,32.523640,255.304003,27.939066,239.127879,24.556804,222.452936,22.635451,205.831294,21.308493,188.137815,19.130747,171.411598,15.123124,155.436488,9.273952,139.674478,3.433997,124.228301,0.320173,107.738332,0.000000,90.357022,2.590543,74.299395,6.763473,57.706086,12.895036,41.739805,20.189421,26.114528,31.297973,11.336653,46.129583,2.600236,63.813799,0.000000,79.524678,9.864943,84.276620,27.018421,90.364889,42.338520,93.939553,58.122518,94.055507,74.134355,90.966357,90.847123,86.268982,106.941947,81.521657,123.352521,78.948379,139.700595,80.011383,156.166119,82.372601,172.162534,86.041132,188.294813,89.942519,204.404276,93.686410,220.714401,94.160066,236.840749,90.540217,253.720293,79.131004,268.359030,66.894317,270.917418,62.683507,271.817700
Type05, L,275,63.155178,276.604329,57.828256,276.576073,45.597057,274.085304,33.125929,260.031855,28.456456,243.556173,25.011559,226.572435,23.054626,209.642984,21.703095,191.621848,19.485020,174.585887,15.403182,158.314941,9.445692,142.261043,3.497590,126.528825,0.326102,109.733486,0.000000,92.030300,2.638516,75.675310,6.888722,58.774718,13.133833,42.512764,20.563299,26.598131,31.877565,11.546591,46.983835,2.648389,64.995536,0.000000,80.997358,10.047627,85.837298,27.518762,92.038313,43.122567,95.679174,59.198860,95.797276,75.507213,92.650919,92.529477,87.866556,108.922353,83.031317,125.636827,80.410386,142.287643,81.493075,159.058084,83.898020,175.350730,87.634486,191.781754,91.608121,208.189541,95.421344,224.801705,95.903770,241.226689,92.216888,258.418817,80.596393,273.328642,68.133101,275.934408,63.844313,276.851361
Type05, L,280,64.303454,281.633499,58.879679,281.604729,46.426094,279.068673,33.728219,264.759707,28.973846,247.984467,25.466315,230.691934,23.473801,213.454675,22.097697,195.105882,19.839293,177.760176,15.683240,161.193395,9.617432,144.847607,3.561182,128.829349,0.332031,111.728640,0.000000,93.703579,2.686489,77.051225,7.013972,59.843349,13.372630,43.285724,20.937177,27.081733,32.457157,11.756529,47.838086,2.696541,66.177273,0.000000,82.470037,10.230311,87.397976,28.019103,93.711737,43.906613,97.418796,60.275203,97.539044,76.880071,94.335481,94.211831,89.464130,110.902759,84.540978,127.921133,81.872393,144.874692,82.974767,161.950049,85.423438,178.538925,89.227840,195.268695,93.273724,211.974805,97.156277,228.889009,97.647475,245.612628,93.893559,263.117341,82.061782,278.298253,69.371884,280.951397,65.005119,281.885022
Type06, L,230,52.069011,230.346655,47.712841,229.870123,37.680681,227.004086,27.456100,214.992922,23.035552,201.414029,20.706282,187.737666,19.341865,173.041208,17.012590,159.940436,14.030861,145.810015,10.318432,131.636111,7.110851,118.377458,3.709892,104.066167,1.336965,90.534936,0.000000,76.035175,0.956897,61.811250,3.520569,48.030304,7.879015,33.794089,13.451172,20.428345,22.668596,7.523945,35.928452,0.000000,50.588774,0.105227,63.924589,8.234251,71.324168,21.292116,75.618333,34.817830,78.934144,48.011219,80.436437,62.236293,80.154174,76.726412,79.109695,89.687917,77.277922,104.227889,75.708153,118.101595,74.794284,131.998601,75.130287,146.615197,76.786911,160.487533,78.746040,174.724498,80.122249,188.106596,80.460656,202.330069,77.989512,216.733663,66.572661,228.437017,56.667236,229.973336,52.081565,230.342753
Type06, L,235,53.200946,235.354191,48.750077,234.867300,38.499826,231.938957,28.052972,219.666681,23.536325,205.792595,21.156419,191.818920,19.762340,176.802973,17.382429,163.417402,14.335880,148.979798,10.542746,134.497766,7.265435,120.950881,3.790542,106.328475,1.366029,92.503087,0.000000,77.688114,0.977699,63.154973,3.597103,49.074441,8.050298,34.528743,13.743589,20.872439,23.161392,7.687509,36.709505,0.000000,51.688530,0.107515,65.314254,8.413256,72.874693,21.754988,77.262210,35.574739,80.650104,49.054941,82.185055,63.589256,81.896656,78.394377,80.829471,91.637654,78.957877,106.493713,77.353982,120.669021,76.420247,134.868136,76.763554,149.802484,78.456192,163.976392,80.457910,178.522857,81.864037,192.195870,82.209801,206.728549,79.684936,221.445264,68.019893,233.403039,57.899132,234.972756,53.213773,235.350204
Type06, L,240,54.332881,240.361727,49.787312,239.864476,39.318971,236.873829,28.649843,224.340440,24.037098,210.171161,21.606555,195.900173,20.182816,180.564739,17.752268,166.894368,14.640898,152.149581,10.767059,137.359420,7.420018,123.524304,3.871192,108.590783,1.395094,94.471238,0.000000,79.341052,0.998501,64.498696,3.673637,50.118578,8.221581,35.263397,14.036006,21.316534,23.654187,7.851073,37.490559,0.000000,52.788286,0.109802,66.703919,8.592262,74.425219,22.217860,78.906087,36.331649,82.366063,50.098663,83.933673,64.942219,83.639138,80.062343,82.549247,93.587392,80.637832,108.759536,78.999812,123.236447,78.046209,137.737671,78.396821,152.989771,80.125472,167.465252,82.169781,182.321215,83.605825,196.285144,83.958945,211.127029,81.380360,226.156866,69.467125,238.369061,59.131029,239.972177,54.345981,240.357655
Type06, L,245,55.464816,245.369263,50.824548,244.861653,40.138117,241.808700,29.246715,229.014200,24.537871,214.549727,22.056692,199.981427,20.603291,184.326504,18.122107,170.371334,14.945917,155.319364,10.991373,140.221075,7.574602,126.097727,3.951841,110.853091,1.424158,96.439388,0.000000,80.993991,1.019303,65.842418,3.750171,51.162715,8.392864,35.998051,14.328422,21.760628,24.146983,8.014637,38.271612,0.000000,53.888042,0.112090,68.093584,8.771267,75.975744,22.680732,80.549963,37.088558,84.082023,51.142385,85.682292,66.295182,85.381620,81.730308,84.269023,95.537129,82.317786,111.025360,80.645641,125.803873,79.672172,140.607205,80.030088,156.177058,81.794753,170.954111,83.881651,186.119574,85.347613,200.374417,85.708090,215.525508,83.075785,230.868467,70.914356,243.335083,60.362925,244.971597,55.478189,245.365106
Type06, L,250,56.596751,250.376799,51.861784,249.858829,40.957262,246.743572,29.843587,233.687959,25.038643,218.928292,22.506828,204.062680,21.023766,188.088270,18.491946,173.848300,15.250936,158.489147,11.215687,143.082729,7.729186,128.671150,4.032491,113.115399,1.453223,98.407539,0.000000,82.646929,1.040105,67.186141,3.826705,52.206852,8.564147,36.732705,14.620839,22.204723,24.639778,8.178201,39.052665,0.000000,54.987798,0.114377,69.483249,8.950273,77.526270,23.143604,82.193840,37.845467,85.797983,52.186108,87.430910,67.648145,87.124102,83.398274,85.988799,97.486866,83.997741,113.291184,82.291471,128.371299,81.298135,143.476740,81.663355,159.364345,83.464034,174.442971,85.593522,189.917933,87.089401,204.463691,87.457235,219.923988,84.771209,235.580068,72.361588,248.301105,61.594822,249.971017,56.610397,250.372558
Type06, L,255,57.728686,255.384335,52.899019,254.856006,41.776407,251.678443,30.440459,238.361718,25.539416,223.306858,22.956965,208.143934,21.444242,191.850035,18.861785,177.325266,15.555955,161.658930,11.440001,145.944384,7.883770,131.244573,4.113141,115.377707,1.482287,100.375690,0.000000,84.299868,1.060908,68.529864,3.903240,53.250989,8.735430,37.467360,14.913256,22.648817,25.132574,8.341765,39.833719,0.000000,56.087554,0.116665,70.872914,9.129278,79.076795,23.606476,83.837717,38.602377,87.513942,53.229830,89.179528,69.001107,88.866584,85.066239,87.708575,99.436604,85.677696,115.557007,83.937300,130.938725,82.924097,146.346275,83.296623,162.551631,85.133314,177.931830,87.305392,193.716291,88.831189,208.552965,89.206379,224.322468,86.466633,240.291670,73.808820,253.267128,62.826718,254.970438,57.742605,255.380009
Type06, L,260,58.860621,260.391871,53.936255,259.853183,42.595552,256.613315,31.037330,243.035477,26.040189,227.685424,23.407101,212.225188,21.864717,195.611800,19.231623,180.802232,15.860973,164.828713,11.664314,148.806039,8.038353,133.817996,4.193791,117.640015,1.511352,102.343841,0.000000,85.952807,1.081710,69.873587,3.979774,54.295126,8.906713,38.202014,15.205673,23.092912,25.625369,8.505329,40.614772,0.000000,57.187310,0.118952,72.262579,9.308284,80.627320,24.069349,85.481594,39.359286,89.229902,54.273552,90.928146,70.354070,90.609066,86.734205,89.428351,101.386341,87.357651,117.822831,85.583129,133.506151,84.550060,149.215810,84.929890,165.738918,86.802595,181.420689,89.017263,197.514650,90.572977,212.642239,90.955524,228.720948,88.162057,245.003271,75.256052,258.233150,64.058615,259.969858,58.874813,260.387460
Type06, L,265,59.992556,265.399407,54.973491,264.850359,43.414698,261.548186,31.634202,247.709236,26.540962,232.063990,23.857238,216.306441,22.285192,199.373566,19.601462,184.279198,16.165992,167.998496,11.888628,151.667693,8.192937,136.391419,4.274441,119.902323,1.540416,104.311991,0.000000,87.605745,1.102512,71.217310,4.056308,55.339263,9.077996,38.936668,15.498089,23.537006,26.118165,8.668893,41.395825,0.000000,58.287066,0.121240,73.652244,9.487289,82.177846,24.532221,87.125471,40.116195,90.945862,55.317274,92.676764,71.707033,92.351548,88.402170,91.148127,103.336078,89.037606,120.088655,87.228959,136.073577,86.176023,152.085345,86.563157,168.926205,88.471876,184.909549,90.729133,201.313009,92.314765,216.731513,92.704669,233.119427,89.857481,249.714873,76.703283,263.199172,65.290511,264.969278,60.007021,265.394911
Type06, L,270,61.124491,270.406943,56.010726,269.847536,44.233843,266.483057,32.231074,252.382995,27.041735,236.442556,24.307375,220.387695,22.705668,203.135331,19.971301,187.756164,16.471011,171.168278,12.112942,154.529348,8.347521,138.964842,4.355091,122.164631,1.569481,106.280142,0.000000,89.258684,1.123314,72.561033,4.132842,56.383400,9.249278,39.671322,15.790506,23.981101,26.610961,8.832457,42.176878,0.000000,59.386822,0.123527,75.041909,9.666295,83.728371,24.995093,88.769347,40.873105,92.661821,56.360996,94.425383,73.059996,94.094030,90.070136,92.867903,105.285816,90.717561,122.354478,88.874788,138.641003,87.801986,154.954879,88.196424,172.113492,90.141156,188.398408,92.441003,205.111367,94.056553,220.820787,94.453814,237.517907,91.552905,254.426474,78.150515,268.165194,66.522407,269.968699,61.139228,270.402362
Type06, L,275,62.256426,275.414479,57.047962,274.844712,45.052988,271.417929,32.827946,257.056755,27.542508,240.821122,24.757511,224.468948,23.126143,206.897097,20.341140,191.233130,16.776029,174.338061,12.337256,157.391002,8.502104,141.538265,4.435740,124.426939,1.598545,108.248293,0.000000,90.911622,1.144116,73.904755,4.209376,57.427537,9.420561,40.405976,16.082923,24.425195,27.103756,8.996021,42.957932,0.000000,60.486578,0.125815,76.431574,9.845300,85.278897,25.457965,90.413224,41.630014,94.377781,57.404718,96.174001,74.412959,95.836512,91.738101,94.587679,107.235553,92.397515,124.620302,90.520618,141.208429,89.427948,157.824414,89.829691,175.300779,91.810437,191.887268,94.152874,208.909726,95.798341,224.910060,96.202958,241.916387,93.248330,259.138075,79.597747,273.131216,67.754304,274.968119,62.271436,275.409813
Type06, L,280,63.388361,280.422015,58.085198,279.841889,45.872133,276.352800,33.424817,261.730514,28.043281,245.199687,25.207648,228.550202,23.546618,210.658862,20.710979,194.710096,17.081048,177.507844,12.561569,160.252657,8.656688,144.111688,4.516390,126.689247,1.627610,110.216444,0.000000,92.564561,1.164918,75.248478,4.285910,58.471674,9.591844,41.140630,16.375340,24.869290,27.596552,9.159585,43.738985,0.000000,61.586334,0.128102,77.821239,10.024306,86.829422,25.920837,92.057101,42.386923,96.093741,58.448441,97.922619,75.765922,97.578994,93.406067,96.307455,109.185290,94.077470,126.886126,92.166447,143.775855,91.053911,160.693949,91.462958,178.488066,93.479718,195.376127,95.864744,212.708085,97.540129,228.999334,97.952103,246.314867,94.943754,263.849677,81.044979,278.097238,68.986200,279.967539,63.403644,280.417265
Type07, L,230,54.858490,231.238961,50.104211,230.923615,40.545595,229.726749,28.310486,218.714930,24.252847,205.098987,21.081360,191.019265,18.781782,177.412665,16.947279,163.134702,14.737782,148.814430,11.602481,135.532540,7.920319,122.060133,4.370262,108.636527,1.655469,95.169854,0.000000,80.889208,0.766822,66.627237,3.511447,53.174794,8.123476,39.262571,14.460486,26.090206,22.151193,12.985354,34.402982,2.945029,48.251557,0.000000,62.445126,4.487315,72.211559,17.351461,76.375619,30.898395,78.191199,44.887336,78.826090,57.750633,79.731624,73.312665,78.233896,86.783546,76.289373,100.310872,76.095440,114.489959,76.562767,129.906072,76.497064,144.861657,76.766561,157.227605,77.379522,171.381496,78.802165,185.391119,79.717178,200.158293,78.024240,213.893761,69.528507,227.621143,59.494323,231.013142,55.386816,230.872812
Type07, L,235,56.051066,236.265895,51.193433,235.943693,41.427021,234.720809,28.925931,223.469603,24.780083,209.557661,21.539651,195.171858,19.190081,181.269462,17.315698,166.681108,15.058168,152.049526,11.854708,138.478899,8.092499,124.713615,4.465268,110.998191,1.691458,97.238763,0.000000,82.647669,0.783492,68.075655,3.587783,54.330768,8.300073,40.116106,14.774845,26.657385,22.632741,13.267644,35.150873,3.009051,49.300504,0.000000,63.802629,4.584865,73.781375,17.728667,78.035958,31.570099,79.891008,45.863148,80.539701,59.006081,81.464920,74.906418,79.934632,88.670145,77.947837,102.491544,77.749689,116.978872,78.227175,132.730117,78.160044,148.010824,78.435399,160.645597,79.061685,175.107181,80.515255,189.421361,81.450161,204.509560,79.720419,218.543626,71.039996,232.569429,60.787677,236.035167,56.590877,235.891786
Type07, L,240,57.243642,241.292829,52.282655,240.963772,42.308447,239.714868,29.541376,228.224275,25.307318,214.016335,21.997941,199.324451,19.598381,185.126259,17.684117,170.227515,15.378555,155.284622,12.106936,141.425259,8.264680,127.367096,4.560274,113.359855,1.727446,99.307673,0.000000,84.406130,0.800162,69.524074,3.664118,55.486741,8.476670,40.969640,15.089203,27.224563,23.114289,13.549934,35.898764,3.073073,50.349451,0.000000,65.160132,4.682415,75.351192,18.105873,79.696298,32.241804,81.590817,46.838960,82.253312,60.261530,83.198217,76.500172,81.635369,90.556743,79.606302,104.672215,79.403938,119.467784,79.891583,135.554162,79.823024,151.159990,80.104237,164.063588,80.743849,178.832866,82.228346,193.451603,83.183143,208.860828,81.416598,223.193490,72.551485,237.517715,62.081032,241.057191,57.794939,240.910761
Type07, L,245,58.436218,246.319763,53.371877,245.983850,43.189873,244.708928,30.156822,232.978948,25.834554,218.475008,22.456232,203.477043,20.006680,188.983056,18.052536,173.773921,15.698941,158.519719,12.359164,144.371618,8.436861,130.020577,4.655279,115.721518,1.763435,101.376583,0.000000,86.164591,0.816832,70.972492,3.740454,56.642715,8.653268,41.823174,15.403562,27.791742,23.595836,13.832225,36.646655,3.137096,51.398398,0.000000,66.517634,4.779966,76.921008,18.483078,81.356637,32.913508,83.290625,47.814771,83.966922,61.516978,84.931513,78.093925,83.336106,92.443342,81.264766,106.852886,81.058186,121.956696,81.555991,138.378207,81.486003,154.309157,81.773076,167.481580,82.426012,182.558550,83.941436,197.481844,84.916125,213.212095,83.112777,227.843355,74.062975,242.466000,63.374387,246.079216,58.999000,245.929735
Type07, L,250,59.628794,251.346697,54.461099,251.003929,44.071299,249.702988,30.772267,237.733620,26.361790,222.933682,22.914522,207.629636,20.414980,192.839853,18.420955,177.320328,16.019328,161.754815,12.611392,147.317978,8.609042,132.674058,4.750285,118.083182,1.799423,103.445493,0.000000,87.923052,0.833502,72.420910,3.816790,57.798689,8.829865,42.676708,15.717920,28.358920,24.077384,14.114515,37.394546,3.201118,52.447345,0.000000,67.875137,4.877516,78.490825,18.860284,83.016977,33.585212,84.990434,48.790583,85.680533,62.772427,86.664809,79.687679,85.036843,94.329941,82.923231,109.033557,82.712435,124.445608,83.220399,141.202252,83.148983,157.458323,83.441914,170.899571,84.108176,186.284235,85.654527,201.512086,86.649107,217.563362,84.808956,232.493219,75.574464,247.414286,64.667742,251.101241,60.203061,250.948709
Type07, L,255,60.821370,256.373631,55.550321,256.024008,44.952725,254.697048,31.387712,242.488292,26.889026,227.392356,23.372812,211.782229,20.823280,196.696650,18.789374,180.866735,16.339715,164.989911,12.863620,150.264338,8.781223,135.327539,4.845291,120.444846,1.835411,105.514403,0.000000,89.681513,0.850172,73.869328,3.893126,58.954663,9.006462,43.530242,16.032278,28.926098,24.558932,14.396805,38.142437,3.265140,53.496292,0.000000,69.232640,4.975066,80.060642,19.237490,84.677317,34.256916,86.690243,49.766395,87.394144,64.027876,88.398105,81.281433,86.737580,96.216540,84.581696,111.214228,84.366684,126.934520,84.884807,144.026297,84.811963,160.607489,85.110752,174.317562,85.790340,190.009920,87.367618,205.542328,88.382089,221.914629,86.505135,237.143083,77.085953,252.362572,65.961097,256.123266,61.407122,255.967683
Type07, L,260,62.013946,261.400565,56.639543,261.044086,45.834151,259.691108,32.003158,247.242965,27.416262,231.851029,23.831103,215.934821,21.231579,200.553447,19.157793,184.413141,16.660101,168.225008,13.115848,153.210697,8.953404,137.981020,4.940296,122.806509,1.871400,107.583313,0.000000,91.439974,0.866842,75.317746,3.969462,60.110637,9.183060,44.383776,16.346637,29.493277,25.040479,14.679096,38.890328,3.329163,54.545239,0.000000,70.590142,5.072617,81.630458,19.614695,86.337656,34.928620,88.390051,50.742206,89.107754,65.283324,90.131401,82.875186,88.438317,98.103139,86.240160,113.394899,86.020932,129.423432,86.549215,146.850342,86.474942,163.756656,86.779591,177.735554,87.472503,193.735604,89.080708,209.572569,90.115071,226.265896,88.201314,241.792948,78.597443,257.310857,67.254452,261.145291,62.611183,260.986657
Type07, L,265,63.206522,266.427499,57.728765,266.064165,46.715577,264.685167,32.618603,251.997637,27.943497,236.309703,24.289393,220.087414,21.639879,204.410244,19.526212,187.959548,16.980488,171.460104,13.368076,156.157057,9.125585,140.634501,5.035302,125.168173,1.907388,109.652223,0.000000,93.198435,0.883512,76.766165,4.045797,61.266610,9.359657,45.237310,16.660995,30.060455,25.522027,14.961386,39.638219,3.393185,55.594186,0.000000,71.947645,5.170167,83.200275,19.991901,87.997996,35.600325,90.089860,51.718018,90.821365,66.538773,91.864698,84.468940,90.139054,99.989737,87.898625,115.575570,87.675181,131.912344,88.213623,149.674387,88.137922,166.905822,88.448429,181.153545,89.154667,197.461289,90.793799,213.602811,91.848053,230.617164,89.897493,246.442812,80.108932,262.259143,68.547807,266.167315,63.815245,266.005632
Type07, L,270,64.399098,271.454433,58.817987,271.084243,47.597003,269.679227,33.234048,256.752310,28.470733,240.768377,24.747684,224.240007,22.048178,208.267041,19.894631,191.505954,17.300874,174.695200,13.620303,159.103416,9.297765,143.287983,5.130308,127.529837,1.943377,111.721132,0.000000,94.956896,0.900182,78.214583,4.122133,62.422584,9.536254,46.090845,16.975354,30.627634,26.003575,15.243676,40.386110,3.457207,56.643133,0.000000,73.305148,5.267717,84.770091,20.369107,89.658335,36.272029,91.789669,52.693830,92.534976,67.794221,93.597994,86.062693,91.839790,101.876336,89.557089,117.756242,89.329430,134.401257,89.878031,152.498432,89.800902,170.054989,90.117267,184.571537,90.836830,201.186974,92.506889,217.633053,93.581036,234.968431,91.593672,251.092677,81.620421,267.207429,69.841161,271.189340,65.019306,271.024606
Type07, L,275,65.591673,276.481367,59.907209,276.104322,48.478429,274.673287,33.849494,261.506982,28.997969,245.227050,25.205974,228.392600,22.456478,212.123838,20.263051,195.052361,17.621261,177.930297,13.872531,162.049776,9.469946,145.941464,5.225314,129.891500,1.979365,113.790042,0.000000,96.715357,0.916852,79.663001,4.198469,63.578558,9.712852,46.944379,17.289712,31.194812,26.485122,15.525967,41.134001,3.521230,57.692080,0.000000,74.662651,5.365268,86.339908,20.746312,91.318675,36.943733,93.489477,53.669641,94.248586,69.049670,95.331290,87.656447,93.540527,103.762935,91.215554,119.936913,90.983679,136.890169,91.542439,155.322477,91.463881,173.204155,91.786105,187.989528,92.518994,204.912659,94.219980,221.663295,95.314018,239.319698,93.289852,255.742541,83.131910,272.155715,71.134516,276.211365,66.223367,276.043580
Type07, L,280,66.784249,281.508301,60.996431,281.124400,49.359855,279.667347,34.464939,266.261654,29.525205,249.685724,25.664265,232.545192,22.864778,215.980635,20.631470,198.598767,17.941647,181.165393,14.124759,164.996135,9.642127,148.594945,5.320319,132.253164,2.015354,115.858952,0.000000,98.473818,0.933522,81.111419,4.274805,64.734532,9.889449,47.797913,17.604070,31.761990,26.966670,15.808257,41.881892,3.585252,58.741026,0.000000,76.020153,5.462818,87.909724,21.123518,92.979014,37.615437,95.189286,54.645453,95.962197,70.305118,97.064586,89.250200,95.241264,105.649534,92.874019,122.117584,92.637927,139.379081,93.206847,158.146522,93.126861,176.353322,93.454944,191.407520,94.201157,208.638343,95.933070,225.693536,97.047000,243.670965,94.986031,260.392405,84.643400,277.104000,72.427871,281.233390,67.427428,281.062554
