type, side, size, x1, y1, x2, y2, x3, y3, x4, y4, x5, y5, x6, y6, x7, y7, x8, y8, x9, y9, x10, y10, x11, y11, x12, y12, x13, y13, x14, y14, x15, y15, x16, y16, x17, y17, x18, y18, x19, y19, x20, y20, x21, y21, x22, y22, x23, y23, x24, y24, x25, y25, x26, y26, x27, y27, x28, y28, x29, y29, x30, y30, x31, y31, x32, y32, x33, y33, x34, y34, x35, y35, x36, y36, x37, y37, x38, y38, x39, y39, x40, y40, x41, y41, x42, y42, x43, y43, x44, y44, x45, y45, x46, y46, x47, y47, x48, y48, x49, y49, x50, y50, x51, y51, x52, y52, x53, y53, x54, y54, x55, y55, x56, y56, x57, y57, x58, y58, x59, y59, x60, y60
Type00, L, 240, 58.533234, 240.000000, 49.774974, 239.034788, 41.130943, 235.311826, 33.480520, 229.011809, 28.325362, 220.961014, 25.412731, 211.981334, 23.992421, 202.995048, 23.010997, 193.860428, 22.199884, 185.078724, 20.958896, 176.206234, 19.442134, 167.105285, 17.649597, 158.461254, 15.695892, 149.729366, 13.375085, 140.773389, 11.249504, 131.770005, 8.962686, 122.914180, 6.480711, 113.984575, 4.247032, 104.911737, 2.451359, 96.497465, 0.827325, 87.709794, 0.000000, 78.437501, 0.689437, 68.993862, 2.481975, 60.007142, 4.826062, 51.134652, 7.723322, 42.336679, 10.945186, 33.599316, 14.913601, 24.942726, 19.662026, 16.609227, 26.034514, 9.271527, 33.907036, 3.605205, 42.523239, 0.366613, 51.300988, 0.000000, 59.917192, 2.011298, 67.951258, 7.287615, 73.893355, 14.884362, 77.768537, 23.539184, 80.401126, 32.561019, 82.346217, 41.621471, 83.922688, 50.560765, 84.938686, 59.942982, 84.800798, 69.272391, 83.983075, 77.903670, 83.284036, 86.503337, 82.614657, 94.853373, 82.180936, 104.134087, 82.180936, 113.406381, 82.306492, 122.438594, 82.713965, 131.983683, 83.284036, 141.109033, 83.835586, 150.267097, 84.555890, 159.649678, 84.938686, 168.583225, 84.854105, 177.245562, 84.316834, 186.225242, 83.317899, 195.083763, 82.224333, 204.588466, 81.491499, 213.631053, 79.449323, 222.668985, 74.700898, 231.002485, 67.348609, 237.242250
Type00, L, 245, 59.306890, 245.000000, 49.807859, 243.584019, 41.434928, 238.728669, 35.104439, 231.110405, 30.459183, 222.701518, 26.977888, 213.925265, 24.257117, 204.817429, 22.103304, 195.393115, 20.354956, 186.113393, 18.682601, 177.338635, 16.870883, 168.390699, 14.919802, 159.385037, 12.968721, 150.263923, 10.878277, 141.315987, 8.904804, 132.163329, 6.976116, 123.535566, 5.025035, 114.529904, 2.803890, 105.140656, 1.206661, 95.588852, 0.147333, 86.762480, 0.000000, 77.424068, 0.704785, 68.289348, 2.237777, 59.110508, 4.606946, 50.047120, 7.505355, 40.931227, 10.894277, 31.828426, 15.268643, 23.133810, 20.529909, 14.806559, 27.415709, 7.642034, 35.620504, 2.363860, 44.529821, 0.000000, 53.766387, 0.278726, 62.887501, 3.065984, 70.633976, 9.236643, 75.477154, 17.424531, 78.776322, 26.241602, 81.256548, 35.194721, 83.293879, 44.161475, 84.740621, 53.263771, 85.504339, 62.571169, 85.605046, 71.673970, 85.298073, 80.742565, 84.601258, 90.036857, 83.625718, 98.984794, 82.824024, 108.738270, 82.232089, 118.150638, 82.371452, 127.329478, 83.119382, 136.454857, 84.356447, 145.598477, 85.298073, 154.519642, 85.692368, 163.844897, 85.437436, 172.935048, 85.080308, 182.295410, 84.757370, 191.398211, 84.652631, 200.664286, 84.461895, 210.169943, 83.486355, 219.579687, 81.255622, 228.625784, 76.289989, 237.075490, 68.421646, 242.853389
Type00, L, 255, 61.687959, 255.000000, 52.440354, 253.792624, 43.436363, 249.779120, 35.765154, 243.075574, 30.439767, 234.425904, 27.717371, 224.772278, 26.056405, 214.793833, 24.813808, 205.371740, 23.427562, 195.738864, 22.179940, 186.163409, 20.448493, 176.747759, 18.852949, 166.897658, 17.050829, 156.977682, 15.248709, 147.631907, 12.740312, 137.849037, 9.980973, 128.136476, 7.082659, 118.744796, 4.574613, 109.502347, 2.217994, 99.926892, 0.554499, 90.179176, 0.000000, 80.661141, 0.777240, 71.654128, 2.356619, 62.027012, 4.314921, 52.590488, 6.931231, 43.278043, 10.119598, 34.161950, 14.249395, 25.050686, 19.405533, 16.290308, 26.211233, 8.375611, 34.526034, 2.633868, 43.986649, 0.000000, 53.595593, 0.155799, 62.599584, 3.614805, 70.676690, 10.028416, 76.659418, 18.243398, 80.679532, 27.244651, 83.313400, 36.705266, 85.427145, 46.335562, 86.779016, 55.913596, 87.333515, 65.661312, 86.779016, 75.409028, 85.644353, 85.071874, 84.308204, 94.725501, 83.036151, 104.135394, 81.812248, 113.301914, 81.014625, 122.671325, 80.818157, 132.344977, 81.234031, 141.920433, 82.065779, 151.323627, 83.168846, 160.879808, 84.006524, 170.015176, 84.861732, 179.334415, 85.223362, 188.906837, 85.674489, 198.722872, 86.363142, 208.259577, 87.194890, 217.777612, 87.056265, 227.697588, 84.544079, 237.134367, 78.955249, 245.634313, 70.988205, 252.019571
Type00, L, 265, 65.461092, 265.000000, 55.336917, 264.139829, 45.799590, 260.596859, 37.741489, 253.628641, 32.287781, 244.584088, 28.874807, 234.953013, 26.429660, 224.662273, 24.406385, 214.681288, 22.615070, 204.684027, 20.978261, 194.768686, 19.216032, 184.832335, 17.277666, 174.856083, 15.322772, 164.999537, 13.078595, 155.189858, 10.490123, 145.031443, 8.174122, 135.211612, 5.645483, 125.214234, 3.456927, 115.158176, 1.655890, 105.421338, 0.408706, 95.311552, 0.000000, 85.491721, 0.520757, 75.452678, 1.914182, 65.476425, 4.223296, 55.919366, 7.172632, 46.321968, 11.147682, 36.625032, 15.381511, 27.486730, 20.529085, 18.388331, 26.879403, 9.994482, 35.216821, 3.700595, 44.993562, 0.398700, 55.129424, 0.000000, 64.786457, 3.025940, 73.213362, 9.681785, 79.251307, 18.444437, 83.452080, 27.822154, 86.400524, 37.718602, 88.574415, 47.615049, 90.390118, 57.511497, 91.686399, 67.375225, 91.863711, 77.703417, 90.885839, 87.400353, 89.201633, 97.057386, 87.326867, 107.218855, 86.373220, 117.602991, 86.100749, 127.479253, 86.373220, 137.694098, 87.110544, 147.577088, 88.056494, 157.393731, 88.809779, 167.130569, 89.234162, 177.029853, 89.817021, 187.043172, 90.778366, 196.859815, 91.467239, 206.676458, 91.857959, 216.533004, 91.822634, 226.806175, 90.868987, 237.077451, 88.318959, 246.501664, 83.267718, 255.639966, 75.089910, 262.319185
Type00, L, 270, 64.150055, 270.000000, 74.246618, 266.912783, 82.533632, 259.887452, 87.610436, 250.464853, 89.890546, 240.614649, 90.648075, 230.189608, 90.294915, 220.511372, 89.593981, 210.007052, 89.010821, 199.858860, 88.472485, 189.695219, 88.075171, 179.953153, 87.771551, 170.254397, 87.210803, 159.924279, 86.509868, 149.884497, 85.949121, 139.554379, 85.438718, 129.552459, 85.195464, 119.702255, 85.388373, 110.073775, 86.369681, 99.337186, 87.780943, 89.658925, 89.593981, 80.244767, 90.654226, 69.383680, 90.263740, 59.820895, 88.567594, 49.601153, 85.949121, 39.504968, 82.565436, 29.490147, 78.659401, 19.773809, 73.119807, 10.651995, 64.675599, 3.609656, 55.301036, 0.000000, 44.934131, 0.270057, 35.337607, 3.644860, 26.482525, 10.190895, 19.580372, 18.775290, 14.445501, 28.255956, 10.367013, 37.941921, 6.743513, 47.775288, 3.728040, 57.478090, 1.668183, 66.630277, 0.294915, 76.094546, 0.000000, 85.879027, 0.435102, 95.651503, 1.758153, 105.990033, 3.652160, 115.717058, 6.042579, 125.596645, 8.846317, 135.578360, 11.662091, 145.596148, 14.593981, 155.483721, 17.257532, 165.639637, 19.780896, 175.969755, 22.031335, 186.105578, 24.024056, 195.873663, 25.808934, 205.508426, 27.232183, 215.656190, 28.752859, 225.878326, 30.715476, 236.324578, 33.695440, 246.274357, 38.071310, 255.837142, 45.352963, 264.100104, 54.707955, 268.878505
Type00, L, 275, 61.926380, 275.000000, 51.930188, 272.847817, 42.659510, 267.292721, 35.305649, 258.975561, 30.787550, 249.503351, 27.890294, 239.587772, 26.216131, 229.793112, 24.770552, 219.259012, 23.507737, 209.196136, 21.794871, 198.675963, 19.981833, 188.881303, 17.926958, 178.844805, 15.550402, 168.411842, 13.348575, 158.208207, 11.003428, 148.251637, 8.666062, 138.215139, 6.192638, 127.939312, 4.113035, 117.860000, 2.064213, 107.646045, 0.550457, 97.499412, 0.000000, 86.953767, 0.412843, 76.579127, 2.201827, 66.204487, 4.715742, 56.431827, 8.210676, 46.193798, 12.110048, 36.163598, 16.513701, 26.301973, 21.906640, 16.809817, 29.357809, 8.532964, 38.547875, 2.783253, 48.624679, 0.000000, 59.185158, 0.746007, 68.939512, 4.858179, 77.063939, 12.493403, 82.398924, 21.895561, 86.219173, 31.770833, 89.036373, 41.679266, 90.962971, 51.882901, 92.625637, 62.122164, 93.577640, 72.461176, 93.577640, 82.892818, 92.751955, 92.982450, 91.528515, 103.517648, 90.316020, 113.675065, 89.449215, 123.935365, 89.586829, 134.196001, 90.687743, 144.285633, 92.063884, 154.717275, 92.893342, 165.187660, 93.552678, 175.667526, 93.538405, 185.865249, 93.577640, 196.272836, 93.564811, 206.180082, 93.577640, 216.680106, 93.640580, 226.897977, 93.047279, 237.136006, 91.092576, 247.898016, 87.522617, 257.950659, 81.321084, 267.027272, 72.255823, 272.866980
Type01, L, 230, 45.770010, 230.000000, 37.322863, 228.493464, 29.267917, 224.689320, 22.557346, 217.978749, 18.652355, 209.811899, 16.301740, 201.392608, 14.921884, 192.536400, 13.774047, 183.898650, 12.730131, 175.294693, 11.848768, 166.665428, 10.904454, 158.223126, 9.900096, 149.407082, 8.608779, 140.709901, 7.317462, 132.250445, 5.739186, 123.790989, 4.264915, 114.889841, 2.792226, 106.386649, 1.455807, 97.589288, 0.339705, 88.581805, 0.000000, 79.532478, 0.286959, 70.419278, 1.004358, 62.078685, 2.437563, 53.518432, 4.319256, 45.183337, 6.771685, 36.848242, 9.756617, 28.656879, 13.433113, 20.430198, 18.365396, 12.688866, 25.146919, 6.133757, 33.229869, 1.924758, 41.606988, 0.000000, 50.290986, 0.934730, 58.319203, 5.377321, 64.910911, 11.969030, 69.731113, 19.756787, 73.244861, 28.050881, 75.630648, 36.175855, 77.048575, 44.778568, 77.848431, 53.602481, 78.052933, 62.588949, 78.196412, 71.999304, 78.100497, 80.877074, 78.052933, 89.453097, 78.007305, 97.757385, 78.004227, 106.512722, 77.909453, 114.356016, 78.196412, 122.756041, 78.196412, 131.631516, 77.765973, 140.090972, 77.192055, 148.609859, 76.240622, 157.489849, 75.730267, 166.035065, 75.326819, 174.225952, 75.039860, 182.982564, 74.752901, 191.501452, 74.010619, 200.468075, 72.250971, 208.971267, 68.752160, 217.348386, 62.566273, 224.108191, 54.479500, 228.206504
Type01, L, 240, 53.221696, 240.000000, 44.419096, 239.187789, 35.783662, 235.974405, 28.278864, 230.083357, 22.999349, 222.048607, 20.404028, 213.080750, 18.841208, 204.192657, 17.693003, 194.743590, 16.715286, 186.085958, 15.940276, 177.116191, 14.411237, 167.740219, 12.841696, 158.896701, 11.129470, 149.757672, 9.274558, 140.914155, 7.550082, 131.974818, 5.731901, 122.879676, 3.909501, 113.951701, 2.568339, 104.771755, 1.426855, 95.869135, 0.428057, 86.316390, 0.000000, 77.118259, 0.072153, 67.849120, 0.849743, 58.795771, 2.183384, 49.700629, 4.280565, 41.034961, 7.276961, 32.309648, 11.149281, 23.668954, 16.025929, 15.367853, 22.263160, 8.131824, 30.254409, 2.708915, 39.098800, 0.000000, 47.441692, 0.073073, 56.453250, 2.949154, 64.378226, 8.733847, 70.632768, 16.129873, 74.909893, 24.519308, 77.713861, 33.484323, 79.333144, 42.738263, 80.152466, 51.549231, 80.283041, 60.310039, 80.156686, 69.238014, 79.903886, 78.348743, 79.776441, 88.055171, 79.648956, 96.774188, 79.761201, 106.534159, 79.761201, 115.673188, 80.028401, 124.728278, 80.189257, 134.364962, 80.286341, 142.876769, 80.331943, 152.229304, 80.189257, 161.072821, 80.189257, 170.093646, 80.178687, 179.633458, 79.906426, 188.059934, 79.483450, 197.614783, 78.902528, 206.751716, 77.478233, 215.847893, 74.624522, 224.395899, 69.511075, 232.271752, 61.982504, 237.802725
Type01, L, 250, 51.362799, 250.000000, 42.102062, 248.772740, 33.451767, 244.441236, 26.657905, 236.990168, 22.208524, 228.064899, 19.135916, 218.928185, 17.154029, 209.706893, 15.895887, 200.527890, 14.978161, 190.899718, 14.111860, 181.207955, 12.956792, 171.516193, 11.657341, 162.362681, 9.916531, 153.110474, 8.101085, 143.931472, 6.170769, 134.124672, 4.438167, 124.791743, 2.849949, 115.638231, 1.556972, 106.200526, 0.539813, 96.733151, 0.000000, 87.461920, 0.071801, 77.860027, 0.411040, 68.638736, 1.656233, 59.375155, 3.283099, 50.247923, 5.593235, 41.034606, 8.625288, 32.000705, 12.682219, 22.870588, 18.254640, 14.410498, 25.569924, 7.095214, 34.199171, 2.219938, 43.527172, 0.000000, 52.979712, 0.866301, 61.905335, 4.839388, 69.474352, 11.542105, 74.800296, 19.900101, 78.218127, 28.851530, 80.096727, 38.046662, 81.676194, 47.437110, 82.298293, 56.996713, 82.549631, 66.183246, 82.405248, 76.054425, 82.217132, 85.590945, 81.982066, 94.220192, 81.828693, 103.018594, 81.827714, 112.070417, 81.827714, 121.642568, 81.852512, 131.485959, 81.972097, 140.727065, 82.134805, 150.393721, 82.351770, 159.995613, 82.414092, 170.020395, 82.549631, 178.896059, 82.549631, 188.707433, 82.407617, 198.741494, 82.275230, 208.258808, 81.683330, 217.902331, 80.095112, 227.175455, 76.485525, 236.328967, 69.682209, 243.719319, 60.795535, 248.075205
Type01, L, 260, 59.536272, 260.000000, 49.262862, 258.968663, 40.393193, 254.648937, 32.876446, 247.506905, 27.914726, 238.473641, 24.629673, 228.863670, 22.561570, 218.901912, 20.961000, 209.282628, 19.288715, 199.580053, 17.507633, 189.960770, 15.814157, 180.516079, 13.965743, 171.211711, 12.017033, 161.436080, 9.858805, 151.566925, 7.835863, 141.614479, 5.943400, 132.328357, 4.154927, 122.923016, 2.612385, 113.214725, 1.311212, 103.725328, 0.458098, 94.126484, 0.000000, 84.440164, 0.600283, 74.516530, 2.090029, 65.493113, 4.723670, 55.613318, 7.993942, 45.955579, 11.670382, 36.676907, 15.611474, 27.515721, 20.648473, 18.596929, 27.153536, 10.286229, 35.388422, 3.899758, 44.674544, 0.436614, 54.502054, 0.000000, 63.269707, 2.643811, 71.422779, 9.127260, 77.081071, 17.913639, 80.935226, 27.052299, 83.778941, 36.768934, 85.911727, 46.780044, 86.960117, 56.265838, 87.439374, 66.093348, 87.191399, 75.517681, 86.622656, 85.234315, 85.627356, 94.774264, 84.632055, 104.432003, 83.895488, 114.356348, 84.063312, 124.454224, 84.632055, 134.288649, 85.536495, 143.672298, 86.454096, 153.458162, 86.907027, 163.085181, 87.191399, 173.037396, 87.333584, 183.166297, 87.309434, 193.267945, 87.222138, 203.511908, 87.191399, 213.317420, 86.764842, 223.328531, 85.769541, 233.104060, 83.095433, 242.697012, 77.419890, 251.358455, 69.017326, 257.440657
Type01, L, 280, 58.684593, 280.000000, 48.033514, 278.554401, 38.281176, 273.823233, 30.675862, 265.520535, 26.325938, 255.651133, 23.624735, 245.321377, 21.723198, 234.711279, 20.188951, 223.981373, 18.553356, 213.368141, 16.986673, 203.003025, 15.446735, 192.773799, 13.574043, 182.027682, 11.680857, 171.602852, 9.728179, 161.161812, 7.560618, 150.768927, 5.680019, 140.526367, 3.533060, 130.120399, 1.917469, 119.859837, 0.801654, 109.418797, 0.000000, 98.575681, 0.104269, 88.132304, 0.952712, 77.886302, 2.648165, 67.888852, 4.985962, 57.791328, 7.914979, 47.870247, 11.791070, 37.978209, 16.267967, 27.980760, 22.002152, 18.535348, 29.394431, 9.899296, 38.597792, 3.279827, 48.910443, 0.000000, 59.736542, 0.563780, 69.407176, 4.934290, 77.235028, 13.103958, 82.294556, 22.563886, 85.603646, 32.633323, 87.535836, 43.008155, 88.951093, 53.399857, 90.066909, 63.725350, 90.258819, 73.940095, 89.633160, 84.468618, 88.811616, 95.221791, 87.835277, 105.373965, 87.137893, 115.872778, 86.719462, 126.487138, 86.685194, 137.070383, 86.998416, 147.600312, 87.835277, 157.925805, 89.042129, 168.369989, 90.066909, 178.692339, 90.206386, 188.960060, 89.787955, 198.996687, 89.282194, 210.034712, 89.090570, 220.860913, 88.972431, 231.622833, 88.672139, 242.031859, 87.277370, 252.010714, 84.348353, 261.816248, 78.179356, 271.244962, 69.131412, 277.363890
Type01, L, 290, 59.770183, 290.000000, 48.940182, 288.523325, 39.146675, 283.319803, 31.273979, 274.723554, 26.861423, 264.294090, 24.501990, 253.747357, 22.853264, 243.238663, 21.008742, 232.112101, 19.397108, 221.521024, 17.720101, 210.666297, 16.313744, 200.115498, 14.996701, 189.253500, 13.360394, 178.256608, 11.672765, 168.055328, 9.422594, 157.155010, 7.032821, 146.271325, 4.781615, 135.296120, 2.764006, 124.141773, 1.125086, 113.495484, 0.196955, 102.588899, 0.000000, 91.694847, 0.843814, 80.445010, 2.352313, 69.662315, 4.781615, 58.993892, 8.016236, 48.384840, 12.235308, 37.950548, 17.203203, 27.668730, 23.338055, 18.158621, 30.988703, 9.523522, 40.491745, 2.973831, 51.041631, 0.000000, 61.797472, 0.630069, 71.719606, 5.142341, 79.719661, 13.630008, 84.969508, 23.520834, 87.966255, 34.111910, 90.147499, 44.883082, 92.142504, 55.252872, 93.663392, 66.392452, 93.804028, 77.001504, 93.100849, 88.892127, 92.240966, 99.141254, 91.694492, 109.527699, 91.272585, 120.136752, 91.413221, 131.444842, 91.715516, 142.494150, 92.116399, 153.420239, 92.538306, 164.495317, 93.100849, 175.046116, 93.382121, 185.596915, 93.804028, 196.555486, 93.868000, 207.523494, 93.663392, 218.297870, 93.241485, 228.906922, 92.538306, 239.166455, 91.395981, 250.217330, 89.476061, 261.137936, 86.362807, 271.564248, 80.135578, 281.166734, 70.624312, 287.398239
Type02, L, 230, 62.684596, 230.000000, 54.081796, 228.608702, 45.763331, 224.589402, 39.247214, 217.914441, 35.086732, 209.999121, 32.313077, 201.394470, 30.132942, 192.733132, 28.203738, 184.008475, 26.453837, 175.324437, 24.504641, 166.802876, 22.469490, 158.159457, 20.386362, 149.536785, 17.756388, 140.832000, 15.157565, 132.269819, 12.065398, 124.182385, 9.014378, 115.577733, 6.086271, 107.111328, 3.487448, 98.549147, 1.525510, 89.878668, 0.413549, 80.774878, 0.000000, 72.037478, 0.554731, 63.432827, 1.664193, 54.828176, 3.467068, 46.166080, 6.102040, 37.733762, 9.500365, 29.117461, 14.009983, 21.002092, 19.523403, 13.446910, 26.671507, 7.369789, 34.648193, 2.998854, 43.250993, 0.323370, 52.219365, 0.000000, 60.781546, 2.321457, 68.115293, 8.129695, 73.636602, 15.665833, 77.523649, 23.881270, 80.337287, 32.198436, 82.399475, 40.719998, 83.764372, 49.522891, 85.428565, 58.357319, 86.373859, 66.934589, 85.705930, 75.566622, 83.487006, 84.401050, 80.574669, 92.948257, 77.334631, 101.630123, 74.333946, 110.329893, 72.392388, 119.164321, 71.614321, 128.291526, 72.669753, 137.407621, 74.336445, 145.822079, 76.444950, 154.587356, 78.912060, 163.433871, 81.463294, 171.671097, 83.625689, 179.913879, 85.289882, 188.403642, 86.260661, 197.065737, 85.983296, 206.015054, 83.903055, 214.906927, 78.759826, 222.800465, 71.186256, 228.127783
Type02, L, 250, 64.796861, 250.000000, 74.242933, 247.765466, 82.229399, 241.758638, 86.353633, 232.826712, 87.774802, 223.788000, 87.491996, 214.236347, 85.936566, 205.094690, 83.631403, 195.870741, 80.846069, 186.928518, 77.735209, 177.728290, 75.048557, 168.352350, 73.068919, 159.269264, 71.604432, 150.048522, 70.665073, 140.458812, 70.947879, 130.907159, 73.351725, 121.531218, 76.684211, 112.264234, 80.563263, 103.072192, 84.239734, 93.754823, 86.932929, 84.340176, 87.779014, 75.018352, 87.311366, 65.862191, 85.872350, 56.001960, 84.351936, 46.845800, 82.542901, 37.733463, 80.139055, 28.240381, 77.114091, 18.963158, 72.048560, 10.503962, 64.310589, 3.614407, 55.126070, 0.000000, 45.398704, 0.141403, 36.055205, 3.006362, 27.478866, 8.471840, 20.306506, 15.927006, 14.399665, 24.237694, 9.861906, 33.156890, 6.185435, 42.357118, 3.215978, 51.615917, 1.065054, 60.903753, 0.000000, 70.101329, 0.155315, 79.630233, 1.261164, 88.330819, 3.215978, 97.382771, 5.367537, 106.436061, 7.882268, 115.490372, 10.568919, 124.632029, 13.305290, 134.028791, 16.225028, 143.501052, 19.088397, 152.962351, 21.739734, 162.311504, 24.143580, 171.453160, 26.368663, 180.679329, 28.385662, 190.439325, 29.941091, 199.815266, 31.664338, 209.514536, 33.584699, 218.505033, 36.053516, 227.619778, 40.053502, 236.568859, 46.484539, 244.413923, 55.262362, 249.010181
Type02, L, 260, 66.001022, 260.000000, 56.822637, 258.381239, 47.990988, 252.828626, 41.161312, 244.732094, 36.722565, 235.672288, 33.471049, 225.921647, 31.655139, 216.241870, 30.106760, 206.293439, 28.417618, 196.636536, 26.607470, 187.105137, 24.542475, 177.720528, 21.931510, 168.212235, 19.268100, 158.300449, 16.171340, 148.643546, 12.711005, 138.862790, 9.557000, 129.230812, 6.599537, 119.556224, 3.925063, 109.724404, 1.672874, 100.067501, 0.546779, 90.293987, 0.000000, 80.122673, 0.624840, 70.738064, 1.954397, 61.323276, 3.792030, 51.680248, 6.881061, 42.067774, 10.787176, 32.704889, 15.643257, 23.625954, 21.934036, 15.223748, 29.622953, 8.106738, 38.621838, 2.758800, 48.418729, 0.000000, 57.835692, 0.646362, 67.294554, 4.403226, 75.092485, 11.356586, 80.358726, 20.073633, 83.712706, 29.548610, 86.129961, 39.445745, 88.100626, 48.752816, 90.071291, 58.293109, 91.701876, 68.200207, 92.226068, 78.038326, 91.217546, 87.546620, 88.507048, 97.013686, 84.674697, 106.521979, 80.899241, 115.741676, 78.106286, 125.291197, 76.417396, 135.023588, 75.995110, 145.205240, 76.558157, 154.862144, 77.846891, 164.726130, 79.654917, 174.292562, 82.008105, 183.948858, 84.684449, 193.663293, 87.460326, 203.336499, 89.954680, 213.009706, 91.901195, 223.101828, 92.059843, 232.850857, 89.546794, 242.647748, 84.134740, 251.578847, 75.715456, 257.464418
Type02, L, 270, 68.370624, 270.000000, 58.063947, 268.365359, 48.715602, 262.995676, 41.505659, 254.742652, 37.099237, 245.189188, 34.398526, 235.400215, 32.294713, 224.969101, 30.529181, 214.675009, 28.144248, 204.561359, 25.585680, 194.477998, 23.121874, 184.667018, 20.468544, 174.429032, 17.909976, 164.463426, 15.439065, 154.492496, 12.650698, 144.944356, 9.788507, 134.945127, 6.816855, 125.150627, 4.094998, 115.605922, 1.989997, 105.494075, 0.568571, 95.292960, 0.000000, 85.091844, 0.426428, 74.949606, 1.858277, 64.593420, 4.410645, 54.507491, 7.675704, 44.640647, 12.142927, 34.835225, 17.541107, 25.457051, 24.022111, 16.652295, 31.904093, 8.677639, 41.157370, 2.977929, 51.143148, 0.000000, 61.495758, 0.587625, 71.192114, 4.548565, 78.948435, 12.354595, 84.006317, 21.478828, 87.559884, 31.385556, 89.834167, 41.468917, 91.587391, 51.574230, 93.270300, 61.451996, 94.809160, 71.660121, 95.519874, 82.273379, 94.098447, 92.474494, 90.739493, 102.503466, 86.422743, 112.287951, 82.154354, 122.175733, 79.457752, 132.160285, 78.178468, 142.420278, 78.320611, 152.562516, 79.315609, 162.586999, 81.021321, 172.905869, 83.279923, 183.024367, 85.810202, 192.860501, 88.573032, 202.321940, 91.407876, 212.158073, 93.759223, 222.327268, 95.292204, 232.246666, 95.300290, 242.915452, 92.968825, 252.793218, 87.126973, 261.904351, 77.998594, 267.905591
Type03, L, 230, 50.301343, 230.000000, 42.129672, 228.508011, 34.041973, 224.255600, 27.708367, 217.446146, 23.747602, 209.272121, 21.157499, 200.571968, 19.182715, 192.129419, 17.761774, 183.533557, 16.745735, 174.846075, 15.326863, 165.896212, 13.783136, 156.921969, 12.220100, 148.149535, 10.230782, 139.671388, 8.525651, 131.193240, 6.687934, 122.728394, 4.831202, 114.354661, 3.244378, 105.785891, 2.023501, 97.460304, 0.903099, 89.093098, 0.201839, 80.434564, 0.000000, 71.963925, 0.426283, 63.544635, 1.522601, 55.041618, 3.126072, 46.529483, 5.615403, 38.099115, 8.908837, 29.690291, 13.189789, 21.572796, 18.298182, 13.945786, 24.797485, 7.265310, 32.623651, 2.281027, 41.115712, 0.000000, 49.399681, 0.468788, 57.642031, 3.595748, 64.674489, 9.491453, 69.626152, 17.289511, 72.894319, 25.473372, 75.559547, 34.301740, 77.015050, 43.312526, 77.745676, 52.118230, 78.151804, 60.857394, 78.358163, 69.227207, 78.151804, 78.049118, 77.157145, 86.939266, 75.935633, 95.494140, 74.457355, 104.189847, 73.036413, 112.785709, 72.041754, 121.322714, 71.635964, 130.128278, 72.268268, 139.286233, 73.204957, 147.611820, 74.675545, 156.187118, 75.795947, 164.554324, 76.730862, 173.427601, 77.496937, 182.454051, 78.151804, 191.325613, 78.435992, 200.392333, 77.073274, 209.053930, 73.343460, 217.046570, 66.827662, 223.988651, 58.959877, 228.304081
Type03, L, 235, 53.298043, 235.000000, 44.494725, 234.003775, 36.233562, 230.744127, 29.278593, 224.500747, 24.478674, 216.489354, 21.550236, 208.091000, 19.329251, 199.323393, 17.932052, 190.374147, 16.793509, 181.629778, 15.939602, 172.767509, 14.599911, 163.711074, 13.316201, 155.026835, 11.480486, 146.217544, 9.535298, 137.377383, 7.524420, 128.598963, 5.553539, 120.081460, 3.842583, 111.262176, 2.286793, 102.421194, 0.934833, 93.403483, 0.196444, 84.302405, 0.000000, 75.989950, 0.426954, 66.479231, 1.280861, 57.734862, 2.704040, 48.990493, 4.886949, 40.047531, 7.996373, 31.530028, 11.810235, 23.304312, 16.998440, 15.412068, 23.200135, 8.356465, 30.488576, 2.918157, 39.214499, 0.027267, 48.065474, 0.000000, 56.582977, 3.175807, 63.822582, 9.134551, 69.451122, 16.635982, 73.394758, 25.051243, 76.000174, 33.693798, 77.705559, 42.397489, 78.852229, 51.062276, 79.413373, 60.357827, 79.555691, 68.807446, 79.413373, 78.318165, 78.986420, 87.003584, 78.132512, 95.983753, 77.136287, 104.904972, 76.282380, 113.649341, 75.541609, 122.953857, 75.143837, 132.081279, 75.136338, 140.864226, 75.413936, 150.548879, 75.997744, 159.375486, 76.584288, 168.625984, 77.420923, 177.100024, 78.315066, 185.869411, 79.276807, 194.220178, 79.555691, 202.802581, 78.559466, 211.959600, 75.509046, 220.189527, 69.994521, 227.696502, 62.278212, 233.007550
Type03, L, 245, 53.485851, 245.000000, 44.103711, 243.385598, 35.677581, 239.264652, 28.883321, 232.049243, 24.420342, 223.655546, 21.759336, 214.706923, 19.653593, 205.254592, 18.249765, 195.395221, 17.002505, 186.476553, 15.771253, 177.243481, 14.178664, 167.968603, 12.466452, 158.777337, 10.528711, 149.529128, 8.517885, 140.228958, 6.597992, 130.740762, 4.637444, 121.187173, 3.207660, 112.036335, 1.684594, 102.732659, 0.701914, 93.396625, 0.000000, 84.293184, 0.000000, 74.899001, 0.486913, 65.665387, 1.965359, 56.110636, 3.930719, 47.181641, 6.597992, 38.310794, 10.107562, 29.556244, 14.363017, 21.185830, 19.661239, 12.939570, 26.537733, 5.922692, 34.885407, 1.646399, 44.188589, 0.000000, 53.339427, 1.429783, 61.750156, 6.050176, 68.684799, 13.125202, 73.585957, 21.535931, 76.649014, 30.318019, 78.754756, 39.654053, 80.319964, 48.906211, 81.258781, 57.892580, 82.123944, 66.906226, 82.545092, 76.125963, 82.404710, 85.461998, 81.562413, 94.623587, 80.129727, 103.605652, 78.473991, 112.714171, 77.095282, 121.578391, 76.368249, 130.862903, 76.368249, 140.140789, 76.929780, 149.418675, 77.604086, 158.551797, 78.895139, 167.509259, 80.090666, 176.565653, 81.025813, 185.593139, 82.123944, 194.819581, 82.685475, 204.213764, 82.423581, 213.292356, 80.939024, 222.319843, 77.509818, 231.223978, 71.194855, 238.802386, 62.801157, 243.265365
Type03, L, 250, 52.403712, 250.000000, 43.156941, 248.401338, 34.324999, 243.818346, 27.389987, 236.458439, 23.510855, 227.611095, 20.949300, 218.711589, 19.131619, 209.340369, 17.703957, 200.172183, 16.194351, 190.183100, 14.871324, 180.706261, 13.435452, 171.233245, 11.897059, 161.533667, 10.336996, 151.993010, 8.639531, 142.595736, 7.081583, 132.980106, 5.382003, 123.657805, 3.998126, 114.632579, 2.549370, 105.013203, 1.416317, 95.456239, 0.566527, 85.664612, 0.000000, 76.459642, 0.283263, 67.372004, 1.133053, 58.049703, 3.054993, 48.660692, 5.678339, 39.123540, 9.451179, 30.084184, 14.134319, 21.293725, 20.019244, 13.001062, 27.496483, 5.948718, 36.169572, 1.365632, 45.160367, 0.000000, 54.199723, 2.099405, 62.990182, 6.782546, 70.042526, 14.259785, 74.498250, 22.985628, 77.755778, 32.131932, 80.023165, 41.377854, 81.721464, 50.893866, 82.751163, 60.535124, 83.176122, 69.947827, 83.279412, 78.684772, 82.854518, 87.948407, 82.032810, 97.065896, 80.878727, 106.520082, 79.880253, 116.091307, 79.172095, 125.002948, 79.030463, 134.383915, 79.310714, 143.631615, 79.466257, 152.546523, 79.596989, 161.764161, 79.968539, 171.164514, 80.163516, 180.174100, 80.730043, 189.965727, 81.154938, 199.464025, 81.579833, 208.610329, 81.579833, 217.697967, 80.425298, 226.935522, 77.047620, 235.873243, 70.482425, 243.676714, 61.796829, 248.229604
Type03, L, 255, 55.844007, 255.000000, 46.330339, 253.936980, 37.141749, 250.471348, 29.197628, 244.030961, 24.004199, 235.247883, 21.118673, 225.977361, 19.276104, 216.275408, 17.433535, 206.456037, 16.157911, 196.988919, 14.878954, 187.246833, 13.374657, 178.269326, 11.968108, 168.461548, 10.564272, 158.695284, 9.185176, 149.717777, 7.588237, 140.117567, 6.232393, 130.268276, 4.593721, 120.834120, 3.003684, 111.732072, 1.700833, 102.082910, 0.513874, 91.950463, 0.000000, 82.091914, 0.011778, 72.999124, 0.850416, 63.392515, 2.487343, 53.798704, 4.793182, 44.406062, 8.078955, 35.108581, 12.107919, 26.035913, 17.092498, 17.366196, 23.345580, 9.270546, 31.311712, 3.205893, 40.799481, 0.179072, 50.441204, 0.000000, 59.478228, 3.064157, 67.680416, 9.160256, 73.532607, 17.421960, 77.246151, 26.542252, 79.928145, 36.290272, 81.781705, 45.946159, 83.057330, 55.648112, 83.489684, 65.506037, 83.624274, 75.404273, 83.244996, 85.246133, 82.632122, 94.866888, 81.781705, 104.627551, 80.931289, 114.623049, 80.080873, 124.266293, 79.513928, 134.144374, 79.331501, 143.636150, 79.230456, 152.961190, 79.703699, 162.919597, 80.364345, 172.834769, 81.073025, 182.888976, 81.923441, 192.062548, 82.632122, 201.294830, 83.541807, 210.837619, 83.585651, 220.313289, 82.490386, 229.931018, 79.392058, 239.389168, 73.398131, 247.509136, 65.112108, 252.818701
Type03, L, 260, 53.814935, 260.000000, 43.947558, 258.152104, 35.239002, 253.242249, 27.857143, 245.695395, 23.631497, 236.429116, 21.267037, 226.467253, 20.400433, 216.858595, 19.556277, 207.432538, 18.571429, 197.715098, 17.249146, 187.979665, 15.711773, 178.141427, 13.992499, 168.261980, 12.240260, 158.320843, 10.411255, 148.370295, 8.340184, 138.129145, 6.471861, 128.119538, 4.502165, 118.110713, 2.673160, 107.927058, 1.266234, 97.918233, 0.140693, 88.025961, 0.000000, 78.308521, 0.562771, 68.416249, 2.110390, 59.048469, 4.361472, 49.505859, 7.582174, 40.323670, 11.455974, 31.103550, 16.038961, 22.101840, 21.807359, 13.515797, 29.174221, 6.209979, 38.229509, 1.656855, 47.743941, 0.000000, 57.493907, 1.287197, 66.280532, 6.190476, 72.975459, 14.236282, 77.652207, 23.274501, 80.757576, 32.655154, 82.867965, 42.372594, 84.219882, 52.212306, 84.748267, 61.885713, 84.813366, 71.517912, 84.556277, 81.125804, 83.999925, 90.823518, 83.536391, 100.208469, 82.727273, 109.928466, 82.060694, 119.555283, 81.601732, 129.246794, 81.278462, 139.314176, 81.038961, 149.031337, 81.179654, 158.515671, 81.573245, 168.169565, 82.164502, 177.775722, 82.630016, 187.516379, 83.290043, 196.977497, 84.067656, 206.821985, 84.664275, 216.206937, 84.837662, 226.129819, 83.583630, 235.883414, 79.668358, 244.979910, 72.638115, 252.713616, 63.765483, 257.889610
Type03, L, 265, 51.572064, 265.000000, 41.723187, 263.191928, 32.605202, 258.510250, 25.394462, 251.022241, 21.211091, 241.968153, 18.992937, 231.944592, 17.690787, 221.800451, 16.774784, 211.897468, 15.940787, 202.062091, 14.742091, 191.847767, 13.447554, 181.711933, 11.991394, 171.906382, 10.606193, 162.341741, 9.011248, 152.445188, 7.208998, 142.134505, 5.462132, 132.104821, 4.020403, 122.374503, 2.417347, 112.285251, 1.343053, 102.476979, 0.349970, 92.749917, 0.000000, 83.026771, 0.277269, 73.232907, 1.532643, 62.878444, 3.473877, 53.435618, 6.587084, 43.667951, 10.044837, 34.387546, 14.417996, 25.297222, 19.506224, 16.192181, 26.253487, 7.781302, 34.914963, 2.031152, 44.860530, 0.000000, 55.181190, 1.044386, 64.461595, 4.779408, 72.089982, 12.053817, 76.533253, 21.426007, 79.714884, 31.009878, 82.123918, 40.880131, 84.012556, 50.884729, 85.541117, 61.349383, 86.369343, 71.563520, 86.723343, 81.940450, 86.646613, 91.610644, 86.314607, 101.881836, 85.537536, 111.657768, 84.558137, 121.660801, 83.596652, 131.819740, 82.764844, 141.958151, 82.071671, 151.924288, 81.806942, 161.868412, 81.933037, 171.684291, 82.275096, 181.606772, 82.764844, 191.616566, 83.180748, 201.812401, 83.557887, 211.803086, 83.634272, 221.367728, 83.319383, 231.481116, 81.917411, 241.309113, 78.148750, 250.345888, 70.904372, 258.144804, 61.664943, 262.989799
Type03, L, 270, 58.778691, 270.000000, 48.451601, 268.583819, 38.835340, 263.651990, 31.658818, 255.463259, 27.551893, 245.898752, 24.526393, 235.567504, 22.537259, 225.403099, 21.037459, 214.917484, 19.479659, 205.001016, 18.063478, 194.673926, 16.364060, 184.346837, 14.239788, 174.078408, 12.257134, 163.985959, 10.126533, 153.795993, 8.291827, 144.035703, 6.222478, 134.172326, 4.184901, 124.261426, 2.669725, 114.673095, 1.352538, 104.545810, 0.502830, 94.101401, 0.000000, 84.345796, 0.012070, 74.430264, 0.927684, 64.351996, 2.910338, 54.024907, 5.971243, 44.102965, 10.014654, 34.394828, 14.824816, 24.769650, 20.577709, 15.617922, 27.798327, 7.405977, 37.042141, 2.058495, 46.675373, 0.000000, 57.109718, 1.208786, 66.447775, 6.045508, 73.226357, 14.523508, 77.570186, 24.107207, 80.954052, 33.981260, 83.705769, 43.979749, 85.632024, 53.978238, 86.808710, 63.935248, 87.410843, 73.975217, 87.597980, 83.751740, 87.237455, 93.267052, 86.606653, 103.056735, 85.954199, 114.093610, 85.332090, 123.886894, 84.907236, 134.272644, 84.537840, 144.794221, 84.340763, 153.870940, 84.599601, 163.173519, 84.765618, 172.706653, 85.213093, 183.377892, 86.040181, 193.771453, 86.748272, 204.157202, 87.195823, 213.871108, 87.597980, 224.224780, 87.466402, 233.826607, 86.889890, 243.529775, 84.343381, 253.782107, 78.251184, 262.468575, 69.281760, 267.875728
Type03, L, 275, 57.999190, 275.000000, 47.489628, 273.296868, 38.052751, 268.252835, 31.070279, 259.709158, 27.054023, 250.157723, 24.210580, 239.650186, 22.020524, 228.913577, 20.539798, 218.219415, 19.040043, 208.188395, 17.762694, 197.972774, 16.059562, 187.345635, 14.072574, 176.953650, 12.085587, 166.561664, 9.743546, 155.922447, 7.685829, 145.836482, 5.698842, 136.385110, 3.853782, 126.522220, 2.234530, 116.053920, 0.990907, 106.294637, 0.163662, 96.404454, 0.000000, 85.903108, 0.305217, 75.520280, 1.299084, 65.110921, 3.144143, 55.365607, 5.840769, 45.267564, 9.099461, 35.360766, 13.198856, 25.726191, 18.472332, 16.266777, 25.675649, 7.856146, 34.835739, 2.244249, 44.886010, 0.000000, 54.894711, 1.381373, 64.404576, 6.349552, 71.971978, 14.484665, 76.857019, 23.911391, 80.352799, 33.871998, 83.180489, 44.427629, 85.382075, 54.311622, 87.023399, 63.930975, 88.158821, 73.735077, 88.802876, 84.254586, 88.868459, 94.695413, 88.428441, 105.311230, 87.449182, 115.479384, 86.171833, 125.224698, 84.894484, 135.793048, 83.900991, 146.243822, 83.475207, 156.812173, 83.900991, 167.027793, 84.752557, 176.949472, 85.887978, 187.929341, 86.468715, 198.133138, 87.181541, 208.806954, 87.823016, 218.815655, 88.584604, 229.320918, 88.868459, 239.712903, 87.723061, 249.797861, 84.194112, 259.307726, 77.429574, 267.775396, 68.038445, 273.013013
Type03, L, 280, 62.681897, 280.000000, 72.922368, 277.267389, 81.734861, 270.410693, 87.276433, 260.788457, 89.709826, 250.506496, 90.209002, 240.431988, 89.809352, 229.991760, 89.296049, 219.494650, 88.933077, 208.507349, 88.392774, 198.456463, 87.684486, 187.846903, 86.787984, 177.039107, 86.145176, 166.300749, 85.842935, 155.783517, 85.984593, 145.173957, 86.692882, 134.681750, 87.980583, 124.260111, 89.384378, 113.756013, 90.020456, 103.779170, 90.234325, 92.888952, 89.819468, 82.468417, 88.959405, 71.611155, 87.542828, 60.942919, 85.842935, 50.392035, 83.859727, 40.075858, 81.451546, 29.466298, 77.539772, 19.365970, 71.419614, 10.096969, 62.358066, 3.301944, 52.283557, 0.000000, 41.867773, 0.509305, 31.903655, 4.475722, 23.249022, 11.752292, 16.572307, 20.904337, 11.544963, 30.822554, 7.647870, 40.773896, 4.645977, 51.179023, 2.333071, 61.419494, 0.848299, 71.487721, 0.000000, 81.610001, 0.114435, 91.974943, 0.645911, 102.796282, 1.698246, 113.104490, 3.406620, 124.397469, 5.381347, 135.497141, 7.583907, 145.998656, 9.631078, 155.425377, 12.039260, 166.152290, 14.305783, 176.468467, 16.275649, 185.881783, 17.988884, 195.927291, 19.596154, 207.068065, 20.779746, 217.557479, 21.843888, 228.254346, 23.062703, 237.830967, 25.228683, 248.071438, 28.754871, 258.293767, 34.079454, 267.971511, 42.477464, 275.466953, 52.482917, 279.432993
Type04, L, 230, 54.771962, 230.000000, 46.083428, 229.337178, 37.436134, 226.321962, 30.084361, 220.096604, 25.675277, 212.026670, 23.232323, 203.416865, 21.683502, 194.278815, 20.275482, 185.898952, 18.867463, 177.052513, 17.360624, 168.089121, 15.870072, 159.276867, 14.080196, 150.746482, 12.249770, 141.958365, 10.402797, 133.252506, 8.588919, 124.848706, 6.617692, 116.002267, 4.673176, 107.475584, 2.956841, 99.009252, 1.408020, 90.104491, 0.349713, 81.245023, 0.000000, 72.644900, 0.563208, 63.798460, 1.988247, 54.684542, 4.083257, 46.163903, 6.909344, 37.513674, 10.322808, 29.031340, 14.714809, 20.837685, 20.184911, 13.255554, 26.912181, 6.617692, 35.067570, 2.033747, 43.846873, 0.000000, 52.168414, 0.422406, 61.009451, 3.069445, 68.715302, 8.240861, 74.625038, 15.517170, 78.426691, 23.838711, 80.679522, 32.451862, 81.665136, 41.473268, 81.864323, 50.395085, 81.283855, 59.166099, 80.621368, 68.019593, 79.562893, 77.079286, 78.708295, 85.413855, 78.021043, 94.250154, 77.341892, 102.897448, 76.977861, 111.544742, 76.595784, 120.315755, 76.794856, 129.128009, 77.722681, 137.617662, 78.733091, 146.670037, 79.693909, 155.077253, 80.397919, 163.632082, 80.961126, 172.478521, 81.524334, 181.324961, 81.805938, 190.054756, 81.665136, 198.609586, 80.421072, 207.448533, 77.405856, 216.095827, 71.654150, 223.396355, 63.666696, 227.722959
Type04, L, 235, 55.769571, 235.000000, 46.939406, 234.112740, 38.331340, 230.704616, 31.405592, 224.217355, 26.595486, 216.247501, 23.412765, 207.994819, 21.191706, 199.577142, 19.716515, 190.541758, 18.449025, 181.729100, 17.322367, 173.091445, 15.792894, 164.462725, 14.083225, 155.524464, 12.232874, 146.678648, 10.280754, 137.724144, 8.590357, 128.812073, 6.478284, 119.923824, 4.788297, 111.286170, 3.098310, 102.298508, 1.549155, 93.369181, 0.517403, 84.496251, 0.000000, 75.568861, 0.230043, 66.794672, 1.259760, 57.840760, 2.957477, 49.130887, 5.351626, 40.551568, 8.590767, 31.855579, 12.658956, 23.345075, 17.744864, 15.421119, 24.296457, 8.186767, 32.160814, 2.857391, 40.908482, 0.024678, 49.903642, 0.000000, 58.666191, 2.697203, 66.416083, 8.203338, 72.483792, 15.679370, 76.346512, 23.767057, 79.162139, 32.638471, 80.978544, 40.832505, 81.964370, 49.645162, 82.386866, 58.807828, 82.105202, 67.795490, 81.622121, 76.624302, 80.696879, 85.654145, 79.570221, 94.758476, 78.512710, 103.816028, 77.598570, 113.200477, 77.291436, 122.218837, 77.176073, 131.234135, 77.598570, 140.280131, 78.302731, 149.326128, 79.288557, 158.022117, 80.185172, 167.029645, 81.260208, 175.997440, 82.105202, 185.101771, 82.386866, 194.322772, 82.105202, 203.310434, 80.696879, 212.298096, 77.738066, 220.918111, 71.969108, 228.517889, 64.145999, 233.095674
Type04, L, 240, 58.391608, 240.000000, 49.038340, 238.339039, 40.492355, 234.268579, 33.178204, 227.933449, 28.234647, 219.633249, 25.071219, 210.595695, 23.060608, 201.312356, 21.398601, 192.041449, 19.860140, 182.910132, 18.601399, 174.242270, 16.824867, 165.203105, 15.104895, 156.153432, 13.286713, 147.485570, 11.560039, 138.622977, 9.650350, 129.570527, 7.818538, 120.056300, 6.013986, 111.655484, 4.195804, 102.524167, 2.538114, 93.517135, 0.954112, 84.520546, 0.209271, 75.523956, 0.000000, 66.578217, 1.017660, 57.653669, 3.216783, 48.721106, 6.160675, 39.783381, 9.753623, 31.155468, 13.846154, 22.543726, 18.890532, 14.326251, 25.760226, 7.412587, 34.044339, 2.529088, 43.014021, 0.139860, 52.145339, 0.000000, 60.829288, 2.997120, 68.481091, 9.110462, 74.413609, 17.001021, 78.321678, 25.457442, 81.118881, 34.530828, 82.672059, 43.581150, 83.636364, 52.793462, 83.916084, 62.214440, 83.863641, 70.611883, 83.356643, 79.781891, 82.407894, 88.850847, 81.258741, 97.754866, 80.139860, 107.059979, 79.233254, 116.086401, 78.640271, 125.205883, 78.741259, 134.164271, 79.328913, 143.035206, 80.279720, 152.253110, 81.255310, 161.192242, 81.958042, 169.936425, 82.517483, 178.893946, 82.797203, 187.735604, 83.356643, 197.040717, 84.055944, 205.940306, 83.053060, 214.639248, 80.000000, 223.218098, 74.738343, 231.345573, 67.400196, 237.424979
Type04, L, 245, 58.416354, 245.000000, 48.980361, 243.814943, 40.167646, 239.911225, 32.902767, 233.078296, 28.454047, 224.796988, 25.792424, 215.857110, 23.838554, 206.657900, 22.446379, 197.423195, 21.307332, 188.232969, 19.936846, 179.104778, 18.263824, 169.945569, 16.378237, 160.718076, 14.360106, 151.396156, 12.173993, 142.293144, 10.038132, 133.019990, 7.935921, 124.113221, 5.855577, 115.163565, 3.878101, 105.974133, 1.956233, 96.802502, 0.697093, 87.281696, 0.000000, 78.064739, 0.418256, 68.732283, 1.812441, 59.573074, 3.698650, 50.576834, 6.549727, 41.446038, 9.759295, 32.384194, 13.384177, 23.455981, 18.213527, 14.870344, 25.143352, 7.522263, 33.620792, 2.530286, 42.424911, 0.000000, 51.704923, 0.111394, 60.686503, 3.427182, 68.599263, 9.388083, 74.728319, 17.074859, 78.910874, 25.887573, 81.559826, 34.758036, 84.283134, 43.754033, 86.021218, 52.614461, 85.881800, 62.062415, 85.390484, 71.636439, 84.208778, 80.958323, 82.695923, 90.224709, 81.280989, 99.680983, 80.305060, 108.435948, 79.891582, 117.576263, 79.886804, 127.043111, 80.165641, 136.779810, 80.723315, 145.592524, 81.559826, 154.867231, 82.524196, 164.822799, 83.429301, 173.953596, 84.487615, 183.788582, 85.184707, 192.890042, 85.754300, 202.326018, 86.021218, 211.208459, 85.059439, 220.587611, 81.838663, 229.526876, 75.452905, 237.304489, 67.383811, 242.445794
Type04, L, 250, 61.331703, 250.000000, 51.979318, 248.750665, 43.036129, 244.278124, 35.412290, 237.213116, 30.316582, 228.568970, 26.963596, 219.162045, 25.147395, 209.697251, 23.890025, 199.538031, 22.632656, 189.610287, 21.026463, 180.075824, 19.139962, 170.738568, 16.990115, 161.371055, 14.524330, 152.059591, 12.154574, 142.865006, 9.838277, 133.682178, 7.544219, 124.456238, 5.169187, 115.454395, 3.098541, 105.706864, 1.651630, 96.436318, 0.419123, 86.654932, 0.000000, 77.074401, 0.558831, 67.551738, 2.235324, 58.144813, 4.750064, 48.622151, 7.780430, 39.503624, 11.316328, 30.329121, 15.754579, 21.330808, 21.511369, 12.919571, 29.101309, 6.167878, 37.962660, 2.056590, 46.864930, 0.000000, 56.401634, 0.691518, 65.403477, 4.463627, 73.152063, 11.029892, 79.130954, 19.119454, 83.405527, 27.872250, 86.618806, 37.337044, 88.435006, 46.570362, 89.412961, 55.919418, 89.552668, 65.499950, 88.992702, 74.947323, 88.155591, 84.082324, 86.898221, 93.431380, 85.622901, 103.045396, 84.492185, 112.356861, 83.601224, 121.832003, 83.126112, 131.579899, 83.126112, 141.218300, 83.964358, 150.625224, 85.082020, 160.495100, 86.199682, 170.133500, 87.107025, 179.378490, 87.745801, 188.239841, 88.574714, 197.023292, 89.412961, 207.008905, 89.485331, 216.542510, 88.435006, 225.649148, 85.361436, 234.940336, 79.177163, 243.051745, 70.577006, 247.974238
Type04, L, 260, 58.540264, 260.000000, 48.850947, 257.969297, 39.734123, 252.957931, 33.030077, 244.993449, 29.007192, 235.754456, 26.554199, 226.023231, 24.648532, 216.327696, 23.232348, 206.765878, 21.707514, 196.983043, 20.131542, 187.139352, 18.486399, 177.406351, 16.300802, 167.512826, 14.284945, 158.119708, 12.184218, 148.418377, 9.773701, 138.688326, 7.562618, 129.073725, 5.461891, 119.488414, 3.361163, 109.671062, 1.540533, 99.969731, 0.420145, 90.442430, 0.000000, 80.741099, 0.700242, 70.691708, 2.304282, 61.207702, 4.810996, 51.558516, 7.842715, 41.935774, 11.439957, 32.465240, 15.579196, 23.144208, 21.186882, 14.315407, 28.666170, 6.836119, 37.659048, 2.184744, 47.168540, 0.000000, 56.811861, 0.840291, 66.032337, 4.761128, 73.750703, 12.059349, 79.127390, 20.826793, 83.053454, 30.045105, 86.137352, 39.571233, 88.090493, 49.060637, 89.125053, 58.664509, 89.093903, 68.436753, 88.453669, 78.414093, 87.248411, 88.022260, 85.569620, 97.509284, 84.169135, 107.384645, 82.891375, 116.887779, 82.208457, 126.787307, 82.068408, 136.604658, 82.348505, 146.480019, 83.048748, 156.761450, 83.889039, 166.752832, 84.993810, 176.546723, 86.129814, 186.387534, 87.390250, 195.972845, 88.370590, 206.022236, 89.141710, 216.374045, 89.210881, 226.469078, 87.783286, 236.164648, 83.889039, 245.523681, 76.977232, 253.607201, 67.984354, 258.538673
Type04, L, 265, 59.647647, 265.000000, 49.972866, 263.687039, 40.607779, 259.495135, 33.142955, 251.734857, 28.708914, 242.354614, 26.196974, 232.671025, 23.970550, 222.263717, 22.576913, 212.391448, 21.417591, 202.381304, 20.068367, 192.069646, 18.396003, 181.966471, 16.451236, 172.050763, 14.493821, 162.337385, 12.383855, 152.374652, 10.173547, 142.419667, 7.943729, 132.547397, 5.922418, 122.778847, 3.807090, 112.859154, 2.090455, 103.046041, 0.696818, 93.404677, 0.000000, 83.474681, 0.557455, 73.486959, 2.031185, 63.260689, 4.320273, 53.569241, 7.107547, 43.927877, 10.609889, 34.195528, 14.493821, 24.587422, 19.812716, 15.376609, 27.015667, 7.476839, 36.232341, 2.369182, 45.815979, 0.000000, 55.917554, 0.659863, 65.618245, 4.599001, 73.723376, 11.826434, 79.366149, 20.903093, 83.204564, 30.455418, 85.883413, 40.171018, 88.125035, 50.009074, 89.553449, 59.520580, 90.159981, 69.481092, 89.504650, 79.400785, 88.495924, 89.303705, 87.305092, 98.954440, 86.128993, 108.914952, 85.290560, 118.862788, 84.588013, 128.835975, 84.175651, 138.838232, 84.161942, 148.756998, 84.506361, 158.717510, 85.360413, 168.351472, 86.544833, 178.269583, 87.659742, 188.488211, 88.697810, 198.600375, 89.610834, 208.579108, 89.895334, 218.725492, 89.750197, 229.074089, 88.217197, 239.119537, 85.027524, 249.096851, 78.817026, 257.815895, 69.689796, 263.040943
Type04, L, 270, 62.388214, 270.000000, 51.958778, 268.953218, 42.348391, 264.335984, 34.593176, 256.720341, 30.005388, 247.252301, 27.216335, 237.662121, 25.330114, 227.498633, 23.558314, 217.213005, 21.912639, 207.147263, 20.237788, 196.937103, 18.491096, 186.887554, 16.549969, 176.847203, 14.515379, 166.595682, 12.421814, 156.558957, 10.328250, 146.637858, 8.126075, 136.399642, 5.861980, 126.217536, 3.628845, 115.891751, 1.674851, 105.565966, 0.279142, 95.471430, 0.000000, 85.492518, 1.116568, 75.513606, 2.791419, 65.303445, 4.604721, 55.341002, 6.923599, 45.096254, 10.153112, 35.137661, 14.702303, 25.424345, 20.830559, 16.365099, 28.643586, 8.412501, 37.698595, 2.651848, 47.735319, 0.000000, 57.887667, 0.418713, 67.783007, 4.068869, 75.841310, 11.429317, 81.230832, 20.447684, 85.255605, 29.915724, 88.348410, 39.960167, 90.302404, 50.054703, 91.139829, 60.264864, 91.000258, 70.301588, 90.017451, 80.608033, 88.606552, 90.811902, 87.231843, 100.758633, 85.975704, 110.910982, 84.998708, 120.832082, 84.502345, 130.646273, 84.148416, 140.604865, 84.245365, 150.890493, 84.859137, 161.036790, 85.836133, 171.304763, 87.197977, 181.338582, 88.462292, 191.256295, 89.713741, 201.501044, 90.721117, 211.625096, 91.276454, 221.990540, 91.000258, 231.929793, 89.744120, 241.735269, 86.813130, 251.771993, 81.167790, 260.990390, 72.346807, 267.299097
Type04, L, 280, 63.971573, 280.000000, 53.190491, 278.670175, 43.131886, 274.278321, 35.275353, 266.276862, 30.515980, 256.527453, 27.179586, 246.147626, 24.916718, 235.637059, 23.096957, 224.670022, 21.662594, 214.314100, 20.157345, 203.721646, 18.337584, 193.450396, 16.292617, 182.767572, 14.189668, 172.265729, 11.953772, 162.050884, 9.700893, 151.959037, 7.662960, 141.662193, 5.590480, 131.488347, 3.751094, 121.232502, 1.959742, 110.758555, 0.584838, 99.818820, 0.000000, 89.636233, 0.415512, 78.282139, 1.687437, 67.780296, 4.059465, 57.778802, 7.262100, 47.227606, 10.897812, 37.012761, 15.127415, 27.043913, 20.411855, 17.280064, 28.054877, 8.657171, 37.468643, 2.906501, 47.910573, 0.000000, 58.243072, 0.106870, 68.668261, 3.893677, 77.134190, 11.519717, 83.227467, 20.832570, 87.628457, 30.805392, 90.976818, 41.180261, 92.807775, 51.173945, 93.509514, 61.486953, 93.762234, 72.152794, 93.227719, 82.683482, 92.247848, 93.418590, 91.127996, 103.399929, 89.894863, 113.955168, 88.847833, 124.580010, 87.908420, 134.677537, 87.273487, 145.542696, 87.208512, 155.857842, 87.488475, 166.419003, 88.328365, 176.980165, 89.311149, 187.755065, 90.591192, 198.133909, 91.827904, 208.721631, 92.843217, 218.932597, 93.647664, 229.670007, 93.778551, 240.674276, 92.527811, 251.372152, 90.008143, 261.469455, 83.998302, 270.891833, 74.760414, 277.050127
Type05, L, 240, 54.946163, 240.000000, 45.929457, 238.576356, 37.438413, 234.226983, 31.072515, 227.170807, 27.058915, 218.695486, 24.552035, 209.743928, 22.608476, 200.686786, 21.122520, 191.649010, 20.156130, 182.442903, 19.189740, 172.893688, 18.471663, 163.406893, 17.118905, 154.309920, 15.324181, 145.218182, 12.977235, 136.469551, 9.923705, 127.744423, 6.759649, 119.334250, 3.865559, 110.623950, 1.717346, 101.866935, 0.408071, 92.688486, 0.000000, 83.177182, 0.552223, 74.142629, 2.236816, 65.193576, 4.293553, 56.095998, 7.114503, 47.200598, 10.228313, 38.426505, 13.991965, 29.692848, 18.634199, 21.323111, 24.350254, 13.398165, 31.308810, 6.715720, 39.632950, 2.337135, 48.654818, 0.000000, 57.930795, 0.680467, 66.186255, 5.224858, 71.430959, 12.954564, 74.826182, 21.686025, 77.756198, 30.462314, 80.624521, 38.840180, 82.419245, 47.703179, 83.196094, 56.299366, 82.957767, 65.235202, 81.590911, 74.234995, 79.520076, 83.212364, 77.013419, 92.164014, 74.370960, 101.018978, 72.203124, 110.144471, 70.822567, 118.950286, 70.546456, 128.099209, 71.098679, 137.019393, 72.331369, 145.698155, 73.859792, 154.859762, 75.666756, 163.529390, 77.854612, 172.343918, 80.021258, 181.239318, 81.877453, 190.013411, 82.971468, 199.003208, 82.976596, 207.965953, 81.472081, 217.063530, 78.082160, 225.837623, 72.049558, 233.388838, 63.878191, 238.136248
Type05, L, 260, 57.703317, 260.000000, 48.571770, 257.818045, 40.097745, 252.180588, 34.159800, 243.671994, 30.472261, 234.459113, 28.086446, 225.135478, 26.075580, 215.622120, 24.634892, 205.418463, 23.351667, 195.580725, 22.407580, 185.701447, 21.361405, 176.071413, 19.970364, 166.399838, 17.887631, 156.645182, 15.154792, 146.843403, 12.059722, 137.343573, 9.056170, 128.006410, 6.077773, 118.617287, 3.365049, 109.076579, 1.113778, 99.427811, 0.000000, 89.359564, 0.031348, 79.646448, 0.971950, 70.320486, 2.673891, 60.872616, 5.300826, 51.296373, 8.482707, 41.874041, 12.314983, 32.368629, 16.648698, 23.070919, 21.684428, 14.063994, 28.916411, 6.548354, 37.757174, 1.678786, 47.179505, 0.000000, 56.518756, 1.113202, 65.608762, 5.948356, 72.373719, 13.989769, 76.357903, 23.079776, 79.688740, 32.792891, 82.381462, 42.376298, 84.792545, 52.000410, 86.210830, 61.918258, 86.654142, 71.811515, 86.210253, 82.147740, 84.930889, 91.653152, 82.806947, 101.237167, 80.395864, 110.626290, 78.268438, 120.132907, 76.392343, 129.550181, 75.148213, 138.911153, 74.867954, 148.519465, 75.715527, 158.746849, 76.991982, 168.723444, 78.977580, 178.171315, 81.105006, 187.560437, 83.171799, 197.251205, 85.001270, 206.881239, 86.352658, 216.080289, 86.778143, 225.704401, 85.734056, 235.231315, 82.635256, 244.570565, 76.572314, 252.902762, 67.750827, 258.085316
Type05, L, 280, 63.688820, 280.000000, 74.061814, 277.272550, 83.209514, 270.721449, 89.149923, 261.243537, 91.746522, 251.055355, 92.179289, 240.807419, 91.151296, 230.285762, 89.438434, 219.654269, 87.707367, 209.585592, 85.543534, 199.337656, 83.482120, 189.005046, 81.360124, 178.782033, 79.773313, 168.653602, 79.052035, 157.688636, 79.196291, 147.321195, 80.487781, 136.675313, 82.461011, 126.386823, 85.023765, 116.140584, 87.870720, 105.936596, 90.327159, 95.690357, 91.890778, 84.997046, 92.179289, 74.928368, 91.169500, 63.604886, 89.149923, 53.058187, 86.697579, 43.049262, 83.956723, 33.040337, 81.117508, 22.910398, 76.588987, 13.044422, 68.926093, 4.660250, 58.858170, 0.432767, 48.371224, 0.000000, 37.891616, 3.149085, 28.761416, 9.538429, 21.531289, 18.355368, 16.017729, 28.052338, 11.524211, 38.171822, 7.896226, 48.291307, 4.676256, 58.579797, 2.308089, 68.939853, 0.721278, 79.307294, 0.000000, 90.152755, 0.144256, 100.759207, 1.586811, 111.305905, 3.776136, 121.705038, 6.573590, 131.571014, 9.809377, 141.213175, 13.066031, 151.767732, 16.081992, 162.140725, 18.640436, 172.344712, 20.772798, 183.041453, 22.503864, 193.468647, 23.946419, 204.134850, 24.956208, 214.382786, 26.110252, 223.853937, 27.489349, 233.991152, 29.301765, 244.026134, 32.046716, 254.272373, 36.659740, 264.222851, 43.872366, 272.878033, 53.442581, 278.409093
Type05, L, 290, 67.529294, 290.000000, 57.243213, 288.717894, 47.168897, 283.376826, 39.476440, 274.529063, 34.578931, 264.424356, 31.328745, 253.799450, 28.861467, 243.089839, 26.972598, 232.380227, 25.305410, 221.501353, 24.114916, 210.791592, 22.839732, 199.616097, 21.359860, 188.737073, 19.232112, 177.929176, 16.918474, 167.395510, 13.737223, 156.742051, 10.146974, 145.856273, 6.651708, 135.135651, 3.681688, 124.352344, 1.446023, 113.589148, 0.144602, 102.756000, 0.000000, 92.761400, 0.723012, 80.850120, 2.511230, 70.296050, 5.061082, 59.543202, 8.242334, 49.249120, 12.007670, 38.675451, 16.484667, 28.241683, 22.168464, 18.392494, 29.787550, 9.471987, 39.353629, 3.087159, 50.123502, 0.000000, 60.417584, 0.578409, 70.889521, 5.167756, 79.242084, 13.318563, 84.611497, 23.227802, 88.168431, 33.725648, 91.099476, 44.200808, 93.413114, 54.974060, 95.587808, 65.727424, 96.717004, 76.733507, 96.745160, 87.273706, 95.555026, 97.940965, 92.955039, 108.692930, 89.942658, 119.254192, 86.906008, 129.847754, 84.565798, 140.652352, 83.072443, 151.107845, 82.567938, 163.125849, 83.435552, 174.737648, 84.912586, 185.566098, 87.113345, 196.360415, 89.508851, 206.937610, 92.065444, 217.652579, 94.280728, 228.184632, 96.015956, 238.957884, 97.028173, 250.509787, 96.538906, 261.168675, 93.991523, 271.397431, 87.804985, 281.003292, 78.238906, 287.388120
Type06, L, 230, 51.587545, 230.000000, 43.148304, 227.986719, 35.203072, 223.195967, 29.087161, 216.246975, 25.067775, 208.293616, 22.707376, 199.957489, 21.041213, 191.333800, 19.843754, 182.705349, 18.935451, 173.882768, 17.570038, 165.405221, 16.069668, 157.132289, 14.098864, 148.560429, 12.155007, 139.706691, 9.794608, 131.140514, 7.841747, 122.939985, 5.724489, 114.158072, 3.824189, 105.672033, 2.042469, 97.285591, 0.908402, 88.597192, 0.075321, 79.628430, 0.000000, 70.817850, 0.630709, 62.266027, 2.073035, 53.579363, 3.963036, 45.018649, 6.739975, 36.394961, 9.887971, 27.884301, 13.935132, 19.671731, 19.160449, 11.947168, 26.044952, 5.479206, 34.002447, 1.388470, 42.741160, 0.000000, 51.560500, 1.569695, 59.414041, 6.090909, 65.749936, 12.582776, 70.149347, 20.575082, 73.247672, 28.679908, 75.646244, 37.040890, 77.632002, 45.253461, 79.079245, 53.860827, 79.773479, 62.657053, 79.773479, 71.280742, 79.356939, 79.846918, 78.574094, 88.187010, 77.690775, 96.864247, 76.718846, 105.545448, 75.608070, 114.399186, 74.856656, 122.867321, 74.497295, 131.531540, 74.636142, 140.327765, 75.191530, 149.181503, 76.057338, 157.832304, 77.274234, 166.486394, 78.290152, 175.111459, 79.161011, 183.568033, 79.634632, 192.069899, 79.721018, 200.928522, 78.385010, 209.489814, 74.951811, 217.882338, 68.500694, 224.611150, 60.247456, 228.560131
Type06, L, 240, 54.019293, 240.000000, 44.933997, 238.105817, 36.691301, 233.335557, 30.322475, 226.124872, 26.658872, 217.888731, 23.945703, 208.944242, 21.888337, 199.810302, 20.204619, 191.526625, 18.661210, 182.719884, 17.258112, 173.506315, 15.714703, 164.467101, 14.016510, 155.799614, 12.206957, 146.911736, 10.216382, 138.249121, 8.143950, 130.131408, 5.893014, 121.188931, 3.755039, 112.211053, 1.824028, 103.284857, 0.561239, 94.245643, 0.000000, 85.380783, 0.000000, 76.748397, 0.594222, 68.293725, 1.884103, 59.641766, 3.648056, 50.967474, 6.146256, 42.050178, 9.086607, 33.357123, 12.786625, 24.746260, 17.362547, 16.381972, 23.566990, 8.774430, 31.323440, 3.227127, 39.897708, 0.280620, 49.111277, 0.000000, 57.894206, 3.103209, 65.361438, 9.447962, 70.648881, 17.401292, 74.644841, 25.964713, 77.354419, 34.910689, 79.322573, 43.192786, 80.663807, 52.420086, 81.319825, 61.606291, 81.519148, 70.504824, 81.099094, 79.618817, 80.282222, 88.630658, 79.275066, 97.755363, 78.152587, 106.968932, 77.030108, 116.531211, 76.188249, 125.396071, 75.907629, 134.493403, 76.072455, 143.912268, 76.468869, 153.036778, 77.451038, 162.075992, 78.433207, 171.231443, 79.573809, 180.246127, 80.629093, 189.720002, 81.379714, 198.814031, 81.320730, 207.928028, 79.718308, 216.826562, 76.415146, 225.601808, 70.624582, 233.216400, 62.630156, 238.124010
Type06, L, 250, 54.959028, 250.000000, 45.886384, 248.233964, 37.411072, 243.147782, 30.820322, 235.609810, 26.059259, 227.034111, 22.887821, 218.192476, 20.909862, 209.049190, 19.379887, 199.444877, 18.366770, 190.177406, 17.095225, 180.624471, 15.446351, 171.069408, 13.704436, 161.752687, 11.726476, 152.258274, 9.500573, 142.942224, 7.487991, 134.439873, 5.510031, 125.179544, 3.673354, 116.094780, 1.867675, 106.487625, 0.706414, 97.047432, 0.063467, 88.012040, 0.000000, 78.702339, 0.565131, 69.442011, 1.743726, 59.926237, 3.676191, 50.647064, 6.373591, 41.450653, 9.952970, 32.502526, 14.297284, 23.637161, 19.640618, 15.185604, 26.506724, 7.613084, 34.858379, 2.228369, 44.090646, 0.000000, 53.416725, 1.071429, 62.157947, 5.432884, 68.907010, 12.888361, 73.685214, 21.339918, 77.281718, 30.356613, 79.870290, 39.443075, 81.944052, 49.052833, 83.215598, 58.488725, 84.063295, 67.866096, 84.459220, 77.097717, 84.404813, 86.335509, 83.354326, 95.862967, 82.085335, 105.024451, 80.813789, 114.460343, 79.966092, 123.720672, 79.542244, 132.688393, 79.542244, 142.416892, 79.826918, 151.951812, 80.295133, 161.603412, 80.955072, 170.783089, 81.802769, 180.160460, 82.533572, 189.647835, 83.639446, 199.090765, 84.368823, 208.909654, 84.440371, 218.023304, 83.049540, 227.136954, 79.593707, 236.083639, 73.020804, 243.664700, 64.196820, 248.108916
Type06, L, 270, 60.894646, 270.000000, 50.926118, 268.935051, 41.414832, 264.293523, 33.829797, 256.424501, 29.253936, 247.162866, 26.390307, 237.821744, 24.402403, 227.841035, 22.698485, 218.095588, 21.151369, 207.537817, 19.931753, 197.652349, 18.436839, 187.642114, 16.765747, 177.673469, 14.987981, 167.580057, 12.758963, 157.623178, 10.236823, 147.351644, 7.451014, 137.466176, 4.949339, 127.739866, 2.677449, 117.641526, 0.973531, 107.660817, 0.121572, 96.856691, 0.000000, 86.666405, 0.831538, 76.718826, 2.212508, 66.562758, 4.249211, 56.594113, 7.115750, 46.750234, 10.345080, 36.972435, 14.325337, 27.187242, 19.451944, 17.800840, 26.586637, 9.246215, 35.473973, 3.198742, 45.382072, 0.000000, 55.577620, 0.433697, 65.029973, 4.632303, 72.680078, 12.349605, 78.385630, 21.537789, 82.442242, 31.132135, 85.424114, 41.142369, 87.483299, 51.152604, 88.691181, 61.661904, 89.235284, 72.545504, 89.151285, 82.802724, 88.660743, 92.857095, 87.589360, 102.940589, 86.448235, 112.960741, 85.033483, 122.784376, 84.039531, 132.706270, 83.102156, 142.575556, 82.723094, 152.752146, 82.903586, 162.295505, 83.558215, 173.105325, 84.605653, 183.240326, 85.753496, 193.333738, 86.935792, 203.177617, 88.100861, 213.146263, 89.009292, 222.591468, 89.293278, 232.572177, 88.358739, 242.677900, 85.317470, 252.298334, 79.383463, 261.308711, 70.711089, 267.373126
Type06, L, 280, 63.979033, 280.000000, 53.693381, 278.718015, 43.867838, 274.312649, 35.349118, 266.650791, 29.933370, 256.950733, 26.991155, 246.859472, 24.851912, 236.588569, 23.420896, 226.462889, 22.135603, 215.525172, 20.955331, 205.062360, 19.429553, 194.734879, 17.851293, 184.427487, 15.949117, 173.703464, 13.727064, 163.877921, 11.282017, 153.684726, 8.568621, 142.983626, 5.712414, 132.459987, 3.549905, 122.317028, 1.357959, 111.696750, 0.142810, 101.184840, 0.000000, 90.602047, 0.999672, 80.255871, 2.712666, 69.926717, 4.712741, 59.326901, 6.986267, 49.229927, 9.730446, 39.488041, 13.868077, 29.495185, 18.998205, 19.795127, 26.113323, 10.966284, 34.945361, 4.161824, 44.936614, 0.305944, 55.747115, 0.000000, 65.806429, 4.447444, 74.241365, 12.210594, 80.464970, 21.576027, 84.720909, 31.401570, 87.967027, 41.645394, 89.854344, 51.387281, 91.398619, 61.820971, 92.255481, 72.226302, 92.683912, 82.927403, 92.452516, 93.115486, 91.684240, 103.678911, 90.508392, 114.230558, 89.076980, 124.516210, 87.685550, 135.249827, 86.685878, 145.714312, 86.314804, 156.126076, 86.400257, 166.288358, 86.844778, 176.446412, 87.871760, 187.359487, 88.798261, 197.854281, 89.970516, 208.323759, 91.112998, 218.847398, 92.112671, 229.311883, 92.683912, 240.190446, 91.969861, 250.654931, 89.213179, 260.906699, 83.452657, 270.380290, 74.692385, 277.358009
Type07, L, 250, 59.273423, 250.000000, 49.766416, 248.687476, 40.739431, 244.850329, 33.178786, 237.972558, 28.665630, 229.225586, 25.676045, 220.340100, 23.595963, 210.771598, 21.784005, 201.584606, 20.213057, 192.450928, 18.858520, 182.930608, 17.618137, 173.311292, 15.987442, 163.676584, 14.159081, 154.489592, 12.120839, 145.622614, 9.560229, 136.559441, 7.238459, 127.583619, 5.046734, 118.621663, 2.878114, 109.474672, 1.355874, 100.167675, 0.246369, 90.780673, 0.000000, 81.120523, 0.682874, 71.805275, 2.048621, 62.659740, 4.390142, 53.312672, 7.511609, 44.255529, 11.335701, 35.223137, 15.821577, 26.311720, 20.994174, 17.724755, 27.502223, 9.850959, 35.592597, 3.672631, 44.659584, 0.341092, 53.793260, 0.000000, 63.073570, 2.502688, 71.010801, 8.664447, 76.899410, 16.874827, 80.639984, 25.941814, 82.918237, 35.048802, 84.130019, 44.331252, 84.812893, 53.307073, 85.446041, 62.569777, 85.768916, 72.220424, 85.593332, 82.383827, 84.706935, 91.330808, 83.583720, 100.449023, 82.660681, 109.704793, 82.491123, 119.079519, 82.491123, 129.243333, 82.764272, 139.294005, 82.764272, 149.344677, 82.965619, 158.839898, 83.091982, 167.426864, 83.310571, 176.328712, 83.993444, 185.757102, 84.717491, 195.547866, 85.474677, 204.814861, 85.847081, 214.841892, 85.067962, 224.068886, 82.276549, 233.415885, 76.814232, 241.882845, 68.770100, 247.609943
Type07, L, 270, 61.518723, 270.000000, 51.756336, 268.866936, 42.360839, 264.064466, 34.795658, 255.983378, 29.813281, 246.506333, 26.723065, 236.672968, 24.913691, 226.383598, 23.800230, 216.036578, 22.547586, 206.554327, 21.155760, 196.783819, 19.346386, 186.379147, 17.419791, 176.212868, 15.331611, 166.287418, 13.222350, 156.375808, 10.764643, 146.314221, 8.436586, 136.470302, 6.124036, 126.776028, 3.618748, 116.544310, 1.670192, 106.658500, 0.265356, 96.034719, 0.000000, 85.503247, 0.974278, 75.790391, 3.062018, 65.846929, 5.874407, 56.047559, 9.414341, 46.244405, 13.249527, 36.563549, 17.815377, 26.995504, 23.411198, 17.772555, 30.796389, 9.413085, 39.645047, 3.208898, 49.221546, 0.055285, 59.862838, 0.000000, 69.584460, 2.901673, 77.754090, 9.957842, 82.458143, 19.394105, 85.522879, 29.278789, 87.814432, 39.245005, 89.633615, 49.497672, 90.620241, 59.707390, 90.819792, 69.510544, 90.508579, 79.558291, 90.051163, 89.444473, 89.355250, 99.733842, 88.937702, 109.907909, 88.617550, 120.197702, 88.380971, 130.140741, 88.380971, 140.487761, 88.380971, 150.834782, 88.798519, 161.239455, 89.120768, 171.414813, 89.545489, 181.707154, 90.051163, 191.992261, 90.413198, 201.884180, 90.747076, 211.706230, 90.886259, 222.226205, 90.607893, 232.919134, 89.772798, 242.804945, 86.619316, 252.693635, 80.471285, 261.579451, 71.444174, 267.451229
Type07, L, 280, 62.331906, 280.000000, 52.366552, 278.378242, 42.356418, 273.562663, 34.505270, 265.429470, 29.866355, 255.854771, 26.905536, 245.701809, 25.384034, 235.227619, 24.114833, 224.490793, 22.767833, 213.797264, 21.381153, 203.479083, 19.602115, 193.039688, 17.627802, 182.828582, 15.512465, 172.091755, 13.256107, 161.646996, 10.839498, 151.227309, 8.602367, 141.166370, 6.204986, 130.780024, 3.948628, 120.452091, 1.692269, 110.240986, 0.282045, 99.796226, 0.000000, 89.117813, 1.003041, 78.463088, 3.243515, 68.403534, 6.063964, 57.841948, 9.307479, 47.922909, 12.977319, 37.438194, 17.448080, 27.326536, 23.115456, 17.710532, 30.801386, 9.178468, 40.148425, 3.243515, 50.009050, 0.141022, 60.512223, 0.000000, 70.545841, 3.630706, 78.737447, 11.540267, 83.857842, 21.032358, 87.730296, 31.391843, 90.113322, 41.509177, 91.874122, 52.317335, 92.792747, 62.573936, 92.933770, 72.726629, 92.540126, 83.726226, 91.805591, 93.849801, 90.807421, 104.156064, 89.789634, 114.763376, 88.985142, 124.950426, 88.167103, 135.564954, 87.856963, 146.073599, 87.433896, 156.343118, 87.304598, 167.593413, 87.514707, 178.242029, 88.280030, 189.079318, 89.549232, 199.699318, 90.836602, 210.353097, 91.954108, 220.919104, 92.651725, 231.500904, 92.889209, 241.968510, 91.946613, 252.332009, 88.844120, 262.893596, 82.496809, 272.104048, 73.145741, 277.929555
